val_idx,group_class,true_label,top_preds,payload
591,1st degree av block,1st degree av block,[],"{""mat_path"": ""C:\\Users\\nares\\Documents\\cvd-early-detection-ecg-uhull\\data\\china-physiological-signal-challenge-in-2018\\Training_WFDB\\A2365.mat"", ""target_label"": ""1st degree av block"", ""method_label"": ""LIME+TimeSHAP"", ""page_seconds"": 10.0, ""perlead_spans"": {""I"": [[0.0, 0.5, 0.2026824477005823], [0.5, 1.0, 0.20729163533943767], [1.0, 1.5, 0.20070313230308956], [1.5, 2.0, 0.09918191282603434], [6.0, 6.5, 0.2785203707783155], [6.5, 7.0, 0.32106276038695103], [7.0, 7.5, 0.35], [7.5, 8.0, 0.2735285629957144], [8.0, 8.5, 0.2702441819296545], [8.5, 9.0, 0.25830625484565506], [9.0, 9.5, 0.1992789372124703], [9.5, 10.0, 0.21571399047898332]], ""V1"": [[0.0, 0.5, 0.2919940124671849], [0.5, 1.0, 0.7501364556542953], [1.0, 1.5, 1.0], [1.5, 2.0, 0.2678923969198643], [6.0, 6.5, 0.29824833795709893], [6.5, 7.0, 0.30782158126349873], [7.0, 7.5, 0.2462725506823003], [7.5, 8.0, 0.7972744279971606], [8.0, 8.5, 0.8149524208765564], [8.5, 9.0, 0.3093852125239391], [9.0, 9.5, 0.32755999567013216], [9.5, 10.0, 0.7577205665413264]], ""V3"": [[0.0, 0.5, 0.19165694827065208], [0.5, 1.0, 0.6455520101471837], [1.0, 1.5, 0.8559304052602891], [1.5, 2.0, 0.35], [6.0, 6.5, 0.21338634500555578], [6.5, 7.0, 0.19486904454307968], [7.0, 7.5, 0.161210499474593], [7.5, 8.0, 0.7448679042195229], [8.0, 8.5, 0.6458093382199924], [8.5, 9.0, 0.2053305297616824], [9.0, 9.5, 0.2498818808938786], [9.5, 10.0, 0.6907804246835035]], ""V5"": [[0.0, 0.5, 0.1443813607201519], [0.5, 1.0, 0.6813757414408514], [1.0, 1.5, 0.8142160074784642], [1.5, 2.0, 0.23759979152394556], [6.0, 6.5, 0.3289059261574475], [6.5, 7.0, 0.35], [7.0, 7.5, 0.30449170328009606], [7.5, 8.0, 0.9329945039518129], [8.0, 8.5, 0.8620733708553118], [8.5, 9.0, 0.3214627217156428], [9.0, 9.5, 0.2926932882203657], [9.5, 10.0, 0.8088990142666251]], ""V6"": [[0.0, 0.5, 0.18258325298570602], [0.5, 1.0, 0.6402531605886503], [1.0, 1.5, 0.5973775003174338], [1.5, 2.0, 0.07584361963809685], [6.0, 6.5, 0.2444028595340413], [6.5, 7.0, 0.35], [7.0, 7.5, 0.26565547867477274], [7.5, 8.0, 0.8174640368387766], [8.0, 8.5, 0.9001082382676241], [8.5, 9.0, 0.25010348493900886], [9.0, 9.5, 0.21986404827146674], [9.5, 10.0, 0.536743281226111]], ""aVL"": [[0.5, 1.0, 0.255271588263231], [1.0, 1.5, 0.3056432501540088], [7.5, 8.0, 0.35], [8.0, 8.5, 0.32731546142283513], [9.5, 10.0, 0.30092635988971694]]}, ""lead_scores"": {""I"": 0.13899003381079916, ""V1"": 0.19176801428743906, ""V3"": 0.2009229695355635, ""V5"": 0.17434408728412898, ""V6"": 0.18942269238960457, ""aVL"": 0.10455220269246474}, ""top5_leads"": [""V1"", ""V5"", ""V3"", ""V6"", ""I""]}"
3754,1st degree av block,1st degree av block,[],"{""mat_path"": ""C:\\Users\\nares\\Documents\\cvd-early-detection-ecg-uhull\\data\\ptbxl-electrocardiography-database\\WFDB\\HR16163.mat"", ""target_label"": ""1st degree av block"", ""method_label"": ""LIME+TimeSHAP"", ""page_seconds"": 10.0, ""perlead_spans"": {""I"": [[0.0, 0.5, 0.12353379349534706], [0.5, 1.0, 0.14236943280107742], [1.0, 1.5, 0.1325358598165745], [1.5, 2.0, 0.07527659457872124], [5.5, 6.0, 0.09212978957356585], [6.0, 6.5, 0.2633144114141464], [6.5, 7.0, 0.22708974529270104], [7.0, 7.5, 0.18688328293113832], [7.5, 8.0, 0.2232119173542987], [8.0, 8.5, 0.295704884178198], [8.5, 9.0, 0.14087985286172683], [9.0, 9.5, 0.35]], ""V1"": [[0.0, 0.5, 0.18834240777500397], [0.5, 1.0, 0.19406601365271497], [1.0, 1.5, 0.7815004854303298], [1.5, 2.0, 0.1498713892433043], [5.5, 6.0, 0.1543044623255447], [6.0, 6.5, 0.30494282026076575], [6.5, 7.0, 0.7259322437416461], [7.0, 7.5, 0.9294575150438988], [7.5, 8.0, 0.9223922956600795], [8.0, 8.5, 0.6068045458302396], [8.5, 9.0, 0.35], [9.0, 9.5, 0.047448695347321546]], ""V2"": [[1.0, 1.5, 0.23520619957140135], [6.5, 7.0, 0.24488499112111128], [7.0, 7.5, 0.23538601654637312], [7.5, 8.0, 0.2518479132070844], [8.0, 8.5, 0.35]], ""V3"": [[0.0, 0.5, 0.15325204749649773], [0.5, 1.0, 0.151406850500301], [1.0, 1.5, 0.6564279199559742], [1.5, 2.0, 0.1680970069674084], [5.5, 6.0, 0.15075199043336596], [6.0, 6.5, 0.27991327117256176], [6.5, 7.0, 0.7180557116361252], [7.0, 7.5, 0.8748289063847476], [7.5, 8.0, 0.8826364661023851], [8.0, 8.5, 0.16580976109091067], [8.5, 9.0, 0.35], [9.0, 9.5, 0.328851946851399]], ""V5"": [[0.0, 0.5, 0.08138442344274707], [0.5, 1.0, 0.06183528337300156], [1.0, 1.5, 0.12577882091016798], [1.5, 2.0, 0.10297528029131577], [5.5, 6.0, 0.16042443443113827], [6.0, 6.5, 0.2757514563920168], [6.5, 7.0, 0.1897305406446633], [7.0, 7.5, 0.23636997793196635], [7.5, 8.0, 0.20012872947204882], [8.5, 9.0, 0.35], [9.0, 9.5, 0.2213740329646521]], ""V6"": [[1.0, 1.5, 0.17635008644540628], [6.5, 7.0, 0.1417737055079924], [7.0, 7.5, 0.12181502020542512], [7.5, 8.0, 0.21757586987192118], [8.0, 8.5, 0.35]], ""aVL"": [[0.0, 0.5, 0.102584842620725], [0.5, 1.0, 0.19352096510395853], [1.0, 1.5, 0.7798877523443629], [1.5, 2.0, 0.20422024113799422], [5.5, 6.0, 0.13329844261670512], [6.0, 6.5, 0.2501110675625569], [6.5, 7.0, 0.7612743302353608], [7.0, 7.5, 0.9748868121876271], [7.5, 8.0, 0.7779482536711365], [8.0, 8.5, 0.5450415021068552], [8.5, 9.0, 0.2792316407595268], [9.0, 9.5, 0.04411309107037646]]}, ""lead_scores"": {""I"": 0.09720807200242182, ""V1"": 0.19498595235528834, ""V2"": 0.0816767355668177, ""V3"": 0.22994348038788406, ""V5"": 0.11959949342789346, ""V6"": 0.08100829078367694, ""aVL"": 0.19557797547601768}, ""top5_leads"": [""V1"", ""aVL"", ""V3"", ""I"", ""V5""]}"
423,atrial fibrillation,atrial fibrillation,[],"{""mat_path"": ""C:\\Users\\nares\\Documents\\cvd-early-detection-ecg-uhull\\data\\china-physiological-signal-challenge-in-2018\\Training_WFDB\\A0518.mat"", ""target_label"": ""atrial fibrillation"", ""method_label"": ""LIME+TimeSHAP"", ""page_seconds"": 10.0, ""perlead_spans"": {""I"": [[0.0, 0.5, 0.17450433014360658], [0.5, 1.0, 0.2221390977057466], [1.0, 1.5, 0.264531891296598], [1.5, 2.0, 0.24073824758515797], [2.0, 2.5, 0.223337412245354], [4.5, 5.0, 0.25894028287415616], [5.5, 6.0, 0.24986641761462017], [6.0, 6.5, 0.35], [8.0, 8.5, 0.10134295224211559], [8.5, 9.0, 0.21625023058441634], [9.0, 9.5, 0.26072260751079307], [9.5, 10.0, 0.28837656629344766]], ""II"": [[0.0, 0.5, 0.1717073134734275], [0.5, 1.0, 0.2085502386106665], [1.0, 1.5, 0.2814093457035859], [1.5, 2.0, 0.35], [2.0, 2.5, 0.3026365398632245], [4.5, 5.0, 0.31119491511222414], [5.5, 6.0, 0.09689285342566695], [6.0, 6.5, 0.21211327330541535], [8.0, 8.5, 0.31561190671914907], [8.5, 9.0, 0.22364428116163368], [9.0, 9.5, 0.29473013726282105], [9.5, 10.0, 0.2857515970795118]], ""V1"": [[0.0, 0.5, 0.20111106258970984], [0.5, 1.0, 0.27487701004116705], [1.0, 1.5, 0.32039124018882104], [1.5, 2.0, 0.3064882649306248], [2.0, 2.5, 0.30713551009774165], [4.5, 5.0, 0.3329806905714089], [5.5, 6.0, 0.17275035071875355], [6.0, 6.5, 0.2460263297340562], [8.0, 8.5, 0.09930048987071945], [8.5, 9.0, 0.23388337732944], [9.0, 9.5, 0.26690599510890795], [9.5, 10.0, 0.35]], ""V2"": [[0.0, 0.5, 0.8096710320059017], [0.5, 1.0, 0.8460682603035419], [1.0, 1.5, 0.2995812907081412], [1.5, 2.0, 0.299490430998845], [2.0, 2.5, 0.943842558292639], [4.5, 5.0, 1.0], [5.5, 6.0, 0.16279522222601556], [6.0, 6.5, 0.14619704329052763], [8.0, 8.5, 0.20488846700268082], [8.5, 9.0, 0.22203372668128488], [9.0, 9.5, 0.307764136239537], [9.5, 10.0, 0.9046626422366791]], ""V3"": [[0.0, 0.5, 0.29711688875772424], [0.5, 1.0, 0.28645727608328725], [2.0, 2.5, 0.26114314837170727], [4.5, 5.0, 0.29039411377278695], [9.5, 10.0, 0.35]], ""V6"": [[0.0, 0.5, 0.13168605704946235], [0.5, 1.0, 0.23930624008908077], [2.0, 2.5, 0.3072103322385394], [4.5, 5.0, 0.35], [9.5, 10.0, 0.32752934439829773]], ""aVF"": [[0.0, 0.5, 0.05648258604479446], [0.5, 1.0, 0.06923146335947988], [1.0, 1.5, 0.06640686492007959], [1.5, 2.0, 0.10657855157538278], [2.0, 2.5, 0.1003800857671273], [4.5, 5.0, 0.09220076148948425], [5.5, 6.0, 0.30696934007590576], [6.0, 6.5, 0.35], [8.0, 8.5, 0.13618770431795515], [8.5, 9.0, 0.0355180638106513], [9.0, 9.5, 0.036845200711546115], [9.5, 10.0, 0.05411260793418965]], ""aVL"": [[0.0, 0.5, 0.14246137252342886], [0.5, 1.0, 0.1932432535751415], [2.0, 2.5, 0.26973248148554096], [4.5, 5.0, 0.30919371722432293], [9.5, 10.0, 0.35]], ""aVR"": [[0.0, 0.5, 0.3371912730945236], [0.5, 1.0, 0.33631697330183696], [2.0, 2.5, 0.2865760501196596], [4.5, 5.0, 0.32511481533823544], [9.5, 10.0, 0.35]]}, ""lead_scores"": {""I"": 0.15067863219666136, ""II"": 0.08768718154974113, ""V1"": 0.10190714163267144, ""V2"": 0.18042192406870172, ""V3"": 0.10503147248646741, ""V6"": 0.1224717901102882, ""aVF"": 0.07631161560644621, ""aVL"": 0.09420113128166602, ""aVR"": 0.08128911106735649}, ""top5_leads"": [""V2"", ""V1"", ""II"", ""I"", ""aVR""]}"
844,atrial fibrillation,atrial fibrillation,[],"{""mat_path"": ""C:\\Users\\nares\\Documents\\cvd-early-detection-ecg-uhull\\data\\china-physiological-signal-challenge-in-2018\\Training_WFDB\\A4874.mat"", ""target_label"": ""atrial fibrillation"", ""method_label"": ""LIME+TimeSHAP"", ""page_seconds"": 10.0, ""perlead_spans"": {""I"": [[0.0, 0.5, 0.35], [0.5, 1.0, 0.29018579391179594], [1.0, 1.5, 0.18210322182280808], [2.0, 2.5, 0.166924973726595], [4.0, 4.5, 0.3074551947075502]], ""II"": [[0.0, 0.5, 0.6381534599795433], [0.5, 1.0, 0.5978287249660168], [1.0, 1.5, 0.7336586731034174], [1.5, 2.0, 0.307029486528075], [2.0, 2.5, 0.3161530063190618], [2.5, 3.0, 0.18216474888046733], [3.0, 3.5, 0.11828332758727035], [4.0, 4.5, 0.35], [4.5, 5.0, 0.2501491835917765], [5.0, 5.5, 0.27278842447475526], [5.5, 6.0, 0.17318585924051036], [6.0, 6.5, 0.06366517291639949], [8.0, 8.5, 0.29421330006766844], [9.0, 9.5, 0.35]], ""V2"": [[0.0, 0.5, 0.8756452357542488], [0.5, 1.0, 0.932730099289356], [1.0, 1.5, 0.8774478254669965], [1.5, 2.0, 0.26022293273256775], [2.0, 2.5, 0.2716026673549701], [2.5, 3.0, 0.22767409908975386], [3.0, 3.5, 0.21615142198107032], [4.0, 4.5, 0.21060406688628527], [4.5, 5.0, 0.27356681916807996], [5.0, 5.5, 0.3094741936363239], [5.5, 6.0, 0.302521073999113], [6.0, 6.5, 0.33551765177674964], [8.0, 8.5, 0.33579258238585136], [9.0, 9.5, 0.35]], ""V3"": [[0.0, 0.5, 1.0], [0.5, 1.0, 0.9279356076748513], [1.0, 1.5, 0.6512130984967059], [1.5, 2.0, 0.16484924941385648], [2.0, 2.5, 0.09823400135569554], [2.5, 3.0, 0.1994318438301773], [3.0, 3.5, 0.18868216741825083], [4.0, 4.5, 0.13660501724605048], [4.5, 5.0, 0.2070748098776123], [5.0, 5.5, 0.20485133373561124], [5.5, 6.0, 0.17835540104193054], [6.0, 6.5, 0.1808521881923748], [8.0, 8.5, 0.23919959741498037], [9.0, 9.5, 0.13772523342100534]], ""aVF"": [[0.0, 0.5, 0.14028229043940202], [0.5, 1.0, 0.17910648567195278], [1.0, 1.5, 0.2658374295633364], [1.5, 2.0, 0.2045881568149428], [2.5, 3.0, 0.18520505666477508], [3.0, 3.5, 0.1411735689800845], [4.5, 5.0, 0.2580355085201285], [5.0, 5.5, 0.16219775048775817], [5.5, 6.0, 0.035744184958430146], [6.0, 6.5, 0.1286971367350243], [8.0, 8.5, 0.19969507124684646], [9.0, 9.5, 0.35]], ""aVL"": [[0.0, 0.5, 0.19437400811641758], [0.5, 1.0, 0.2602091659071559], [1.0, 1.5, 0.29370835320855637], [1.5, 2.0, 0.2180684888137155], [2.5, 3.0, 0.16014112440347586], [3.0, 3.5, 0.1706309532060796], [4.5, 5.0, 0.29399805113131705], [5.0, 5.5, 0.35], [5.5, 6.0, 0.22770352039287034], [6.0, 6.5, 0.05458587042973338], [8.0, 8.5, 0.2130613168758166], [9.0, 9.5, 0.17895508239575336]], ""aVR"": [[0.0, 0.5, 0.35], [0.5, 1.0, 0.3073956913132279], [1.0, 1.5, 0.2551460485039542], [2.0, 2.5, 0.2511450689690382], [4.0, 4.5, 0.22056054810375367]]}, ""lead_scores"": {""I"": 0.12495069276266506, ""II"": 0.21370160963477164, ""V2"": 0.21950241339826854, ""V3"": 0.16997451182675816, ""aVF"": 0.10627752701473431, ""aVL"": 0.07753411305374092, ""aVR"": 0.08805913230906139}, ""top5_leads"": [""V2"", ""II"", ""V3"", ""aVL"", ""aVF""]}"
2104,atrial flutter,atrial flutter,[],"{""mat_path"": ""C:\\Users\\nares\\Documents\\cvd-early-detection-ecg-uhull\\data\\ptbxl-electrocardiography-database\\WFDB\\HR00020.mat"", ""target_label"": ""atrial flutter"", ""method_label"": ""LIME+TimeSHAP"", ""page_seconds"": 10.0, ""perlead_spans"": {""I"": [[0.5, 1.0, 0.15966461136946078], [1.0, 1.5, 0.27807811262178855], [1.5, 2.0, 0.23819828447595842], [3.0, 3.5, 0.11510716420031941], [3.5, 4.0, 0.11060508575364014], [4.5, 5.0, 0.35], [5.0, 5.5, 0.09914452061130402], [5.5, 6.0, 0.07810435319619255], [6.0, 6.5, 0.0803996384663307], [6.5, 7.0, 0.14688938587008787], [7.0, 7.5, 0.21792819075654923], [8.0, 8.5, 0.20945432014297488]], ""II"": [[0.5, 1.0, 0.2150823811646099], [1.0, 1.5, 0.7661622193844378], [1.5, 2.0, 0.583593537624453], [3.0, 3.5, 0.05885209881939569], [3.5, 4.0, 0.1611508834207165], [4.0, 4.5, 0.23302541199919366], [4.5, 5.0, 1.0], [5.0, 5.5, 0.11260067963588526], [5.5, 6.0, 0.14404867118434478], [6.0, 6.5, 0.11310724428444438], [6.5, 7.0, 0.2124321841730267], [7.0, 7.5, 0.22536941229071772], [7.5, 8.0, 0.20281944991693418], [8.0, 8.5, 0.2853627951794506]], ""III"": [[1.0, 1.5, 0.283819320662535], [1.5, 2.0, 0.2422424836376355], [4.0, 4.5, 0.33440656352300413], [4.5, 5.0, 0.35], [7.5, 8.0, 0.276674093235673]], ""V2"": [[0.5, 1.0, 0.17165537640536999], [1.0, 1.5, 0.7024170235045905], [1.5, 2.0, 0.5549414372977277], [3.0, 3.5, 0.10608234718018744], [3.5, 4.0, 0.15461584420680097], [4.0, 4.5, 0.23751340645474514], [4.5, 5.0, 1.0], [5.0, 5.5, 0.18590896296313525], [5.5, 6.0, 0.20928302188186013], [6.0, 6.5, 0.2532256920131482], [6.5, 7.0, 0.2694561598998765], [7.0, 7.5, 0.26454489623582994], [7.5, 8.0, 0.14952185573102053], [8.0, 8.5, 0.231142646558215]], ""V3"": [[1.0, 1.5, 0.2707322377841571], [1.5, 2.0, 0.22104091078262403], [4.0, 4.5, 0.34532557556498955], [4.5, 5.0, 0.35], [7.5, 8.0, 0.189586802686662]], ""V6"": [[0.5, 1.0, 0.050988876420754364], [1.0, 1.5, 0.7102300716329939], [1.5, 2.0, 0.5680399988201945], [3.0, 3.5, 0.021958810116218825], [3.5, 4.0, 0.08558618910024753], [4.0, 4.5, 0.18945492263765193], [4.5, 5.0, 0.9890582733383132], [5.0, 5.5, 0.24039203865859038], [5.5, 6.0, 0.2780748898255758], [6.0, 6.5, 0.35], [6.5, 7.0, 0.32406221816774655], [7.0, 7.5, 0.3150313333503898], [7.5, 8.0, 0.10822570837285073], [8.0, 8.5, 0.15704661585424354]], ""aVR"": [[0.5, 1.0, 0.20631002546965596], [1.0, 1.5, 0.270162395964463], [1.5, 2.0, 0.22852982481216344], [3.0, 3.5, 0.12212646361188652], [3.5, 4.0, 0.17052981383386343], [4.5, 5.0, 0.35], [5.0, 5.5, 0.18571328436724524], [5.5, 6.0, 0.1515575436204453], [6.0, 6.5, 0.1411879002236129], [6.5, 7.0, 0.18532855414928073], [7.0, 7.5, 0.17713528472974438], [8.0, 8.5, 0.22414761841926256]]}, ""lead_scores"": {""I"": 0.11533375006173766, ""II"": 0.20443417886394005, ""III"": 0.08517080318783585, ""V2"": 0.18439351660301978, ""V3"": 0.1263675771081787, ""V6"": 0.19681242100901736, ""aVR"": 0.08748775316627058}, ""top5_leads"": [""V2"", ""V6"", ""II"", ""aVR"", ""I""]}"
3234,atrial flutter,atrial flutter,[],"{""mat_path"": ""C:\\Users\\nares\\Documents\\cvd-early-detection-ecg-uhull\\data\\ptbxl-electrocardiography-database\\WFDB\\HR10986.mat"", ""target_label"": ""atrial flutter"", ""method_label"": ""LIME+TimeSHAP"", ""page_seconds"": 10.0, ""perlead_spans"": {""I"": [[0.5, 1.0, 0.16498732849381234], [1.0, 1.5, 0.35], [1.5, 2.0, 0.2962692067762587], [2.0, 2.5, 0.24875228181206718], [2.5, 3.0, 0.17848865628365213], [3.5, 4.0, 0.06305638314926658], [5.0, 5.5, 0.2693940643263644], [5.5, 6.0, 0.20302945706987102], [6.0, 6.5, 0.1786055209571239], [6.5, 7.0, 0.20051110325047133], [7.0, 7.5, 0.18363953293859756], [8.0, 8.5, 0.17902744621754146]], ""II"": [[0.5, 1.0, 0.22861219318717146], [1.0, 1.5, 0.35], [1.5, 2.0, 0.32314290728901085], [2.0, 2.5, 0.2582782872553942], [2.5, 3.0, 0.16458773627435982], [3.5, 4.0, 0.18474587133549614], [5.0, 5.5, 0.24607923976318818], [5.5, 6.0, 0.23937696444448628], [6.0, 6.5, 0.3023298977824141], [6.5, 7.0, 0.30225853660339624], [7.0, 7.5, 0.3143109598251466], [8.0, 8.5, 0.21846763821205728]], ""III"": [[1.0, 1.5, 0.32014386712424675], [1.5, 2.0, 0.22912321374114655], [4.0, 4.5, 0.2678185629179749], [4.5, 5.0, 0.35], [5.0, 5.5, 0.13203032720697194]], ""V2"": [[0.5, 1.0, 0.23006296176192384], [1.0, 1.5, 0.9326793712931797], [1.5, 2.0, 0.785476558530754], [2.0, 2.5, 0.2613044331188953], [2.5, 3.0, 0.19629914340113291], [3.5, 4.0, 0.1405655935980976], [4.0, 4.5, 0.26274071279678796], [4.5, 5.0, 0.35], [5.0, 5.5, 0.74703106310701], [5.5, 6.0, 0.24858412884787878], [6.0, 6.5, 0.27548802406838613], [6.5, 7.0, 0.2725519108211052], [7.0, 7.5, 0.294954753284429], [8.0, 8.5, 0.2291891343071946]], ""V3"": [[1.0, 1.5, 0.35], [1.5, 2.0, 0.2393694023801249], [4.0, 4.5, 0.2497828192243198], [4.5, 5.0, 0.34519972332715915], [5.0, 5.5, 0.16297236656439681]], ""V5"": [[1.0, 1.5, 0.3390950303717369], [1.5, 2.0, 0.24127171436638295], [4.0, 4.5, 0.23871788838552638], [4.5, 5.0, 0.35], [5.0, 5.5, 0.06374599100056322]], ""V6"": [[1.0, 1.5, 0.28341290227364846], [1.5, 2.0, 0.25072098996855746], [4.0, 4.5, 0.2468142709241748], [4.5, 5.0, 0.35], [5.0, 5.5, 0.24412928283458166]], ""aVL"": [[0.5, 1.0, 0.20836781322374626], [1.0, 1.5, 0.35], [1.5, 2.0, 0.2324336005427366], [2.0, 2.5, 0.2147001302255944], [2.5, 3.0, 0.09337181941531046], [3.5, 4.0, 0.07047237969728398], [5.0, 5.5, 0.15722780316440396], [5.5, 6.0, 0.12108256848540615], [6.0, 6.5, 0.14770442299144565], [6.5, 7.0, 0.14182111136237804], [7.0, 7.5, 0.16588132315442258], [8.0, 8.5, 0.17132204321618227]], ""aVR"": [[0.5, 1.0, 0.2070638737622766], [1.0, 1.5, 0.35], [1.5, 2.0, 0.28941124312440214], [2.0, 2.5, 0.23146440684468195], [2.5, 3.0, 0.19360334735800774], [3.5, 4.0, 0.1000415895331621], [5.0, 5.5, 0.251879951072564], [5.5, 6.0, 0.19786651840571784], [6.0, 6.5, 0.16172797964987295], [6.5, 7.0, 0.20959589117128977], [7.0, 7.5, 0.17364796123373774], [8.0, 8.5, 0.19529194413691478]]}, ""lead_scores"": {""I"": 0.14476985453835003, ""II"": 0.10536427687310282, ""III"": 0.0852264007099641, ""V2"": 0.16877470135488948, ""V3"": 0.14100205543392788, ""V5"": 0.08083137643836362, ""V6"": 0.1061408740064917, ""aVL"": 0.07468796928928832, ""aVR"": 0.09320249135562202}, ""top5_leads"": [""V2"", ""II"", ""aVR"", ""I"", ""aVL""]}"
148,bradycardia,bradycardia,[],"{""mat_path"": ""C:\\Users\\nares\\Documents\\cvd-early-detection-ecg-uhull\\data\\china-12lead-ecg-challenge-database\\Training_2\\Q1465.mat"", ""target_label"": ""bradycardia"", ""method_label"": ""LIME+TimeSHAP"", ""page_seconds"": 10.0, ""perlead_spans"": {""I"": [[0.0, 0.5, 0.16013798262802414], [0.5, 1.0, 0.1936153183014837], [1.5, 2.0, 0.21988392981757102], [3.0, 3.5, 0.14636394628217103], [4.5, 5.0, 0.14675125657193844], [5.0, 5.5, 0.35], [5.5, 6.0, 0.1649187352675709], [6.0, 6.5, 0.20271301789747317], [6.5, 7.0, 0.28958864922153116], [8.0, 8.5, 0.2519855728528169], [8.5, 9.0, 0.18859665338868425], [9.5, 10.0, 0.10213552785227745]], ""II"": [[5.0, 5.5, 0.22355397440633024], [5.5, 6.0, 0.35], [6.0, 6.5, 0.3037468792786762], [7.0, 7.5, 0.27543479757628797], [9.0, 9.5, 0.06708242113611734]], ""V2"": [[5.0, 5.5, 0.25068105654364004], [5.5, 6.0, 0.30612599894740167], [6.0, 6.5, 0.35], [7.0, 7.5, 0.28152212960829626], [9.0, 9.5, 0.06468509413665746]], ""V5"": [[0.0, 0.5, 0.2714872475135358], [0.5, 1.0, 0.2445931594768858], [1.5, 2.0, 0.050059864188391076], [3.0, 3.5, 0.046134742567765605], [4.5, 5.0, 0.10152740621553435], [5.0, 5.5, 0.5726550347604135], [5.5, 6.0, 0.701623107129564], [6.0, 6.5, 0.7985787407954712], [6.5, 7.0, 0.06587647001976192], [7.0, 7.5, 0.09756463205881818], [8.0, 8.5, 0.2884706574479649], [8.5, 9.0, 0.2207679108481048], [9.0, 9.5, 0.35], [9.5, 10.0, 0.35]], ""V6"": [[0.0, 0.5, 0.1171218766498714], [0.5, 1.0, 0.13534376030058295], [1.5, 2.0, 0.048237701078556135], [3.0, 3.5, 0.13131754311968813], [5.0, 5.5, 0.7161247274046922], [5.5, 6.0, 0.7906652042065632], [6.0, 6.5, 0.9954326731528493], [6.5, 7.0, 0.21101749082168525], [7.0, 7.5, 0.281163116915971], [8.5, 9.0, 0.13407580426342017], [9.0, 9.5, 0.19428941330047267], [9.5, 10.0, 0.2862049233280998]], ""aVF"": [[0.0, 0.5, 0.030575748783186123], [0.5, 1.0, 0.02266969641006114], [1.5, 2.0, 0.025300591309783793], [3.0, 3.5, 0.0580060297616085], [4.5, 5.0, 0.07342860588012151], [5.0, 5.5, 0.7780648737104322], [5.5, 6.0, 1.0], [6.0, 6.5, 0.7407176176022824], [6.5, 7.0, 0.10789265514514215], [7.0, 7.5, 0.19409207069851803], [8.0, 8.5, 0.02768332015920342], [8.5, 9.0, 0.08929260152518356], [9.0, 9.5, 0.08380506439924593], [9.5, 10.0, 0.03032616175144011]], ""aVR"": [[0.0, 0.5, 0.1998999687971425], [0.5, 1.0, 0.21337651835784974], [1.5, 2.0, 0.1943191430289428], [3.0, 3.5, 0.23989872472859328], [4.5, 5.0, 0.21760390121691145], [5.0, 5.5, 0.30688410388882675], [5.5, 6.0, 0.3062409153917071], [6.0, 6.5, 0.35], [6.5, 7.0, 0.3258200915047818], [8.0, 8.5, 0.23263356921749603], [8.5, 9.0, 0.1904496574512879], [9.5, 10.0, 0.19729646962677438]]}, ""lead_scores"": {""I"": 0.0835681360580804, ""II"": 0.0895752258437237, ""V2"": 0.07935730590555849, ""V5"": 0.1979299568767714, ""V6"": 0.25401536214247816, ""aVF"": 0.20193377794758408, ""aVR"": 0.09362023522580377}, ""top5_leads"": [""V5"", ""V6"", ""aVF"", ""aVR"", ""I""]}"
343,bradycardia,bradycardia,[],"{""mat_path"": ""C:\\Users\\nares\\Documents\\cvd-early-detection-ecg-uhull\\data\\china-12lead-ecg-challenge-database\\Training_2\\Q3322.mat"", ""target_label"": ""bradycardia"", ""method_label"": ""LIME+TimeSHAP"", ""page_seconds"": 10.0, ""perlead_spans"": {""I"": [[0.0, 0.5, 0.2521076281458529], [0.5, 1.0, 0.20150572614925413], [1.5, 2.0, 0.2058694870611319], [3.0, 3.5, 0.21956912078866642], [4.5, 5.0, 0.17476656668184973], [5.0, 5.5, 0.1693500072868569], [5.5, 6.0, 0.273863643865152], [6.0, 6.5, 0.3493615240753182], [6.5, 7.0, 0.33706897733660557], [8.0, 8.5, 0.317939403818313], [8.5, 9.0, 0.35], [9.5, 10.0, 0.2431786386932609]], ""II"": [[5.0, 5.5, 0.23598968693954708], [5.5, 6.0, 0.35], [6.5, 7.0, 0.19938821077665628], [7.0, 7.5, 0.17953870737569355], [9.0, 9.5, 0.22380979429772938]], ""V1"": [[5.0, 5.5, 0.07692333854968303], [5.5, 6.0, 0.06466228951215784], [6.5, 7.0, 0.35], [7.0, 7.5, 0.2932853770265108], [9.0, 9.5, 0.21303037006482128]], ""V3"": [[5.0, 5.5, 0.17664664729715876], [5.5, 6.0, 0.26065519861673847], [6.5, 7.0, 0.35], [7.0, 7.5, 0.31627226255575613], [9.0, 9.5, 0.3414991386839987]], ""V5"": [[0.0, 0.5, 0.2717763512806452], [0.5, 1.0, 0.11299370158281284], [1.5, 2.0, 0.23440514563153841], [3.0, 3.5, 0.17461283931240176], [4.5, 5.0, 0.16732239407826588], [5.0, 5.5, 0.14427051852761852], [5.5, 6.0, 0.05927944217480552], [6.0, 6.5, 0.35], [6.5, 7.0, 0.25006003341570915], [8.0, 8.5, 0.2815702652576555], [8.5, 9.0, 0.2557544951227393], [9.5, 10.0, 0.17344200598507123]], ""V6"": [[0.5, 1.0, 0.057922272837803754], [1.5, 2.0, 0.35], [3.0, 3.5, 0.025948439132379604], [4.5, 5.0, 0.247903736885925], [5.0, 5.5, 0.717651214964347], [5.5, 6.0, 0.7034934235903235], [6.0, 6.5, 0.1484790203987826], [6.5, 7.0, 0.47462894150025325], [7.0, 7.5, 0.35], [8.0, 8.5, 0.07989258254211914], [8.5, 9.0, 0.040562940388081885], [9.0, 9.5, 0.10057026510601993], [9.5, 10.0, 0.02097025646956027]], ""aVL"": [[0.0, 0.5, 0.1304771752804149], [0.5, 1.0, 0.06343808918602216], [1.5, 2.0, 0.17499096767403863], [3.0, 3.5, 0.07867179990714977], [4.5, 5.0, 0.13443204204127412], [5.0, 5.5, 0.49091212676022294], [5.5, 6.0, 0.5872317447760852], [6.0, 6.5, 0.3405893499564374], [6.5, 7.0, 0.9913519793008607], [7.0, 7.5, 0.35], [8.0, 8.5, 0.30257267758814643], [8.5, 9.0, 0.2307094954965222], [9.0, 9.5, 0.3136555801677236], [9.5, 10.0, 0.09782233356106272]], ""aVR"": [[0.0, 0.5, 0.23506957528793912], [0.5, 1.0, 0.2073176622424318], [1.5, 2.0, 0.285682878326524], [3.0, 3.5, 0.18667233340995082], [4.5, 5.0, 0.20563908902262826], [5.0, 5.5, 0.27129621086775596], [5.5, 6.0, 0.35], [6.0, 6.5, 0.12568951206376647], [6.5, 7.0, 0.1638308208253285], [8.0, 8.5, 0.20025756816653653], [8.5, 9.0, 0.23011937307411415], [9.5, 10.0, 0.23034433746307809]]}, ""lead_scores"": {""I"": 0.1114829183611437, ""II"": 0.09243208925809039, ""V1"": 0.0870919070288016, ""V3"": 0.11829084440234065, ""V5"": 0.09879054036797907, ""V6"": 0.19573471327249092, ""aVL"": 0.19125885491160974, ""aVR"": 0.10491813239754394}, ""top5_leads"": [""aVL"", ""V6"", ""I"", ""aVR"", ""V5""]}"
3364,complete right bundle branch block,complete right bundle branch block,[],"{""mat_path"": ""C:\\Users\\nares\\Documents\\cvd-early-detection-ecg-uhull\\data\\ptbxl-electrocardiography-database\\WFDB\\HR12394.mat"", ""target_label"": ""complete right bundle branch block"", ""method_label"": ""LIME+TimeSHAP"", ""page_seconds"": 10.0, ""perlead_spans"": {""I"": [[1.5, 2.0, 0.16392770024628592], [2.0, 2.5, 0.3257184807999823], [2.5, 3.0, 0.16135530870004153], [3.0, 3.5, 0.17246872085426965], [4.5, 5.0, 0.18699821885646048], [5.0, 5.5, 0.35], [5.5, 6.0, 0.32202523317385245], [6.0, 6.5, 0.307354315802829], [6.5, 7.0, 0.22086128226315202], [7.0, 7.5, 0.23876299232755419], [8.0, 8.5, 0.12763123968935997], [8.5, 9.0, 0.047907254962003015]], ""II"": [[1.5, 2.0, 0.35], [2.0, 2.5, 0.2453280726511628], [2.5, 3.0, 0.23962678768799983], [4.5, 5.0, 0.04515799735785756], [5.0, 5.5, 0.22933421397945972], [5.5, 6.0, 0.20815484978936627], [6.0, 6.5, 0.09948868049696684], [6.5, 7.0, 0.07200596726685894], [7.0, 7.5, 0.16796228080476786], [8.5, 9.0, 0.22825528558574376]], ""III"": [[2.0, 2.5, 0.274385804636107], [5.0, 5.5, 0.18707258423003864], [6.0, 6.5, 0.35], [6.5, 7.0, 0.2504602985719403], [7.5, 8.0, 0.32526173618571497]], ""V2"": [[1.5, 2.0, 0.26602391743538767], [2.0, 2.5, 1.0], [2.5, 3.0, 0.25957510001069806], [3.0, 3.5, 0.1826616742779283], [4.5, 5.0, 0.17220145227798592], [5.0, 5.5, 0.8915265633836728], [5.5, 6.0, 0.2825488654660363], [6.0, 6.5, 0.7758343675396221], [6.5, 7.0, 0.8478599688292435], [7.0, 7.5, 0.2355965183211277], [7.5, 8.0, 0.26799665076552187], [8.0, 8.5, 0.1800666276637203]], ""V3"": [[2.0, 2.5, 0.3312164108331645], [5.0, 5.5, 0.2790936569373064], [6.0, 6.5, 0.35], [6.5, 7.0, 0.3467188506887049], [7.5, 8.0, 0.3321511515238136]], ""V4"": [[1.5, 2.0, 0.2096122052498496], [2.0, 2.5, 0.629014028546171], [2.5, 3.0, 0.23845102936015627], [3.0, 3.5, 0.06468111105630216], [4.5, 5.0, 0.027953920677481873], [5.0, 5.5, 0.6759220668509279], [5.5, 6.0, 0.18391643958957135], [6.0, 6.5, 0.9093106144375699], [6.5, 7.0, 0.8934395795454393], [7.0, 7.5, 0.35], [7.5, 8.0, 0.29608505801761154], [8.0, 8.5, 0.1879871565818992], [8.5, 9.0, 0.08081196144202116]], ""aVR"": [[1.5, 2.0, 0.35], [2.0, 2.5, 0.9256044062091301], [2.5, 3.0, 0.25057659315451725], [3.0, 3.5, 0.18860456004955073], [4.5, 5.0, 0.21840687212118134], [5.0, 5.5, 0.8507817482756126], [5.5, 6.0, 0.2953243759278553], [6.0, 6.5, 0.8287304568716163], [6.5, 7.0, 0.7945301605235835], [7.0, 7.5, 0.31117365674233943], [7.5, 8.0, 0.35], [8.0, 8.5, 0.17327322543364357], [8.5, 9.0, 0.14507408151250822]]}, ""lead_scores"": {""I"": 0.11655572357581016, ""II"": 0.06644974763178427, ""III"": 0.10069790153883443, ""V2"": 0.2091316022195302, ""V3"": 0.12501836686028459, ""V4"": 0.15066779199033933, ""aVR"": 0.231478866183417}, ""top5_leads"": [""aVR"", ""V2"", ""V4"", ""I"", ""II""]}"
3898,complete right bundle branch block,complete right bundle branch block,[],"{""mat_path"": ""C:\\Users\\nares\\Documents\\cvd-early-detection-ecg-uhull\\data\\ptbxl-electrocardiography-database\\WFDB\\HR17743.mat"", ""target_label"": ""complete right bundle branch block"", ""method_label"": ""LIME+TimeSHAP"", ""page_seconds"": 10.0, ""perlead_spans"": {""I"": [[0.0, 0.5, 0.08958253426894676], [0.5, 1.0, 0.08889907287819858], [1.5, 2.0, 0.05323732014963859], [2.5, 3.0, 0.11053187817691065], [3.0, 3.5, 0.11892095954562315], [5.0, 5.5, 0.35], [5.5, 6.0, 0.32103205756756514], [6.0, 6.5, 0.3164300974276396], [6.5, 7.0, 0.2500995108046659], [8.0, 8.5, 0.24480902725008274], [8.5, 9.0, 0.3077727875670395]], ""III"": [[2.5, 3.0, 0.19468166307454715], [3.0, 3.5, 0.1886419488450437], [5.0, 5.5, 0.16278366767109398], [5.5, 6.0, 0.35], [6.0, 6.5, 0.286159376441765]], ""V2"": [[2.5, 3.0, 0.16129169933864104], [3.0, 3.5, 0.11779385710015366], [5.0, 5.5, 0.35], [5.5, 6.0, 0.2545323591471514], [6.0, 6.5, 0.24412563649981892]], ""V3"": [[2.5, 3.0, 0.21712560493181], [3.0, 3.5, 0.15394102834792328], [5.0, 5.5, 0.27024377347890194], [5.5, 6.0, 0.35], [6.0, 6.5, 0.26692365393571915]], ""V4"": [[2.5, 3.0, 0.22730413543107553], [3.0, 3.5, 0.11150088718552593], [5.0, 5.5, 0.35], [5.5, 6.0, 0.1950032656918218], [6.0, 6.5, 0.21212319455438872]], ""V5"": [[0.0, 0.5, 0.05739657418439786], [0.5, 1.0, 0.13894291445077], [1.5, 2.0, 0.0727242517022395], [2.5, 3.0, 0.15898221341377972], [3.0, 3.5, 0.16267762536641645], [4.0, 4.5, 0.14923671382271822], [5.0, 5.5, 0.04890202576660758], [5.5, 6.0, 0.2758028522302817], [6.0, 6.5, 0.1705111604968241], [6.5, 7.0, 0.11812501372758365], [8.0, 8.5, 0.3044801361194671], [8.5, 9.0, 0.35]], ""V6"": [[0.0, 0.5, 0.11862553048116821], [0.5, 1.0, 0.17561980928493262], [1.5, 2.0, 0.0789738921366721], [2.5, 3.0, 0.043578531202007775], [4.0, 4.5, 0.05128474209357234], [5.0, 5.5, 0.26068826062238887], [5.5, 6.0, 0.11695174202261573], [6.0, 6.5, 0.22264058147661173], [6.5, 7.0, 0.3165839802715999], [8.0, 8.5, 0.35], [8.5, 9.0, 0.06974521438416438]], ""aVF"": [[0.0, 0.5, 0.02850661233196409], [0.5, 1.0, 0.0913928712237512], [2.5, 3.0, 0.06524198395073756], [3.0, 3.5, 0.08367202601240546], [4.0, 4.5, 0.051732704587457934], [5.0, 5.5, 0.19335256027433978], [5.5, 6.0, 0.35], [6.0, 6.5, 0.20772331378498976], [6.5, 7.0, 0.12560858291252314], [8.0, 8.5, 0.03336298577011168], [8.5, 9.0, 0.32062704799482655]], ""aVR"": [[0.0, 0.5, 0.06744701471215311], [0.5, 1.0, 0.11308641885791829], [1.5, 2.0, 0.09993794959200787], [2.5, 3.0, 0.5369270048946523], [3.0, 3.5, 0.3595488313704564], [4.0, 4.5, 0.046883002560325626], [5.0, 5.5, 1.0], [5.5, 6.0, 0.6529128202005824], [6.0, 6.5, 0.6584459836828899], [6.5, 7.0, 0.23756136851842366], [8.0, 8.5, 0.27693630102369826], [8.5, 9.0, 0.13128450870319414]]}, ""lead_scores"": {""I"": 0.14797354668671175, ""III"": 0.0868743038459667, ""V2"": 0.09739095706429851, ""V3"": 0.13760877129219054, ""V4"": 0.09200318319407476, ""V5"": 0.07211876317180559, ""V6"": 0.10526504637446046, ""aVF"": 0.0846111880802592, ""aVR"": 0.17615424029023252}, ""top5_leads"": [""aVR"", ""I"", ""V5"", ""V6"", ""aVF""]}"
1358,incomplete right bundle branch block,incomplete right bundle branch block,[],"{""mat_path"": ""C:\\Users\\nares\\Documents\\cvd-early-detection-ecg-uhull\\data\\georgia-12lead-ecg-challenge-database\\Georgia\\E03178.mat"", ""target_label"": ""incomplete right bundle branch block"", ""method_label"": ""LIME+TimeSHAP"", ""page_seconds"": 10.0, ""perlead_spans"": {""I"": [[0.0, 0.5, 0.155347624106882], [1.5, 2.0, 0.25961966054875296], [2.0, 2.5, 0.35], [2.5, 3.0, 0.19309515524980742], [3.0, 3.5, 0.18185010491646525], [4.5, 5.0, 0.25534419240882894], [5.0, 5.5, 0.175794767457303], [6.0, 6.5, 0.23085215012350924], [6.5, 7.0, 0.2360618688411379], [7.0, 7.5, 0.26009414858296365], [7.5, 8.0, 0.11806185423251613], [8.0, 8.5, 0.05314693152540572]], ""V2"": [[0.0, 0.5, 0.12546434047586857], [1.5, 2.0, 0.6523493327913663], [2.0, 2.5, 0.7767617303053097], [2.5, 3.0, 0.11480535499468066], [3.0, 3.5, 0.05406308459538713], [4.5, 5.0, 0.1592982900623651], [5.0, 5.5, 0.12090388985008693], [6.0, 6.5, 0.07460958951695126], [6.5, 7.0, 0.9920163429405802], [7.0, 7.5, 0.9386047557676132], [7.5, 8.0, 0.7445699716708938], [8.0, 8.5, 0.08537606719700495]], ""V3"": [[1.5, 2.0, 0.22230710329309436], [2.0, 2.5, 0.2342737914121171], [6.5, 7.0, 0.23380319513914846], [7.0, 7.5, 0.35], [7.5, 8.0, 0.20325568093090604]], ""V4"": [[1.5, 2.0, 0.23104244930780043], [2.0, 2.5, 0.20986269046466224], [6.5, 7.0, 0.35], [7.0, 7.5, 0.32826883945117563], [7.5, 8.0, 0.22562103104906034]], ""V6"": [[0.0, 0.5, 0.1655992484363814], [1.5, 2.0, 0.4222485890764088], [2.0, 2.5, 0.3624987743609663], [2.5, 3.0, 0.200799805281452], [3.0, 3.5, 0.051216620853666586], [4.5, 5.0, 0.15194109628117855], [5.0, 5.5, 0.1466594507315424], [6.0, 6.5, 0.1259456965034793], [6.5, 7.0, 1.0], [7.0, 7.5, 0.5395751060971657], [7.5, 8.0, 0.6161196556878168]], ""aVF"": [[0.0, 0.5, 0.1636349876215267], [1.5, 2.0, 0.14373729917885625], [2.0, 2.5, 0.3383555537936324], [2.5, 3.0, 0.021306632835378127], [3.0, 3.5, 0.2408329271802774], [4.5, 5.0, 0.1841260660729581], [5.0, 5.5, 0.11408465304178163], [6.0, 6.5, 0.35], [6.5, 7.0, 0.19671229806758367], [7.0, 7.5, 0.09409796230437266], [7.5, 8.0, 0.2144878755431443], [8.0, 8.5, 0.06292703604842184]], ""aVR"": [[0.0, 0.5, 0.10729075109288422], [1.5, 2.0, 0.6915096046435448], [2.0, 2.5, 1.0], [2.5, 3.0, 0.1863353582958641], [3.0, 3.5, 0.176861652403024], [4.5, 5.0, 0.286877140454795], [5.0, 5.5, 0.12905127035434658], [6.0, 6.5, 0.19884502623592254], [6.5, 7.0, 0.7140921967303536], [7.0, 7.5, 0.7486791094014102], [7.5, 8.0, 0.36121445207680175], [8.0, 8.5, 0.05969708780646131]]}, ""lead_scores"": {""I"": 0.1330423061692117, ""V2"": 0.1809820422358124, ""V3"": 0.12897162558428085, ""V4"": 0.09398750619152967, ""V6"": 0.1602483826269264, ""aVF"": 0.07714593332109665, ""aVR"": 0.22562220387114235}, ""top5_leads"": [""V2"", ""aVR"", ""V6"", ""I"", ""aVF""]}"
3025,incomplete right bundle branch block,incomplete right bundle branch block,[],"{""mat_path"": ""C:\\Users\\nares\\Documents\\cvd-early-detection-ecg-uhull\\data\\ptbxl-electrocardiography-database\\WFDB\\HR08885.mat"", ""target_label"": ""incomplete right bundle branch block"", ""method_label"": ""LIME+TimeSHAP"", ""page_seconds"": 10.0, ""perlead_spans"": {""I"": [[0.0, 0.5, 0.15309454661252594], [0.5, 1.0, 0.1451677510379507], [1.5, 2.0, 0.1911794747636481], [2.0, 2.5, 0.2098502200443171], [2.5, 3.0, 0.10930380273141029], [3.0, 3.5, 0.11169218854234358], [4.5, 5.0, 0.18071676708102485], [5.0, 5.5, 0.35], [5.5, 6.0, 0.2854983766413925], [6.0, 6.5, 0.2526916085677328], [6.5, 7.0, 0.1916922866112682], [7.5, 8.0, 0.18119335315417404]], ""III"": [[1.5, 2.0, 0.2517110408163789], [2.0, 2.5, 0.2585561995865337], [5.0, 5.5, 0.35], [5.5, 6.0, 0.261185856396014], [6.0, 6.5, 0.18118669819223243]], ""V3"": [[1.5, 2.0, 0.21780298907410894], [2.0, 2.5, 0.24303085454321988], [5.0, 5.5, 0.3400180141055706], [5.5, 6.0, 0.35], [6.0, 6.5, 0.20358263651337205]], ""V4"": [[1.5, 2.0, 0.12283696575022117], [2.0, 2.5, 0.22296710269571407], [5.0, 5.5, 0.33644252430134564], [5.5, 6.0, 0.35], [6.0, 6.5, 0.179288592443421]], ""V5"": [[0.0, 0.5, 0.046643154371927543], [1.5, 2.0, 0.18589011861327676], [2.0, 2.5, 0.3330471191486303], [2.5, 3.0, 0.03551090100973094], [3.0, 3.5, 0.1862283403316039], [4.5, 5.0, 0.35], [5.0, 5.5, 0.1942114487933422], [5.5, 6.0, 0.2600331056872324], [6.5, 7.0, 0.051455868726148705], [7.5, 8.0, 0.0722553526286551]], ""V6"": [[0.0, 0.5, 0.22679052241253125], [0.5, 1.0, 0.06227536454532085], [1.5, 2.0, 0.11348139355263442], [2.0, 2.5, 0.273593326403733], [2.5, 3.0, 0.08663045917451985], [3.0, 3.5, 0.2096585780598074], [4.5, 5.0, 0.1516470175385823], [5.0, 5.5, 1.0], [5.5, 6.0, 0.8878097877343929], [6.0, 6.5, 0.6875506218125064], [6.5, 7.0, 0.25118782974776266], [7.5, 8.0, 0.07830774919051894]], ""aVF"": [[0.0, 0.5, 0.10417543311075324], [1.5, 2.0, 0.1801036208378838], [2.0, 2.5, 0.2517957474559088], [2.5, 3.0, 0.10176271621266114], [3.0, 3.5, 0.11209477975798413], [4.5, 5.0, 0.35], [5.0, 5.5, 0.13831824950077778], [5.5, 6.0, 0.2142741155819341], [6.0, 6.5, 0.09278448484642755], [6.5, 7.0, 0.1589680804604529], [7.5, 8.0, 0.3281194777930168]], ""aVR"": [[0.0, 0.5, 0.150111556843915], [0.5, 1.0, 0.19085261699558778], [1.5, 2.0, 0.7326088626183204], [2.0, 2.5, 0.7308474514088367], [2.5, 3.0, 0.2579884158928164], [3.0, 3.5, 0.22792392857600133], [4.5, 5.0, 0.11942480067212301], [5.0, 5.5, 1.0], [5.5, 6.0, 0.6738084989390167], [6.0, 6.5, 0.6212625732770785], [6.5, 7.0, 0.1424572534137239]]}, ""lead_scores"": {""I"": 0.1741159505673936, ""III"": 0.09317816735783217, ""V3"": 0.13286002928871968, ""V4"": 0.09106862570539888, ""V5"": 0.06268525438422036, ""V6"": 0.19350449416143176, ""aVF"": 0.062454621767133296, ""aVR"": 0.19013285676787028}, ""top5_leads"": [""aVR"", ""V6"", ""I"", ""aVF"", ""V5""]}"
2251,left anterior fascicular block,left anterior fascicular block,[],"{""mat_path"": ""C:\\Users\\nares\\Documents\\cvd-early-detection-ecg-uhull\\data\\ptbxl-electrocardiography-database\\WFDB\\HR01463.mat"", ""target_label"": ""left anterior fascicular block"", ""method_label"": ""LIME+TimeSHAP"", ""page_seconds"": 10.0, ""perlead_spans"": {""I"": [[0.0, 0.5, 0.35], [0.5, 1.0, 0.3399872742667848], [1.5, 2.0, 0.19998754351259942], [3.0, 3.5, 0.3133618960847325], [4.5, 5.0, 0.2403249766034671], [5.0, 5.5, 0.23881490990477983], [5.5, 6.0, 0.23121369823671842], [6.0, 6.5, 0.24496561390521554], [6.5, 7.0, 0.14837703574594088], [8.0, 8.5, 0.2623454157650542], [8.5, 9.0, 0.28752760543294725], [9.5, 10.0, 0.2834730110471248]], ""V2"": [[0.5, 1.0, 0.022384557992744053], [1.5, 2.0, 0.2300063008818056], [2.0, 2.5, 0.35], [3.0, 3.5, 0.04889953569731613], [4.0, 4.5, 0.30808639692284934], [4.5, 5.0, 0.8307521595829827], [5.0, 5.5, 0.35], [5.5, 6.0, 0.24868132396385054], [6.0, 6.5, 0.182176330932165], [6.5, 7.0, 0.20924296851783872], [7.0, 7.5, 0.2154522979055119], [8.0, 8.5, 0.22187854076980407], [8.5, 9.0, 0.19275384687506456], [9.0, 9.5, 0.18837916152196055], [9.5, 10.0, 0.16788204955846153]], ""V3"": [[2.0, 2.5, 0.2529137014990619], [4.0, 4.5, 0.2018891182390118], [4.5, 5.0, 0.2613220103569524], [7.0, 7.5, 0.25445016453344754], [9.0, 9.5, 0.35]], ""V4"": [[0.0, 0.5, 0.11698384081905527], [0.5, 1.0, 0.045644813944080063], [1.5, 2.0, 0.2539716669035006], [2.0, 2.5, 0.35], [3.0, 3.5, 0.07593514120724493], [4.0, 4.5, 0.3112324421217669], [4.5, 5.0, 0.8480269825734968], [5.0, 5.5, 0.35], [5.5, 6.0, 0.2168421800081183], [6.0, 6.5, 0.12172320004579827], [6.5, 7.0, 0.16429450652570218], [7.0, 7.5, 0.204824013274964], [8.0, 8.5, 0.1474947357888808], [8.5, 9.0, 0.2142695094326866], [9.0, 9.5, 0.10253581785370326], [9.5, 10.0, 0.1374339558201225]], ""V6"": [[0.0, 0.5, 0.13225212060365782], [0.5, 1.0, 0.105300430667015], [1.5, 2.0, 0.21681476250264717], [2.0, 2.5, 0.35], [3.0, 3.5, 0.12634440902144223], [4.0, 4.5, 0.2979918118073408], [4.5, 5.0, 0.7953823401341957], [5.0, 5.5, 0.35], [5.5, 6.0, 0.21056419309665753], [6.0, 6.5, 0.11875424226316783], [6.5, 7.0, 0.13427786348615836], [7.0, 7.5, 0.15746230279897924], [8.0, 8.5, 0.17141192775075131], [8.5, 9.0, 0.22530352733058245], [9.5, 10.0, 0.147822365241588]], ""aVR"": [[0.0, 0.5, 0.20486516049632067], [0.5, 1.0, 0.2038589738793128], [1.5, 2.0, 0.2856143635208013], [2.0, 2.5, 0.35], [3.0, 3.5, 0.184234287492267], [4.0, 4.5, 0.2922547403060577], [4.5, 5.0, 0.8748302042294357], [5.0, 5.5, 0.35], [5.5, 6.0, 0.2775586556883073], [6.0, 6.5, 0.24155059437208792], [6.5, 7.0, 0.20461026022768805], [7.0, 7.5, 0.26058744349485163], [8.0, 8.5, 0.24655161666957254], [8.5, 9.0, 0.28123674904430895], [9.0, 9.5, 0.20033302263706737], [9.5, 10.0, 0.34179058217759156]]}, ""lead_scores"": {""I"": 0.10281242941852317, ""V2"": 0.1401085592770931, ""V3"": 0.14242458947240338, ""V4"": 0.16512695247543677, ""V6"": 0.2445406273299728, ""aVR"": 0.20498684202657075}, ""top5_leads"": [""aVR"", ""V2"", ""V4"", ""V6"", ""I""]}"
3156,left anterior fascicular block,left anterior fascicular block,[],"{""mat_path"": ""C:\\Users\\nares\\Documents\\cvd-early-detection-ecg-uhull\\data\\ptbxl-electrocardiography-database\\WFDB\\HR10234.mat"", ""target_label"": ""left anterior fascicular block"", ""method_label"": ""LIME+TimeSHAP"", ""page_seconds"": 10.0, ""perlead_spans"": {""I"": [[0.0, 0.5, 0.2939608784679644], [0.5, 1.0, 0.3021107666713205], [1.5, 2.0, 0.23301913358406037], [3.0, 3.5, 0.21061278399312264], [4.5, 5.0, 0.29787989405129706], [5.0, 5.5, 0.21991908264426954], [5.5, 6.0, 0.2134054078962548], [6.0, 6.5, 0.21102189122829682], [6.5, 7.0, 0.1955831114228834], [8.0, 8.5, 0.290529986942061], [8.5, 9.0, 0.2605612451056409], [9.5, 10.0, 0.35]], ""V2"": [[2.0, 2.5, 0.3445629762895031], [4.0, 4.5, 0.3149818213589487], [4.5, 5.0, 0.35], [6.0, 6.5, 0.15208471898153916], [9.0, 9.5, 0.2656281255875551]], ""V3"": [[2.0, 2.5, 0.18293609347082518], [4.0, 4.5, 0.24328615652479776], [4.5, 5.0, 0.20979309701191726], [6.0, 6.5, 0.35], [9.0, 9.5, 0.3110766328575245]], ""V4"": [[0.0, 0.5, 0.22996078821680918], [1.5, 2.0, 0.13680745040538136], [2.0, 2.5, 0.35], [3.0, 3.5, 0.13873519719787333], [4.0, 4.5, 0.2561154207370539], [4.5, 5.0, 0.6701478779312272], [5.0, 5.5, 0.35], [5.5, 6.0, 0.32255836896305734], [6.0, 6.5, 0.10594450628272484], [6.5, 7.0, 0.038162801360419], [8.0, 8.5, 0.12247060886121335], [8.5, 9.0, 0.033898273199021035], [9.0, 9.5, 0.1626742689842605], [9.5, 10.0, 0.23043728467563032]], ""V5"": [[0.0, 0.5, 0.027041356511568967], [0.5, 1.0, 0.21098800603475307], [5.0, 5.5, 0.169021393670675], [5.5, 6.0, 0.13976132709446532], [6.0, 6.5, 0.35], [6.5, 7.0, 0.14666444345087354], [8.5, 9.0, 0.0668299317275652], [9.5, 10.0, 0.09821726144579263]], ""V6"": [[0.0, 0.5, 0.20053519611376758], [1.5, 2.0, 0.143049983677416], [3.0, 3.5, 0.12387326110385016], [4.5, 5.0, 0.1672499155258219], [5.0, 5.5, 0.35], [5.5, 6.0, 0.3013683341513253], [6.5, 7.0, 0.058556976614847184], [8.0, 8.5, 0.15043192928114194], [8.5, 9.0, 0.0705672001810461], [9.5, 10.0, 0.22772270625670438]], ""aVL"": [[2.0, 2.5, 0.15187894919651868], [4.0, 4.5, 0.24920583595943296], [4.5, 5.0, 0.22559726555067794], [6.0, 6.5, 0.35], [9.0, 9.5, 0.3282373644305971]], ""aVR"": [[0.0, 0.5, 0.24049328485085125], [0.5, 1.0, 0.13059788011160733], [1.5, 2.0, 0.2641760743831905], [2.0, 2.5, 0.33611182204022433], [3.0, 3.5, 0.2674073911381181], [4.0, 4.5, 0.29550695088064055], [4.5, 5.0, 0.9090304278449184], [5.0, 5.5, 0.34971403470239404], [5.5, 6.0, 0.35], [6.0, 6.5, 0.6315609845763095], [6.5, 7.0, 0.1871253813114674], [8.0, 8.5, 0.23006723893891692], [8.5, 9.0, 0.23406226867104307], [9.0, 9.5, 0.2417198570103347], [9.5, 10.0, 0.3403904670099487]]}, ""lead_scores"": {""I"": 0.10652462557957201, ""V2"": 0.08397377612507655, ""V3"": 0.1587946303052606, ""V4"": 0.1452826394504258, ""V5"": 0.06560866217675725, ""V6"": 0.132560092598219, ""aVL"": 0.09879202944744332, ""aVR"": 0.20846354431724548}, ""top5_leads"": [""aVR"", ""V4"", ""I"", ""V6"", ""V2""]}"
3317,left axis deviation,left axis deviation,[],"{""mat_path"": ""C:\\Users\\nares\\Documents\\cvd-early-detection-ecg-uhull\\data\\ptbxl-electrocardiography-database\\WFDB\\HR11945.mat"", ""target_label"": ""left axis deviation"", ""method_label"": ""LIME+TimeSHAP"", ""page_seconds"": 10.0, ""perlead_spans"": {""I"": [[0.5, 1.0, 0.23006519228918754], [1.5, 2.0, 0.29208626839476504], [3.0, 3.5, 0.1834891126183585], [4.5, 5.0, 0.3115977919291259], [5.0, 5.5, 0.2475970574955403], [5.5, 6.0, 0.2361317288467912], [6.0, 6.5, 0.3359549281480513], [6.5, 7.0, 0.25983980218816793], [7.5, 8.0, 0.3204182652728054], [8.0, 8.5, 0.32145127941949314], [8.5, 9.0, 0.33023723931925486], [9.5, 10.0, 0.35]], ""II"": [[0.5, 1.0, 0.23196160975028246], [1.0, 1.5, 0.2936952896322764], [1.5, 2.0, 0.6163029544087641], [2.0, 2.5, 0.35], [3.0, 3.5, 0.14261628888735714], [4.0, 4.5, 0.08876735298958334], [4.5, 5.0, 0.9713757070293362], [5.5, 6.0, 0.11891862161025729], [6.0, 6.5, 0.0929486938084223], [6.5, 7.0, 0.28385561739267434], [7.5, 8.0, 0.17104867934197243], [8.0, 8.5, 0.1960584030799187], [8.5, 9.0, 0.20800462926396251], [9.5, 10.0, 0.17825489360926505]], ""V2"": [[1.0, 1.5, 0.35], [1.5, 2.0, 0.3305046472952664], [2.0, 2.5, 0.3155749802747275], [4.0, 4.5, 0.2232424729554746], [4.5, 5.0, 0.3394958761358279]], ""V4"": [[0.5, 1.0, 0.09177756584275999], [1.5, 2.0, 0.31795356219791665], [3.0, 3.5, 0.3107346147854159], [4.5, 5.0, 0.35], [5.0, 5.5, 0.15606349115470156], [5.5, 6.0, 0.2250159488510617], [6.0, 6.5, 0.09099210784723692], [6.5, 7.0, 0.30534499733663356], [7.5, 8.0, 0.19787244160378312], [8.0, 8.5, 0.2628425128883159], [8.5, 9.0, 0.2738529188852022], [9.5, 10.0, 0.21041445187705524]], ""V6"": [[0.5, 1.0, 0.051457028084992695], [1.0, 1.5, 0.3098914262893953], [1.5, 2.0, 0.9024353318340047], [2.0, 2.5, 0.35], [3.0, 3.5, 0.23383347862789686], [4.0, 4.5, 0.09078384416637873], [4.5, 5.0, 0.9747456970171244], [5.0, 5.5, 0.17561785182621403], [5.5, 6.0, 0.2074826836679826], [6.0, 6.5, 0.09342500332483399], [6.5, 7.0, 0.3057123835533182], [7.5, 8.0, 0.22689627827965775], [8.0, 8.5, 0.2339419056462992], [8.5, 9.0, 0.25868064445985567], [9.5, 10.0, 0.1899216415287382]], ""aVF"": [[1.0, 1.5, 0.35], [1.5, 2.0, 0.31365731741164876], [2.0, 2.5, 0.34459361087314516], [4.0, 4.5, 0.11121019426550942], [4.5, 5.0, 0.34511058084087026]], ""aVR"": [[0.5, 1.0, 0.13744294427322465], [1.0, 1.5, 0.34160376005617676], [1.5, 2.0, 0.8850601309024408], [2.0, 2.5, 0.3430217640618034], [3.0, 3.5, 0.22737858751685905], [4.0, 4.5, 0.22824102093011334], [4.5, 5.0, 1.0], [5.0, 5.5, 0.16735228193458984], [5.5, 6.0, 0.1694536785325751], [6.0, 6.5, 0.1241036834546175], [6.5, 7.0, 0.21180404633955696], [7.5, 8.0, 0.2090391836645405], [8.0, 8.5, 0.23117409221972332], [8.5, 9.0, 0.21030963853698387], [9.5, 10.0, 0.2202980612201112]]}, ""lead_scores"": {""I"": 0.11937919413782273, ""II"": 0.1694946830725471, ""V2"": 0.09340305409413144, ""V4"": 0.06780132871568097, ""V6"": 0.23181682095925227, ""aVF"": 0.09445576201357272, ""aVR"": 0.22364915700699278}, ""top5_leads"": [""aVR"", ""V6"", ""II"", ""I"", ""V4""]}"
4113,left axis deviation,left axis deviation,[],"{""mat_path"": ""C:\\Users\\nares\\Documents\\cvd-early-detection-ecg-uhull\\data\\ptbxl-electrocardiography-database\\WFDB\\HR19988.mat"", ""target_label"": ""left axis deviation"", ""method_label"": ""LIME+TimeSHAP"", ""page_seconds"": 10.0, ""perlead_spans"": {""I"": [[0.5, 1.0, 0.22300209647393637], [1.5, 2.0, 0.27483786233180557], [3.0, 3.5, 0.19437273044612172], [4.5, 5.0, 0.30614451294250405], [5.0, 5.5, 0.1975797532583768], [5.5, 6.0, 0.22796058700957358], [6.0, 6.5, 0.24403546360395634], [6.5, 7.0, 0.258390162371922], [7.5, 8.0, 0.24693526780843306], [8.0, 8.5, 0.2543746803452127], [8.5, 9.0, 0.27616821676996123], [9.5, 10.0, 0.35]], ""II"": [[1.0, 1.5, 0.24646983912929074], [1.5, 2.0, 0.27277002767120495], [2.0, 2.5, 0.35], [4.0, 4.5, 0.16785252404254236], [4.5, 5.0, 0.2825766236673683]], ""V2"": [[1.0, 1.5, 0.22629673098628408], [1.5, 2.0, 0.3070976993087145], [2.0, 2.5, 0.35], [4.0, 4.5, 0.18763404096018688], [4.5, 5.0, 0.27168355232846225]], ""V4"": [[1.0, 1.5, 0.21081714157833636], [1.5, 2.0, 0.27804833667816314], [2.0, 2.5, 0.35], [4.0, 4.5, 0.16630381858292964], [4.5, 5.0, 0.2566326185157622]], ""V5"": [[0.5, 1.0, 0.1970483190712625], [1.5, 2.0, 0.11901235480874839], [3.0, 3.5, 0.13377631314176028], [4.5, 5.0, 0.2659918909555395], [5.0, 5.5, 0.24158697415581878], [5.5, 6.0, 0.11293509043062683], [6.0, 6.5, 0.11662838119270963], [6.5, 7.0, 0.22184671163956163], [7.5, 8.0, 0.35], [8.0, 8.5, 0.3037249813954244], [8.5, 9.0, 0.3130386919805679], [9.5, 10.0, 0.2883256435631073]], ""V6"": [[1.0, 1.5, 0.16102772547858815], [1.5, 2.0, 0.7945257019003318], [2.0, 2.5, 0.35], [3.0, 3.5, 0.055385029761427014], [4.0, 4.5, 0.12658981337388317], [4.5, 5.0, 0.8895219319934394], [5.0, 5.5, 0.3389975813767552], [5.5, 6.0, 0.27065447025403566], [6.0, 6.5, 0.12018491145121837], [6.5, 7.0, 0.06060297656441229], [8.0, 8.5, 0.03954347715385478], [8.5, 9.0, 0.024174617270488124], [9.5, 10.0, 0.027439855292979532]], ""aVF"": [[0.5, 1.0, 0.15274360600042933], [1.0, 1.5, 0.15647311332832703], [1.5, 2.0, 0.7561412883699541], [2.0, 2.5, 0.35], [3.0, 3.5, 0.12391799773626684], [4.0, 4.5, 0.1050089543342937], [4.5, 5.0, 0.8525378756380857], [5.0, 5.5, 0.2866369239015127], [5.5, 6.0, 0.0987933209517566], [6.0, 6.5, 0.1867869635825325], [6.5, 7.0, 0.242861789248804], [7.5, 8.0, 0.20410579144707017], [8.0, 8.5, 0.1784804869364382], [8.5, 9.0, 0.13582340593416067], [9.5, 10.0, 0.15250844112378786]], ""aVR"": [[0.5, 1.0, 0.23507855981037137], [1.5, 2.0, 0.33640382201587526], [3.0, 3.5, 0.22343261352379132], [4.5, 5.0, 0.32970993829404377], [5.0, 5.5, 0.35], [5.5, 6.0, 0.33626154245832973], [6.0, 6.5, 0.290749267684999], [6.5, 7.0, 0.2805140413125765], [7.5, 8.0, 0.23798938928751046], [8.0, 8.5, 0.24128195347855913], [8.5, 9.0, 0.24419466745314916], [9.5, 10.0, 0.2499827030055396]]}, ""lead_scores"": {""I"": 0.11307397015493167, ""II"": 0.09350940672321195, ""V2"": 0.08998393032527346, ""V4"": 0.09457114376187244, ""V5"": 0.08499889254799903, ""V6"": 0.22819741384714057, ""aVF"": 0.15849250929730857, ""aVR"": 0.1371727333422623}, ""top5_leads"": [""aVF"", ""aVR"", ""V6"", ""I"", ""V5""]}"
3255,left bundle branch block,left bundle branch block,[],"{""mat_path"": ""C:\\Users\\nares\\Documents\\cvd-early-detection-ecg-uhull\\data\\ptbxl-electrocardiography-database\\WFDB\\HR11218.mat"", ""target_label"": ""left bundle branch block"", ""method_label"": ""LIME+TimeSHAP"", ""page_seconds"": 10.0, ""perlead_spans"": {""I"": [[0.0, 0.5, 0.2359611747765741], [0.5, 1.0, 0.19497291969747949], [2.5, 3.0, 0.0859938147711068], [3.0, 3.5, 0.12558429493687898], [3.5, 4.0, 0.2002477868322034], [4.5, 5.0, 0.07466052341545099], [5.0, 5.5, 0.22905494555082398], [6.0, 6.5, 0.28972758408369964], [6.5, 7.0, 0.31963604168240317], [7.0, 7.5, 0.35], [8.0, 8.5, 0.2399987222763395], [9.0, 9.5, 0.31516415192992675]], ""II"": [[5.0, 5.5, 0.13127299137398235], [5.5, 6.0, 0.17993245980999498], [6.0, 6.5, 0.2673913803680748], [6.5, 7.0, 0.31886818773048387], [7.0, 7.5, 0.35]], ""V1"": [[0.5, 1.0, 0.02432284296576252], [2.5, 3.0, 0.09181191638639259], [3.0, 3.5, 0.04302057130620306], [3.5, 4.0, 0.035306396885218354], [4.5, 5.0, 0.03643447153395789], [5.0, 5.5, 0.2121248522360614], [6.0, 6.5, 0.2670789926475431], [6.5, 7.0, 0.3040034316352999], [7.0, 7.5, 0.35], [8.0, 8.5, 0.08964906737113276], [9.0, 9.5, 0.055153477615500046]], ""V3"": [[5.0, 5.5, 0.2485919473167215], [5.5, 6.0, 0.2504422889668633], [6.0, 6.5, 0.294356918735451], [6.5, 7.0, 0.3274079006029372], [7.0, 7.5, 0.35]], ""V5"": [[5.0, 5.5, 0.26117229834354205], [5.5, 6.0, 0.24662625540975014], [6.0, 6.5, 0.28729895474729705], [6.5, 7.0, 0.3056134074250848], [7.0, 7.5, 0.35]], ""V6"": [[0.0, 0.5, 0.21920938197879677], [0.5, 1.0, 0.1939816051414236], [2.5, 3.0, 0.025765104698554663], [3.0, 3.5, 0.08692697515128167], [3.5, 4.0, 0.18114505718610444], [4.5, 5.0, 0.055349286831820436], [5.0, 5.5, 0.11443009174002752], [6.0, 6.5, 0.20895884400670592], [6.5, 7.0, 0.2410978976383388], [7.0, 7.5, 0.30111961210129645], [8.0, 8.5, 0.19291675095204147], [9.0, 9.5, 0.35]], ""aVF"": [[0.0, 0.5, 0.07167925839433807], [0.5, 1.0, 0.04721239578506247], [2.5, 3.0, 0.12426203625686137], [3.0, 3.5, 0.08975405780008215], [3.5, 4.0, 0.03819155053188375], [4.5, 5.0, 0.0634336336693266], [5.0, 5.5, 0.6462241392588355], [5.5, 6.0, 0.23263452963727446], [6.0, 6.5, 0.8538885243265952], [6.5, 7.0, 0.936962323098388], [7.0, 7.5, 1.0], [8.0, 8.5, 0.21689955778877384], [9.0, 9.5, 0.1717597489297603]], ""aVL"": [[5.0, 5.5, 0.23849841732214327], [5.5, 6.0, 0.24528610940950776], [6.0, 6.5, 0.278118976977731], [6.5, 7.0, 0.3244803126812445], [7.0, 7.5, 0.35]], ""aVR"": [[0.0, 0.5, 0.24608678211997728], [0.5, 1.0, 0.19644004353857566], [2.5, 3.0, 0.09054853987178539], [3.0, 3.5, 0.14358174408145047], [3.5, 4.0, 0.21930737920818483], [4.5, 5.0, 0.07481825187766543], [5.0, 5.5, 0.22018332274096444], [6.0, 6.5, 0.2996042780948901], [6.5, 7.0, 0.33178391302207655], [7.0, 7.5, 0.35], [8.0, 8.5, 0.25573616755845646], [9.0, 9.5, 0.2997431971365577]]}, ""lead_scores"": {""I"": 0.11265110377650148, ""II"": 0.08174019337614477, ""V1"": 0.08925661681571632, ""V3"": 0.10749786142420897, ""V5"": 0.12380446486075612, ""V6"": 0.08739098194975217, ""aVF"": 0.17629503526563933, ""aVL"": 0.10034867101245502, ""aVR"": 0.1210150715188258}, ""top5_leads"": [""aVF"", ""aVR"", ""I"", ""V6"", ""V1""]}"
3530,left bundle branch block,left bundle branch block,[],"{""mat_path"": ""C:\\Users\\nares\\Documents\\cvd-early-detection-ecg-uhull\\data\\ptbxl-electrocardiography-database\\WFDB\\HR14047.mat"", ""target_label"": ""left bundle branch block"", ""method_label"": ""LIME+TimeSHAP"", ""page_seconds"": 10.0, ""perlead_spans"": {""I"": [[0.0, 0.5, 0.30731925924561465], [0.5, 1.0, 0.24565130951707964], [1.0, 1.5, 0.0518034211330876], [2.5, 3.0, 0.08185096018972378], [3.0, 3.5, 0.17906107872050359], [3.5, 4.0, 0.3462106429770253], [4.5, 5.0, 0.058363137129672026], [5.0, 5.5, 0.2689653720445379], [5.5, 6.0, 0.3043223543677141], [6.0, 6.5, 0.35], [6.5, 7.0, 0.34302445736116516], [7.0, 7.5, 0.3178576963703958]], ""II"": [[5.0, 5.5, 0.25035969574262396], [5.5, 6.0, 0.30340300114965346], [6.0, 6.5, 0.35], [6.5, 7.0, 0.34764778857135786], [7.0, 7.5, 0.3196936337603244]], ""V1"": [[1.0, 1.5, 0.02123644251480629], [2.5, 3.0, 0.07514223694055312], [3.0, 3.5, 0.03459687351148171], [3.5, 4.0, 0.034566361415340495], [4.5, 5.0, 0.07932832795601187], [5.0, 5.5, 0.24045069164347524], [5.5, 6.0, 0.28093900925302073], [6.0, 6.5, 0.35], [6.5, 7.0, 0.30752678456315846], [7.0, 7.5, 0.2605815005397101]], ""V3"": [[5.0, 5.5, 0.24160216923977956], [5.5, 6.0, 0.3020938487843819], [6.0, 6.5, 0.35], [6.5, 7.0, 0.3149347289791145], [7.0, 7.5, 0.28421865250261347]], ""V5"": [[0.0, 0.5, 0.02343674196243632], [0.5, 1.0, 0.04631581199693545], [2.5, 3.0, 0.07964293169217782], [3.0, 3.5, 0.033265121899608445], [4.5, 5.0, 0.06139367374464678], [5.0, 5.5, 0.6740042685956303], [5.5, 6.0, 0.7492610971570822], [6.0, 6.5, 1.0], [6.5, 7.0, 0.8626441619373838], [7.0, 7.5, 0.7197230318728954]], ""aVF"": [[0.0, 0.5, 0.149607813586467], [0.5, 1.0, 0.05508580713008481], [1.0, 1.5, 0.0945503305407416], [2.5, 3.0, 0.03447345081320156], [3.0, 3.5, 0.08615480932271484], [3.5, 4.0, 0.19669923732221625], [4.5, 5.0, 0.07236260687797547], [5.0, 5.5, 0.7283964578615649], [5.5, 6.0, 0.8444212304013978], [6.0, 6.5, 0.9780313064826885], [6.5, 7.0, 0.9149710347362806], [7.0, 7.5, 0.820826994133745]], ""aVL"": [[5.0, 5.5, 0.2526289343885615], [5.5, 6.0, 0.3085008722185373], [6.0, 6.5, 0.35], [6.5, 7.0, 0.31840779313083045], [7.0, 7.5, 0.2743951479877623]], ""aVR"": [[0.0, 0.5, 0.20654313031093008], [0.5, 1.0, 0.19670230112107548], [1.0, 1.5, 0.08892316008597381], [2.5, 3.0, 0.11461922423765897], [3.0, 3.5, 0.17910413853773596], [3.5, 4.0, 0.20276978799782167], [4.5, 5.0, 0.12170271197801029], [5.0, 5.5, 0.27753276382654424], [5.5, 6.0, 0.339525113831539], [6.0, 6.5, 0.35], [6.5, 7.0, 0.3468712680495091], [7.0, 7.5, 0.3254793814266886]]}, ""lead_scores"": {""I"": 0.11424620053907622, ""II"": 0.10569620880437669, ""V1"": 0.09349517691886154, ""V3"": 0.0902597912317404, ""V5"": 0.1943808094211941, ""aVF"": 0.1813303541248798, ""aVL"": 0.09404446242258782, ""aVR"": 0.12654699653728343}, ""top5_leads"": [""aVF"", ""V5"", ""I"", ""aVR"", ""V1""]}"
1284,low qrs voltages,low qrs voltages,[],"{""mat_path"": ""C:\\Users\\nares\\Documents\\cvd-early-detection-ecg-uhull\\data\\georgia-12lead-ecg-challenge-database\\Georgia\\E02484.mat"", ""target_label"": ""low qrs voltages"", ""method_label"": ""LIME+TimeSHAP"", ""page_seconds"": 10.0, ""perlead_spans"": {""I"": [[0.0, 0.5, 0.35], [0.5, 1.0, 0.325579414560736], [1.0, 1.5, 0.32462323285663924], [1.5, 2.0, 0.2909703291178266], [2.0, 2.5, 0.24492596563761637], [3.5, 4.0, 0.3114426061833483], [4.0, 4.5, 0.3187219661214972], [4.5, 5.0, 0.3019022974370237], [5.0, 5.5, 0.32044322859217905], [5.5, 6.0, 0.27720051578244587], [8.0, 8.5, 0.14240208332124374], [8.5, 9.0, 0.12652324629281367]], ""III"": [[0.0, 0.5, 0.29700576144453233], [3.5, 4.0, 0.35], [4.0, 4.5, 0.2748787913342024], [4.5, 5.0, 0.21955145694001735], [5.0, 5.5, 0.22331892805745587]], ""V1"": [[0.0, 0.5, 0.2716197812147667], [0.5, 1.0, 0.22535286519785852], [1.0, 1.5, 0.18677689066289022], [1.5, 2.0, 0.17593248997131558], [2.0, 2.5, 0.24812389665381587], [3.5, 4.0, 0.35], [4.0, 4.5, 0.2876618877392339], [4.5, 5.0, 0.3228794901472342], [5.0, 5.5, 0.2570743304738966], [5.5, 6.0, 0.1400865676128192], [8.0, 8.5, 0.09426703451970245]], ""V3"": [[0.5, 1.0, 0.10858682011045954], [1.0, 1.5, 0.11786521677847607], [1.5, 2.0, 0.18085126545482133], [2.0, 2.5, 0.2574804003240936], [3.5, 4.0, 0.46258068774070477], [4.0, 4.5, 0.4462951792033118], [4.5, 5.0, 0.6131855193678919], [5.0, 5.5, 0.4016993019026015], [5.5, 6.0, 0.09180578717461484], [8.0, 8.5, 0.3301163844006966], [8.5, 9.0, 0.35]], ""V5"": [[0.0, 0.5, 0.305589002816142], [0.5, 1.0, 0.24544405373968717], [1.0, 1.5, 0.23865375695148627], [1.5, 2.0, 0.15815853923145623], [2.0, 2.5, 0.14993802567544917], [3.5, 4.0, 0.35], [4.0, 4.5, 0.2882540216484546], [4.5, 5.0, 0.19793558588863536], [5.0, 5.5, 0.2579253185527585], [5.5, 6.0, 0.2108495247781419], [8.0, 8.5, 0.06451653841033807], [8.5, 9.0, 0.14578466411240026]], ""V6"": [[0.0, 0.5, 0.2615153894700358], [3.5, 4.0, 0.1959700662397314], [4.0, 4.5, 0.27539587427044293], [4.5, 5.0, 0.323938981683961], [5.0, 5.5, 0.35]], ""aVL"": [[0.0, 0.5, 0.29034515007451706], [3.5, 4.0, 0.35], [4.0, 4.5, 0.28975485725626715], [4.5, 5.0, 0.31233973319897634], [5.0, 5.5, 0.25861865674247236]], ""aVR"": [[0.0, 0.5, 0.8949469551171823], [0.5, 1.0, 0.30491404485013346], [1.0, 1.5, 0.2923349894419344], [1.5, 2.0, 0.2647264264690766], [2.0, 2.5, 0.2533612521767613], [3.5, 4.0, 0.895577171946855], [4.0, 4.5, 0.9129760408851281], [4.5, 5.0, 0.9833046407659511], [5.0, 5.5, 0.8701799046555516], [5.5, 6.0, 0.2537857627546592], [8.0, 8.5, 0.05067918952186101], [8.5, 9.0, 0.06398694604276198]]}, ""lead_scores"": {""I"": 0.16421270192169415, ""III"": 0.09549809482102044, ""V1"": 0.06417877665501602, ""V3"": 0.17638389376153452, ""V5"": 0.08550393943073857, ""V6"": 0.083026412379628, ""aVL"": 0.0969335260761991, ""aVR"": 0.23426265495416917}, ""top5_leads"": [""aVR"", ""V3"", ""I"", ""V5"", ""V1""]}"
1681,low qrs voltages,low qrs voltages,[],"{""mat_path"": ""C:\\Users\\nares\\Documents\\cvd-early-detection-ecg-uhull\\data\\georgia-12lead-ecg-challenge-database\\Georgia\\E06473.mat"", ""target_label"": ""low qrs voltages"", ""method_label"": ""LIME+TimeSHAP"", ""page_seconds"": 10.0, ""perlead_spans"": {""I"": [[0.5, 1.0, 0.21011082574513193], [1.0, 1.5, 0.27702355978059745], [1.5, 2.0, 0.24097949834965818], [2.0, 2.5, 0.2859049147056388], [4.0, 4.5, 0.2502463138525253], [4.5, 5.0, 0.35], [6.0, 6.5, 0.03964375015863226], [7.5, 8.0, 0.14058291935725303], [8.0, 8.5, 0.17079144525599765], [8.5, 9.0, 0.23773719478736216], [9.0, 9.5, 0.17750548209785363], [9.5, 10.0, 0.26324754100839687]], ""II"": [[4.0, 4.5, 0.14537570040273157], [4.5, 5.0, 0.35], [8.5, 9.0, 0.2014329161523974], [9.5, 10.0, 0.16396772275155774]], ""V1"": [[0.5, 1.0, 0.14840758996357942], [1.0, 1.5, 0.06554502149741313], [1.5, 2.0, 0.12685380717039352], [4.0, 4.5, 0.22207613498741877], [4.5, 5.0, 0.0936340306449708], [6.0, 6.5, 0.03130019575971315], [7.5, 8.0, 0.2600903667085654], [8.0, 8.5, 0.20769380090557746], [8.5, 9.0, 0.1368283255679226], [9.0, 9.5, 0.35], [9.5, 10.0, 0.2539121839515032]], ""V3"": [[0.5, 1.0, 0.1243891675725713], [1.0, 1.5, 0.23834920710532595], [1.5, 2.0, 0.17673553023209404], [2.0, 2.5, 0.3304058008469645], [4.0, 4.5, 0.18905951538158175], [4.5, 5.0, 0.6259746762121937], [6.0, 6.5, 0.47534931941552305], [7.5, 8.0, 0.026069312977673623], [8.0, 8.5, 0.06612253435742625], [8.5, 9.0, 0.5079771247319658], [9.0, 9.5, 0.11197787542667575], [9.5, 10.0, 0.2321996010422329]], ""V4"": [[4.0, 4.5, 0.26625177044542414], [4.5, 5.0, 0.35], [6.0, 6.5, 0.1132275796974885], [8.5, 9.0, 0.27173463717126617], [9.5, 10.0, 0.2688117667577896]], ""V5"": [[0.5, 1.0, 0.1501248420793099], [1.0, 1.5, 0.07773027642139987], [1.5, 2.0, 0.0773997912749865], [4.0, 4.5, 0.23203008506688724], [4.5, 5.0, 0.062026436202521226], [7.5, 8.0, 0.2622281325440519], [8.0, 8.5, 0.22738247889964644], [8.5, 9.0, 0.13761963532074872], [9.0, 9.5, 0.35], [9.5, 10.0, 0.27917724379647846]], ""V6"": [[4.0, 4.5, 0.22666444984530937], [4.5, 5.0, 0.35], [6.0, 6.5, 0.1352015307265072], [8.5, 9.0, 0.1873845074209961], [9.5, 10.0, 0.13471739625405874]], ""aVR"": [[0.5, 1.0, 0.2249870080562588], [1.0, 1.5, 0.28379316793210557], [1.5, 2.0, 0.255281604273118], [2.0, 2.5, 0.31042142751474083], [4.0, 4.5, 0.6235316073972372], [4.5, 5.0, 1.0], [6.0, 6.5, 0.058728844391636434], [7.5, 8.0, 0.21285181880337262], [8.0, 8.5, 0.18713424089154537], [8.5, 9.0, 0.7052075169340408], [9.0, 9.5, 0.1952441599746866], [9.5, 10.0, 0.49306715519044364]]}, ""lead_scores"": {""I"": 0.15819707189447468, ""II"": 0.09345893338290744, ""V1"": 0.07250839167036639, ""V3"": 0.16399495703780104, ""V4"": 0.09367822141499886, ""V5"": 0.07244269877360428, ""V6"": 0.10528613903468342, ""aVR"": 0.2404335867911639}, ""top5_leads"": [""aVR"", ""V3"", ""I"", ""V1"", ""V5""]}"
1726,nonspecific intraventricular conduction disorder,nonspecific intraventricular conduction disorder,[],"{""mat_path"": ""C:\\Users\\nares\\Documents\\cvd-early-detection-ecg-uhull\\data\\georgia-12lead-ecg-challenge-database\\Georgia\\E07008.mat"", ""target_label"": ""nonspecific intraventricular conduction disorder"", ""method_label"": ""LIME+TimeSHAP"", ""page_seconds"": 10.0, ""perlead_spans"": {""I"": [[0.0, 0.5, 0.25341938002718156], [0.5, 1.0, 0.28059976462162506], [1.5, 2.0, 0.30610857316169976], [3.0, 3.5, 0.23131029738508027], [4.5, 5.0, 0.312684631020664], [5.0, 5.5, 0.24744234774223134], [5.5, 6.0, 0.2784528313114666], [6.0, 6.5, 0.31991123401231475], [6.5, 7.0, 0.3178340826770032], [8.0, 8.5, 0.35], [8.5, 9.0, 0.33527337693976], [9.5, 10.0, 0.3158572830131782]], ""V1"": [[0.0, 0.5, 0.15751580608505047], [0.5, 1.0, 0.14230914511917012], [1.5, 2.0, 0.23422296607700505], [3.0, 3.5, 0.058220935876600356], [4.5, 5.0, 0.25303171398170077], [5.0, 5.5, 0.18852894384393837], [5.5, 6.0, 0.1489055667564897], [6.0, 6.5, 0.31524721564343516], [6.5, 7.0, 0.1807678136721703], [8.0, 8.5, 0.30318813324452176], [8.5, 9.0, 0.35], [9.5, 10.0, 0.17581726194118238]], ""V3"": [[1.5, 2.0, 0.3042576537633206], [2.0, 2.5, 0.35], [4.0, 4.5, 0.20003474494278556], [4.5, 5.0, 0.3148540758034263], [9.0, 9.5, 0.24812986160300518]], ""V4"": [[1.5, 2.0, 0.3059390760495698], [2.0, 2.5, 0.31253005407437634], [4.0, 4.5, 0.35], [4.5, 5.0, 0.29252880424081823], [9.0, 9.5, 0.3250480487066417]], ""V6"": [[0.0, 0.5, 0.11875123657873105], [0.5, 1.0, 0.18166642061332103], [1.5, 2.0, 0.7649487015201193], [2.0, 2.5, 0.2623524837069087], [3.0, 3.5, 0.254641454369912], [4.0, 4.5, 0.35], [4.5, 5.0, 0.7295044881591979], [5.0, 5.5, 0.28823093336756045], [5.5, 6.0, 0.35], [6.0, 6.5, 0.34135140393173047], [6.5, 7.0, 0.29973291735628166], [8.0, 8.5, 0.34315150909199243], [8.5, 9.0, 0.31828888811155615], [9.0, 9.5, 0.32780536251410647], [9.5, 10.0, 0.3163873685760682]], ""aVF"": [[0.0, 0.5, 0.15185009024707083], [0.5, 1.0, 0.13704863242321594], [1.5, 2.0, 0.24849725036863649], [3.0, 3.5, 0.029041095955774105], [4.5, 5.0, 0.23264421388100484], [5.0, 5.5, 0.1721433741412777], [5.5, 6.0, 0.13143423029131918], [6.0, 6.5, 0.34003790625323943], [6.5, 7.0, 0.26885920261196355], [8.0, 8.5, 0.29887424103101035], [8.5, 9.0, 0.35], [9.5, 10.0, 0.21869079246245868]], ""aVL"": [[1.5, 2.0, 0.31771987784020667], [2.0, 2.5, 0.35], [4.0, 4.5, 0.2026430976269781], [4.5, 5.0, 0.32963869217613034], [9.0, 9.5, 0.304364813013299]], ""aVR"": [[0.0, 0.5, 0.2606672344818944], [0.5, 1.0, 0.24976307776489154], [1.5, 2.0, 0.8733439369534317], [2.0, 2.5, 0.34900727687728217], [3.0, 3.5, 0.2552188168840823], [4.0, 4.5, 0.35], [4.5, 5.0, 0.9126393447523935], [5.0, 5.5, 0.24170456400627258], [5.5, 6.0, 0.27954989243629175], [6.0, 6.5, 0.3081896396353667], [6.5, 7.0, 0.32488312774993894], [8.0, 8.5, 0.35], [8.5, 9.0, 0.31986234641155586], [9.0, 9.5, 0.3430951798223528], [9.5, 10.0, 0.2996541086640582]]}, ""lead_scores"": {""I"": 0.1313409583080529, ""V1"": 0.04883739446344583, ""V3"": 0.14889190150337533, ""V4"": 0.08043053331540105, ""V6"": 0.21436291722822987, ""aVF"": 0.09054619405076968, ""aVL"": 0.09683647299429753, ""aVR"": 0.18875362813642782}, ""top5_leads"": [""aVR"", ""V6"", ""I"", ""aVF"", ""V1""]}"
2189,nonspecific intraventricular conduction disorder,nonspecific intraventricular conduction disorder,[],"{""mat_path"": ""C:\\Users\\nares\\Documents\\cvd-early-detection-ecg-uhull\\data\\ptbxl-electrocardiography-database\\WFDB\\HR00842.mat"", ""target_label"": ""nonspecific intraventricular conduction disorder"", ""method_label"": ""LIME+TimeSHAP"", ""page_seconds"": 10.0, ""perlead_spans"": {""I"": [[0.0, 0.5, 0.19431540697683944], [0.5, 1.0, 0.23359852532686992], [1.5, 2.0, 0.20330586521714647], [3.0, 3.5, 0.17200061110418852], [4.5, 5.0, 0.16505541495141154], [5.0, 5.5, 0.210183130679613], [5.5, 6.0, 0.22742057202314814], [6.0, 6.5, 0.3299765285650732], [6.5, 7.0, 0.3082416442170161], [7.5, 8.0, 0.33150617354192197], [8.0, 8.5, 0.35], [8.5, 9.0, 0.33808118069812704]], ""III"": [[0.0, 0.5, 0.2428352551332064], [1.0, 1.5, 0.19722083689989822], [4.0, 4.5, 0.13428667610065456], [4.5, 5.0, 0.13895708474996135], [6.0, 6.5, 0.35]], ""V3"": [[0.0, 0.5, 0.14043978124194154], [0.5, 1.0, 0.03557259664702132], [1.0, 1.5, 0.12747212629948318], [1.5, 2.0, 0.06029207500370219], [3.0, 3.5, 0.1033786580086424], [4.0, 4.5, 0.10156395908528604], [4.5, 5.0, 0.15982189700753469], [5.0, 5.5, 0.07940447588675148], [5.5, 6.0, 0.28674358818224366], [6.0, 6.5, 0.799491863688079], [6.5, 7.0, 0.35], [7.5, 8.0, 0.18975126496054778], [8.0, 8.5, 0.2843944601519862], [8.5, 9.0, 0.15479805129598329]], ""V5"": [[0.0, 0.5, 0.16226338113711888], [1.0, 1.5, 0.07190924330881421], [4.0, 4.5, 0.0712285397323361], [4.5, 5.0, 0.05261333249938688], [6.0, 6.5, 0.35]], ""V6"": [[0.0, 0.5, 0.025783051569601076], [0.5, 1.0, 0.0940493603770409], [1.5, 2.0, 0.14646954426864164], [3.0, 3.5, 0.18362266453459014], [4.5, 5.0, 0.11771486281770745], [5.0, 5.5, 0.1585491289345228], [5.5, 6.0, 0.29815096364248445], [6.0, 6.5, 0.09273939572462547], [6.5, 7.0, 0.35], [7.5, 8.0, 0.27476091987880824], [8.0, 8.5, 0.296839463053358], [8.5, 9.0, 0.23504990742299275]], ""aVF"": [[0.0, 0.5, 0.1166894118479814], [0.5, 1.0, 0.11081074676906781], [1.5, 2.0, 0.03967582289877729], [3.0, 3.5, 0.02985167768281856], [4.5, 5.0, 0.06075439347645842], [5.0, 5.5, 0.10403057791420522], [6.0, 6.5, 0.35], [6.5, 7.0, 0.024301017555346558], [7.5, 8.0, 0.16761154231449682], [8.0, 8.5, 0.12625667108780217], [8.5, 9.0, 0.17853151040981036]], ""aVL"": [[0.0, 0.5, 0.18120721745386892], [1.0, 1.5, 0.15924525607389695], [4.0, 4.5, 0.15043998233973124], [4.5, 5.0, 0.13819141950769276], [6.0, 6.5, 0.35]], ""aVR"": [[0.0, 0.5, 0.6661034257413112], [0.5, 1.0, 0.1941628596834493], [1.0, 1.5, 0.35], [1.5, 2.0, 0.23283508618572638], [3.0, 3.5, 0.16006835503749653], [4.0, 4.5, 0.2947793199637851], [4.5, 5.0, 0.7287097844626819], [5.0, 5.5, 0.19323648391669643], [5.5, 6.0, 0.295047013620031], [6.0, 6.5, 0.42791322164640155], [6.5, 7.0, 0.35], [7.5, 8.0, 0.2679894917511177], [8.0, 8.5, 0.26953709359549133], [8.5, 9.0, 0.22154620996461788]]}, ""lead_scores"": {""I"": 0.12795054855700747, ""III"": 0.09548710567957987, ""V3"": 0.22926544415090744, ""V5"": 0.0735641627939875, ""V6"": 0.10354137912851581, ""aVF"": 0.0832993082402571, ""aVL"": 0.09215710676293838, ""aVR"": 0.1947349446868064}, ""top5_leads"": [""aVR"", ""I"", ""V3"", ""V6"", ""aVF""]}"
4101,pacing rhythm,pacing rhythm,[],"{""mat_path"": ""C:\\Users\\nares\\Documents\\cvd-early-detection-ecg-uhull\\data\\ptbxl-electrocardiography-database\\WFDB\\HR19862.mat"", ""target_label"": ""pacing rhythm"", ""method_label"": ""LIME+TimeSHAP"", ""page_seconds"": 10.0, ""perlead_spans"": {""I"": [[0.0, 0.5, 0.05285540115227054], [1.0, 1.5, 0.35], [1.5, 2.0, 0.35], [2.0, 2.5, 0.21064644811981098], [2.5, 3.0, 0.2520248607241041], [3.5, 4.0, 0.05148034980879468], [4.0, 4.5, 0.10576020188315172], [4.5, 5.0, 0.3475872878536483], [5.0, 5.5, 0.02282297389272428], [7.0, 7.5, 0.11921089662739369], [7.5, 8.0, 0.7936540238739025], [8.5, 9.0, 0.21047509090667238], [9.0, 9.5, 0.7685426817815296], [9.5, 10.0, 0.2234357965705984]], ""V2"": [[1.5, 2.0, 0.35], [2.5, 3.0, 0.04328566481207871], [4.5, 5.0, 0.2514096350353941], [7.5, 8.0, 0.25483876983389026], [9.0, 9.5, 0.15205360895456346]], ""V3"": [[0.0, 0.5, 0.1310062930493223], [1.0, 1.5, 0.35], [1.5, 2.0, 0.27201928248141627], [2.0, 2.5, 0.2119508480553332], [2.5, 3.0, 0.20641470187864996], [3.5, 4.0, 0.228142072331932], [4.0, 4.5, 0.2524727545106243], [4.5, 5.0, 0.3485189926189876], [5.0, 5.5, 0.07248076427853682], [7.0, 7.5, 0.14869761350729385], [7.5, 8.0, 0.8736170930322787], [8.5, 9.0, 0.18769343572916208], [9.0, 9.5, 0.4866503593974081], [9.5, 10.0, 0.15119417968295432]], ""V4"": [[1.0, 1.5, 0.35], [1.5, 2.0, 0.35], [2.0, 2.5, 0.22061680937679592], [2.5, 3.0, 0.04618190426775844], [3.5, 4.0, 0.16076489245904488], [4.0, 4.5, 0.06066727764936105], [4.5, 5.0, 0.33236032953575945], [7.0, 7.5, 0.07439863653027573], [7.5, 8.0, 0.8589326027333761], [8.5, 9.0, 0.1993488260663406], [9.0, 9.5, 0.5909868454713608], [9.5, 10.0, 0.17853748478888307]], ""V5"": [[0.0, 0.5, 0.191582773967021], [1.0, 1.5, 0.22700235822262965], [2.5, 3.0, 0.038450537250320646], [3.5, 4.0, 0.35], [4.0, 4.5, 0.2842369108429889], [5.0, 5.5, 0.07372669884691643], [7.0, 7.5, 0.1956421637449504], [7.5, 8.0, 0.20568745951994605], [8.5, 9.0, 0.09403753606003987], [9.0, 9.5, 0.20531526531033345], [9.5, 10.0, 0.16886966829833647]], ""V6"": [[0.0, 0.5, 0.027227395115767203], [1.0, 1.5, 0.35], [1.5, 2.0, 0.35], [2.0, 2.5, 0.25743956932758916], [2.5, 3.0, 0.05850616035061286], [3.5, 4.0, 0.16288483889290492], [4.0, 4.5, 0.14297033381934227], [4.5, 5.0, 0.2773656647299536], [7.0, 7.5, 0.022738990509238093], [7.5, 8.0, 0.7228559480194992], [8.5, 9.0, 0.17318543833011474], [9.0, 9.5, 0.5246347191689514], [9.5, 10.0, 0.14113481163933297]]}, ""lead_scores"": {""I"": 0.1466641659870338, ""V2"": 0.08846590309023322, ""V3"": 0.21309650230288646, ""V4"": 0.21011228727291736, ""V5"": 0.08166310831092528, ""V6"": 0.2599980330360039}, ""top5_leads"": [""V3"", ""I"", ""V4"", ""V6"", ""V5""]}"
4117,pacing rhythm,pacing rhythm,[],"{""mat_path"": ""C:\\Users\\nares\\Documents\\cvd-early-detection-ecg-uhull\\data\\ptbxl-electrocardiography-database\\WFDB\\HR20013.mat"", ""target_label"": ""pacing rhythm"", ""method_label"": ""LIME+TimeSHAP"", ""page_seconds"": 10.0, ""perlead_spans"": {""I"": [[1.0, 1.5, 0.25166135497304465], [6.5, 7.0, 0.18702223512668792], [7.0, 7.5, 0.35], [7.5, 8.0, 0.3447303875090851], [8.5, 9.0, 0.1698559780800932]], ""II"": [[1.0, 1.5, 0.35], [6.5, 7.0, 0.16588845215770867], [7.0, 7.5, 0.33416798142761506], [7.5, 8.0, 0.33638316114206074], [8.5, 9.0, 0.22828344419084454]], ""V3"": [[1.0, 1.5, 0.8957060138199333], [2.0, 2.5, 0.2341965407751837], [2.5, 3.0, 0.04269662355768699], [4.0, 4.5, 0.24658616130556202], [6.0, 6.5, 0.18896974663577584], [6.5, 7.0, 0.6328193086265725], [7.0, 7.5, 0.9473281056666084], [7.5, 8.0, 0.9854538408766848], [8.5, 9.0, 0.7790626362838696], [9.0, 9.5, 0.218689559842545], [9.5, 10.0, 0.24990346976993025]], ""V4"": [[1.0, 1.5, 0.7456845641192152], [2.0, 2.5, 0.18011233582712402], [5.0, 5.5, 0.06496976620881158], [6.0, 6.5, 0.13102938589864407], [6.5, 7.0, 0.6966583157093565], [7.0, 7.5, 1.0], [7.5, 8.0, 0.8225358910004402], [8.5, 9.0, 0.5471577433942408], [9.0, 9.5, 0.08200903341760067], [9.5, 10.0, 0.13025694967080578]], ""V5"": [[1.0, 1.5, 0.3042886617913704], [2.0, 2.5, 0.16485274439998077], [2.5, 3.0, 0.040551474491938716], [4.0, 4.5, 0.24543739022636785], [6.0, 6.5, 0.10899466839148363], [6.5, 7.0, 0.10501481944033961], [7.0, 7.5, 0.13650311212685418], [7.5, 8.0, 0.35], [8.5, 9.0, 0.2736894837452176], [9.0, 9.5, 0.20273234052093486], [9.5, 10.0, 0.21716164063773366]], ""V6"": [[1.0, 1.5, 0.8304983972870499], [2.0, 2.5, 0.27529017593520055], [2.5, 3.0, 0.03623609475651007], [5.0, 5.5, 0.0732592150552889], [6.0, 6.5, 0.15683689366497153], [6.5, 7.0, 0.7923363891072784], [7.0, 7.5, 1.0], [7.5, 8.0, 0.9111471774246666], [8.5, 9.0, 0.6249235043574565], [9.0, 9.5, 0.11849704442092651], [9.5, 10.0, 0.0897535890211861]], ""aVL"": [[1.0, 1.5, 0.35], [2.0, 2.5, 0.0708059120700282], [2.5, 3.0, 0.057851192097392055], [4.0, 4.5, 0.3272260839328486], [5.0, 5.5, 0.03785086427903189], [6.0, 6.5, 0.12855492746237468], [6.5, 7.0, 0.1451042333829117], [7.0, 7.5, 0.21416819205270768], [7.5, 8.0, 0.2855146220730852], [8.5, 9.0, 0.28250435406617114], [9.0, 9.5, 0.21714178164025677], [9.5, 10.0, 0.22676746183564805]]}, ""lead_scores"": {""I"": 0.08491921333222859, ""II"": 0.07319740401737976, ""V3"": 0.2624211942806881, ""V4"": 0.18006926745205082, ""V5"": 0.08244779765079258, ""V6"": 0.23161213881914758, ""aVL"": 0.08533298444771256}, ""top5_leads"": [""V3"", ""V6"", ""V4"", ""aVL"", ""V5""]}"
3363,premature atrial contraction,premature atrial contraction,[],"{""mat_path"": ""C:\\Users\\nares\\Documents\\cvd-early-detection-ecg-uhull\\data\\ptbxl-electrocardiography-database\\WFDB\\HR12391.mat"", ""target_label"": ""premature atrial contraction"", ""method_label"": ""LIME+TimeSHAP"", ""page_seconds"": 10.0, ""perlead_spans"": {""I"": [[0.0, 0.5, 0.1372498031318161], [0.5, 1.0, 0.1405890256172558], [3.0, 3.5, 0.1680482398002924], [3.5, 4.0, 0.0486374194200638], [5.0, 5.5, 0.20386960911088037], [5.5, 6.0, 0.1783855589323486], [6.5, 7.0, 0.16455349439228123], [7.5, 8.0, 0.35], [8.0, 8.5, 0.281384316514602], [8.5, 9.0, 0.2063663070484499], [9.0, 9.5, 0.22544406020471675], [9.5, 10.0, 0.19551126480990857]], ""V2"": [[7.5, 8.0, 0.35], [8.0, 8.5, 0.2325884679738007], [8.5, 9.0, 0.20856408152618464], [9.0, 9.5, 0.17511224654441995], [9.5, 10.0, 0.18277972951925966]], ""V3"": [[7.5, 8.0, 0.35], [8.0, 8.5, 0.2501244928341577], [8.5, 9.0, 0.22752880584541854], [9.0, 9.5, 0.2539775856495246], [9.5, 10.0, 0.23580299558540105]], ""V4"": [[0.0, 0.5, 0.09209350578039954], [0.5, 1.0, 0.06402083466390075], [3.0, 3.5, 0.12068802845990381], [3.5, 4.0, 0.04370219029367316], [5.0, 5.5, 0.35], [5.5, 6.0, 0.24849975759480966], [6.5, 7.0, 0.17342962805214882], [7.5, 8.0, 0.8876395441091417], [8.0, 8.5, 0.5986135384204787], [8.5, 9.0, 0.6489112596470932], [9.0, 9.5, 0.49387269653789184], [9.5, 10.0, 0.5697332933701148]], ""V6"": [[0.0, 0.5, 0.09416385002142685], [0.5, 1.0, 0.09563182251885896], [3.0, 3.5, 0.07298201534220593], [3.5, 4.0, 0.08351445515178281], [5.0, 5.5, 0.22158743833079603], [5.5, 6.0, 0.1487506200375939], [6.5, 7.0, 0.15387357749641573], [7.5, 8.0, 1.0], [8.0, 8.5, 0.8563909970375534], [8.5, 9.0, 0.7159466210383669], [9.0, 9.5, 0.6000501654734582], [9.5, 10.0, 0.48503947721436125]], ""aVF"": [[0.0, 0.5, 0.10257457940348266], [0.5, 1.0, 0.06951904371385001], [3.0, 3.5, 0.06733232708067599], [3.5, 4.0, 0.11496868039013354], [5.0, 5.5, 0.23836590646110545], [5.5, 6.0, 0.24700652850986976], [6.5, 7.0, 0.35], [7.5, 8.0, 0.32367149369298426], [8.0, 8.5, 0.32336736169453617], [8.5, 9.0, 0.23353479671397548], [9.0, 9.5, 0.2739860029073232], [9.5, 10.0, 0.3067340599545695]], ""aVR"": [[0.0, 0.5, 0.22410293625659353], [0.5, 1.0, 0.2099223634773582], [3.0, 3.5, 0.18217423977542277], [3.5, 4.0, 0.21705827654759477], [5.0, 5.5, 0.24770960414743412], [5.5, 6.0, 0.12285220363881504], [6.5, 7.0, 0.13575340986935716], [7.5, 8.0, 0.9388743296864327], [8.0, 8.5, 1.0], [8.5, 9.0, 0.5260124499330692], [9.0, 9.5, 0.7496402112754232], [9.5, 10.0, 0.8320162077659522]]}, ""lead_scores"": {""I"": 0.13786428237624238, ""V2"": 0.07525113172500915, ""V3"": 0.11177276900895795, ""V4"": 0.1856221010344204, ""V6"": 0.2749028596376511, ""aVF"": 0.07933311916627034, ""aVR"": 0.13525373705144866}, ""top5_leads"": [""aVR"", ""V6"", ""V4"", ""aVF"", ""I""]}"
3879,premature atrial contraction,premature atrial contraction,[],"{""mat_path"": ""C:\\Users\\nares\\Documents\\cvd-early-detection-ecg-uhull\\data\\ptbxl-electrocardiography-database\\WFDB\\HR17607.mat"", ""target_label"": ""premature atrial contraction"", ""method_label"": ""LIME+TimeSHAP"", ""page_seconds"": 10.0, ""perlead_spans"": {""I"": [[0.0, 0.5, 0.1852168093820295], [0.5, 1.0, 0.15623271652357215], [1.5, 2.0, 0.06917597699580588], [2.0, 2.5, 0.21990682817256962], [3.0, 3.5, 0.22089157073808643], [3.5, 4.0, 0.08632861338762553], [4.0, 4.5, 0.15532326699336482], [4.5, 5.0, 0.30146083471644886], [5.0, 5.5, 0.09346323774305867], [8.0, 8.5, 0.1373072806708249], [9.0, 9.5, 0.35], [9.5, 10.0, 0.32327044933101534]], ""II"": [[0.0, 0.5, 0.18278178144499943], [0.5, 1.0, 0.3083078264104453], [1.5, 2.0, 0.35], [2.0, 2.5, 0.10020600345538322], [3.0, 3.5, 0.06081237822685854], [3.5, 4.0, 0.13508620036254895], [4.0, 4.5, 0.2022371457719765], [4.5, 5.0, 0.09729001861401419], [5.0, 5.5, 0.13755020263676504], [8.0, 8.5, 0.268258671135239], [9.0, 9.5, 0.13069119285941103], [9.5, 10.0, 0.09121153584230568]], ""V2"": [[1.5, 2.0, 0.35], [2.0, 2.5, 0.22574141474444473], [3.5, 4.0, 0.2861804038685816], [4.5, 5.0, 0.31273966128845987], [9.0, 9.5, 0.28338343030560764]], ""V3"": [[1.5, 2.0, 0.335836942587626], [2.0, 2.5, 0.25402180715820794], [3.5, 4.0, 0.25485077252439786], [4.5, 5.0, 0.24959601431291417], [9.0, 9.5, 0.35]], ""V6"": [[0.0, 0.5, 0.1875940114985806], [0.5, 1.0, 0.2190351113053251], [1.5, 2.0, 0.6952086327200705], [2.0, 2.5, 0.46107669149939934], [3.0, 3.5, 0.06773314819398432], [3.5, 4.0, 0.5415388925238386], [4.0, 4.5, 0.10081693073681376], [4.5, 5.0, 0.7289841729877906], [5.0, 5.5, 0.029288562360974157], [8.0, 8.5, 0.2943306120079624], [9.0, 9.5, 0.8969063601159017], [9.5, 10.0, 0.35]], ""aVF"": [[0.0, 0.5, 0.16235149333125504], [0.5, 1.0, 0.2393291755617339], [1.5, 2.0, 0.2542943545705268], [2.0, 2.5, 0.12436357250005424], [3.0, 3.5, 0.08628152308726927], [3.5, 4.0, 0.09981361201731956], [4.0, 4.5, 0.17306754412582748], [4.5, 5.0, 0.09932768200282946], [5.0, 5.5, 0.158945475994009], [8.0, 8.5, 0.35], [9.0, 9.5, 0.15693457703134947], [9.5, 10.0, 0.11522245301114598]], ""aVL"": [[1.5, 2.0, 0.2803773270457833], [2.0, 2.5, 0.28336582084924844], [3.5, 4.0, 0.24226288552767286], [4.5, 5.0, 0.35], [9.0, 9.5, 0.25589378442759003]], ""aVR"": [[0.0, 0.5, 0.26660241162986226], [0.5, 1.0, 0.28340698153089017], [1.5, 2.0, 1.0], [2.0, 2.5, 0.6062242392771068], [3.0, 3.5, 0.19307419929720676], [3.5, 4.0, 0.8762819728788249], [4.0, 4.5, 0.23600804013497403], [4.5, 5.0, 0.7324139222957645], [5.0, 5.5, 0.1585553729392791], [8.0, 8.5, 0.12543918159392187], [9.0, 9.5, 0.6295880479490076], [9.5, 10.0, 0.1434826991324415]]}, ""lead_scores"": {""I"": 0.09086483896525697, ""II"": 0.09318414742162007, ""V2"": 0.08748672829216168, ""V3"": 0.1300225283311989, ""V6"": 0.15713298247856897, ""aVF"": 0.13042716403275498, ""aVL"": 0.08364818095856554, ""aVR"": 0.2272334295198729}, ""top5_leads"": [""aVR"", ""V6"", ""I"", ""II"", ""aVF""]}"
125,premature ventricular contractions,premature ventricular contractions,[],"{""mat_path"": ""C:\\Users\\nares\\Documents\\cvd-early-detection-ecg-uhull\\data\\china-12lead-ecg-challenge-database\\Training_2\\Q1201.mat"", ""target_label"": ""premature ventricular contractions"", ""method_label"": ""LIME+TimeSHAP"", ""page_seconds"": 10.0, ""perlead_spans"": {""III"": [[0.0, 0.5, 0.16974487012698708], [0.5, 1.0, 0.15176400288789987], [1.5, 2.0, 0.10369551570495873], [3.0, 3.5, 0.2766465770854627], [5.0, 5.5, 0.35], [5.5, 6.0, 0.3287480695724077], [6.0, 6.5, 0.3151905032624615], [8.0, 8.5, 0.1838532663876488], [8.5, 9.0, 0.2408594565759722], [9.0, 9.5, 0.1996761953097361], [9.5, 10.0, 0.25155909453271985]], ""V1"": [[2.0, 2.5, 0.17456828891722084], [7.5, 8.0, 0.2516513668736796], [8.5, 9.0, 0.35], [9.0, 9.5, 0.29005417479778584], [9.5, 10.0, 0.34878060998897414]], ""V2"": [[2.0, 2.5, 0.06915228359551762], [7.5, 8.0, 0.22786133798315858], [8.5, 9.0, 0.35], [9.0, 9.5, 0.22933294010235575], [9.5, 10.0, 0.2586580776842034]], ""V4"": [[0.0, 0.5, 0.2569077540320346], [0.5, 1.0, 0.2278605309783397], [1.5, 2.0, 0.10047019853534471], [2.0, 2.5, 0.03730383715194863], [3.0, 3.5, 0.07640868443947692], [4.5, 5.0, 0.05741045304758094], [5.0, 5.5, 0.043120355248760574], [5.5, 6.0, 0.046707826169885024], [6.0, 6.5, 0.061379903952503166], [7.5, 8.0, 0.23164903383759672], [8.0, 8.5, 0.25471517856774556], [8.5, 9.0, 1.0], [9.0, 9.5, 0.7566545417125063], [9.5, 10.0, 0.8780466179818617]], ""V5"": [[0.0, 0.5, 0.1521573623842178], [0.5, 1.0, 0.12916089533036318], [1.5, 2.0, 0.06184777893781823], [2.0, 2.5, 0.35], [3.0, 3.5, 0.14724313586703378], [4.5, 5.0, 0.030478276868936637], [5.0, 5.5, 0.33416405936911636], [5.5, 6.0, 0.3264323152148571], [6.0, 6.5, 0.35], [7.5, 8.0, 0.18661177255582928], [8.0, 8.5, 0.13573696081653736], [8.5, 9.0, 0.7159184336186701], [9.0, 9.5, 0.44805434256655363], [9.5, 10.0, 0.6045220224243713]], ""V6"": [[0.0, 0.5, 0.19896562406411453], [0.5, 1.0, 0.16002142772339337], [1.5, 2.0, 0.03988944340794833], [2.0, 2.5, 0.09404190068806106], [3.0, 3.5, 0.025425499127115583], [4.5, 5.0, 0.027491649802784703], [5.0, 5.5, 0.060002881723262326], [5.5, 6.0, 0.04036133479088441], [6.0, 6.5, 0.036417883002090055], [7.5, 8.0, 0.22765097120212893], [8.0, 8.5, 0.2312009353431025], [8.5, 9.0, 1.0], [9.0, 9.5, 0.6707778315876676], [9.5, 10.0, 0.7901357287242099]], ""aVF"": [[1.5, 2.0, 0.05265381565712601], [3.0, 3.5, 0.19025864011919547], [5.0, 5.5, 0.31450665327619487], [5.5, 6.0, 0.31239621155638864], [6.0, 6.5, 0.35], [8.0, 8.5, 0.06026860741810279], [8.5, 9.0, 0.09296609405792929], [9.0, 9.5, 0.06813178260106251], [9.5, 10.0, 0.04536424382741347]]}, ""lead_scores"": {""III"": 0.062414081121052324, ""V1"": 0.08138841667368095, ""V2"": 0.0742240799644701, ""V4"": 0.19692417671945955, ""V5"": 0.21271062067337562, ""V6"": 0.29682669115762084, ""aVF"": 0.07551193369034062}, ""top5_leads"": [""V4"", ""V5"", ""V6"", ""III"", ""aVF""]}"
249,premature ventricular contractions,premature ventricular contractions,[],"{""mat_path"": ""C:\\Users\\nares\\Documents\\cvd-early-detection-ecg-uhull\\data\\china-12lead-ecg-challenge-database\\Training_2\\Q2392.mat"", ""target_label"": ""premature ventricular contractions"", ""method_label"": ""LIME+TimeSHAP"", ""page_seconds"": 10.0, ""perlead_spans"": {""III"": [[2.5, 3.0, 0.19477988776957098], [4.0, 4.5, 0.05708630233988556], [5.0, 5.5, 0.35], [5.5, 6.0, 0.2945613382195092], [6.0, 6.5, 0.3223478212927691]], ""V1"": [[0.5, 1.0, 0.04221635716805173], [1.5, 2.0, 0.1128535815539924], [2.5, 3.0, 0.14627445666084402], [3.0, 3.5, 0.15205075513150723], [4.5, 5.0, 0.10068566217848969], [5.0, 5.5, 0.2793293750609203], [5.5, 6.0, 0.28358167320340266], [6.0, 6.5, 0.35], [6.5, 7.0, 0.23170474522858006], [8.0, 8.5, 0.12279431265396624], [8.5, 9.0, 0.10256429679890437], [9.5, 10.0, 0.07396570440021795]], ""V3"": [[2.5, 3.0, 0.11796575548632435], [4.0, 4.5, 0.020249700090313596], [5.0, 5.5, 0.27856302495407215], [5.5, 6.0, 0.25538019266984435], [6.0, 6.5, 0.35]], ""V4"": [[0.5, 1.0, 0.20933879651071072], [1.5, 2.0, 0.2680469672470088], [2.5, 3.0, 0.18369081305572957], [3.0, 3.5, 0.09273740180276722], [4.5, 5.0, 0.2610193330871521], [5.0, 5.5, 0.18445265959947849], [5.5, 6.0, 0.20696335947434205], [6.0, 6.5, 0.2651467441751798], [6.5, 7.0, 0.26719505667905236], [8.0, 8.5, 0.2775610452048199], [8.5, 9.0, 0.3261171791381479], [9.5, 10.0, 0.35]], ""V5"": [[0.5, 1.0, 0.13542501552776617], [1.5, 2.0, 0.06718480208500524], [2.5, 3.0, 0.5419833383245658], [3.0, 3.5, 0.21970737571644394], [4.0, 4.5, 0.027311757584792987], [4.5, 5.0, 0.11202959669859092], [5.0, 5.5, 1.0], [5.5, 6.0, 0.8525771936483524], [6.0, 6.5, 0.9144804158896488], [6.5, 7.0, 0.13417271997933625], [8.0, 8.5, 0.05905675910429512], [8.5, 9.0, 0.13772851884363646], [9.5, 10.0, 0.18521581547451763]], ""V6"": [[0.5, 1.0, 0.186133023367183], [1.5, 2.0, 0.25167604487004236], [2.5, 3.0, 0.31255248935105867], [3.0, 3.5, 0.02542532639066337], [4.0, 4.5, 0.12404979273308214], [4.5, 5.0, 0.27991900913280354], [5.0, 5.5, 0.41549080221299367], [5.5, 6.0, 0.4510409738285039], [6.0, 6.5, 0.5974756920257881], [6.5, 7.0, 0.23654945252615858], [8.0, 8.5, 0.2920650333285087], [8.5, 9.0, 0.35], [9.5, 10.0, 0.349554998442426]], ""aVF"": [[1.5, 2.0, 0.08940272073303404], [2.5, 3.0, 0.31627918686623513], [3.0, 3.5, 0.1290121172503305], [4.0, 4.5, 0.06523800097518606], [4.5, 5.0, 0.06855302098538889], [5.0, 5.5, 0.9055555176546045], [5.5, 6.0, 0.8612476783678202], [6.0, 6.5, 0.9463215064257605], [6.5, 7.0, 0.23291865343037346], [8.0, 8.5, 0.1278637369863391], [8.5, 9.0, 0.10767651391394457], [9.5, 10.0, 0.06590129930042965]]}, ""lead_scores"": {""III"": 0.08069062455889535, ""V1"": 0.07616622819025873, ""V3"": 0.0740932808691511, ""V4"": 0.10556627262857757, ""V5"": 0.2530661481375308, ""V6"": 0.20179646720854838, ""aVF"": 0.20862097840703805}, ""top5_leads"": [""V5"", ""aVF"", ""V6"", ""V4"", ""V1""]}"
2170,prolonged pr interval,prolonged pr interval,[],"{""mat_path"": ""C:\\Users\\nares\\Documents\\cvd-early-detection-ecg-uhull\\data\\ptbxl-electrocardiography-database\\WFDB\\HR00667.mat"", ""target_label"": ""prolonged pr interval"", ""method_label"": ""LIME+TimeSHAP"", ""page_seconds"": 10.0, ""perlead_spans"": {""I"": [[0.0, 0.5, 0.21833799166192003], [0.5, 1.0, 0.17516301193954906], [1.5, 2.0, 0.16256858812103045], [3.0, 3.5, 0.14031659054652734], [4.5, 5.0, 0.2039698960823997], [5.0, 5.5, 0.18529147951546818], [5.5, 6.0, 0.2231322175256051], [6.5, 7.0, 0.29758097513894627], [7.0, 7.5, 0.35], [8.0, 8.5, 0.31588716400743283], [8.5, 9.0, 0.2634998876441261], [9.5, 10.0, 0.2733204353326791]], ""II"": [[2.0, 2.5, 0.23119544995772662], [4.0, 4.5, 0.2875799085491777], [4.5, 5.0, 0.35], [7.0, 7.5, 0.12294095500463953], [9.0, 9.5, 0.09112498912343626]], ""V2"": [[2.0, 2.5, 0.2517870047195076], [4.0, 4.5, 0.33048357259027167], [4.5, 5.0, 0.35], [7.0, 7.5, 0.24807390044440755], [9.0, 9.5, 0.22322576687318257]], ""V3"": [[2.0, 2.5, 0.14951602669163827], [4.0, 4.5, 0.16453399555874124], [4.5, 5.0, 0.19644628309743953], [7.0, 7.5, 0.35], [9.0, 9.5, 0.28609509794056914]], ""V5"": [[0.0, 0.5, 0.16687059492369893], [0.5, 1.0, 0.17334718189626888], [1.5, 2.0, 0.14043654606129372], [3.0, 3.5, 0.09799279599493488], [4.5, 5.0, 0.17062243904176846], [5.0, 5.5, 0.14998979938259283], [5.5, 6.0, 0.18247448156513713], [6.5, 7.0, 0.23896277840775426], [7.0, 7.5, 0.1732505480473649], [8.0, 8.5, 0.35], [8.5, 9.0, 0.07952280129750097], [9.5, 10.0, 0.03953052283582604]], ""V6"": [[0.0, 0.5, 0.14530718708954146], [0.5, 1.0, 0.24722894783003163], [1.5, 2.0, 0.06694061753359365], [3.0, 3.5, 0.15349531569960967], [4.5, 5.0, 0.25753038345302615], [5.0, 5.5, 0.09026353347093784], [5.5, 6.0, 0.06983378690427239], [6.5, 7.0, 0.15961793853152909], [7.0, 7.5, 0.23251677382729313], [8.0, 8.5, 0.059090747127867375], [8.5, 9.0, 0.35], [9.5, 10.0, 0.2589348160742022]], ""aVF"": [[0.0, 0.5, 0.2795374710164235], [0.5, 1.0, 0.35], [1.5, 2.0, 0.14454439979194184], [3.0, 3.5, 0.08330185473629906], [4.5, 5.0, 0.29626414809544593], [5.0, 5.5, 0.09927273545435476], [5.5, 6.0, 0.07631712284501085], [6.5, 7.0, 0.22027291332422486], [7.0, 7.5, 0.15379792919787064], [8.0, 8.5, 0.28434732741662083], [8.5, 9.0, 0.18346221221930573], [9.5, 10.0, 0.1218874455760716]], ""aVL"": [[2.0, 2.5, 0.18069263384975945], [4.0, 4.5, 0.20638604826189585], [4.5, 5.0, 0.2604759681576832], [7.0, 7.5, 0.35], [9.0, 9.5, 0.2937682418629042]], ""aVR"": [[0.0, 0.5, 0.20187002090147435], [0.5, 1.0, 0.22589299482025874], [1.5, 2.0, 0.24777551705560447], [2.0, 2.5, 0.2507390775169769], [3.0, 3.5, 0.21864268482469223], [4.0, 4.5, 0.31659906751816175], [4.5, 5.0, 1.0], [5.0, 5.5, 0.18181460737184946], [5.5, 6.0, 0.16271074201463293], [6.5, 7.0, 0.1110702383110895], [7.0, 7.5, 0.4838005402518925], [8.0, 8.5, 0.07522133307612476], [8.5, 9.0, 0.23650601294102844], [9.0, 9.5, 0.1861866146846825], [9.5, 10.0, 0.23316326985803393]]}, ""lead_scores"": {""I"": 0.1359133149681432, ""II"": 0.09322499840977716, ""V2"": 0.09916732801226419, ""V3"": 0.11411312143077289, ""V5"": 0.07835932598997644, ""V6"": 0.08796565433176004, ""aVF"": 0.07933745453358114, ""aVL"": 0.09361466270851726, ""aVR"": 0.21830413961520767}, ""top5_leads"": [""aVR"", ""I"", ""aVF"", ""V6"", ""V5""]}"
2221,prolonged pr interval,prolonged pr interval,[],"{""mat_path"": ""C:\\Users\\nares\\Documents\\cvd-early-detection-ecg-uhull\\data\\ptbxl-electrocardiography-database\\WFDB\\HR01138.mat"", ""target_label"": ""prolonged pr interval"", ""method_label"": ""LIME+TimeSHAP"", ""page_seconds"": 10.0, ""perlead_spans"": {""I"": [[0.0, 0.5, 0.3390399218074587], [0.5, 1.0, 0.35], [1.5, 2.0, 0.26244718669119116], [2.5, 3.0, 0.1814972704896242], [3.0, 3.5, 0.2773998530490522], [4.5, 5.0, 0.29195146369562736], [5.0, 5.5, 0.19932101423548565], [5.5, 6.0, 0.20140434486102096], [7.0, 7.5, 0.29146486739571587], [8.0, 8.5, 0.3022921468425692], [8.5, 9.0, 0.3331513209838415], [9.5, 10.0, 0.32350215362422846]], ""V1"": [[0.0, 0.5, 0.15831202166244088], [0.5, 1.0, 0.24648452738747723], [1.5, 2.0, 0.04649495909569231], [2.5, 3.0, 0.10994492998091218], [3.0, 3.5, 0.3060482495880846], [4.5, 5.0, 0.18448814127588017], [5.0, 5.5, 0.18785271315805277], [5.5, 6.0, 0.06453760376220405], [7.0, 7.5, 0.032352477498061194], [8.0, 8.5, 0.19535615340225138], [8.5, 9.0, 0.15746300595090437], [9.5, 10.0, 0.35]], ""V2"": [[2.0, 2.5, 0.35], [4.0, 4.5, 0.22844730760789578], [4.5, 5.0, 0.32517561947383167], [7.0, 7.5, 0.3338715102031207], [9.0, 9.5, 0.2948310700233824]], ""V3"": [[2.0, 2.5, 0.35], [4.0, 4.5, 0.30257454073554224], [4.5, 5.0, 0.30456954582975815], [7.0, 7.5, 0.26275086416714794], [9.0, 9.5, 0.26722961956493607]], ""V4"": [[0.0, 0.5, 0.15298045887375508], [0.5, 1.0, 0.08264143258974006], [1.5, 2.0, 0.2515246117345824], [2.5, 3.0, 0.07989871272508048], [3.0, 3.5, 0.049106134348047704], [4.5, 5.0, 0.18435249301029108], [5.0, 5.5, 0.021640360795565194], [5.5, 6.0, 0.17476972274860247], [7.0, 7.5, 0.35], [8.0, 8.5, 0.19243009444362594], [8.5, 9.0, 0.2820853675884107], [9.5, 10.0, 0.14437913730650234]], ""V6"": [[0.0, 0.5, 0.2015742339435979], [0.5, 1.0, 0.15803613798012986], [1.5, 2.0, 0.2701766382427359], [2.0, 2.5, 0.2606050867267458], [2.5, 3.0, 0.07872718757855858], [3.0, 3.5, 0.06717007377848505], [4.0, 4.5, 0.1275615340749365], [4.5, 5.0, 0.709877371988759], [5.0, 5.5, 0.02363612133925572], [5.5, 6.0, 0.19202567098095608], [7.0, 7.5, 0.9977177753126973], [8.0, 8.5, 0.23533342572751642], [8.5, 9.0, 0.35], [9.0, 9.5, 0.24206625404806376], [9.5, 10.0, 0.1942959349561232]], ""aVL"": [[2.0, 2.5, 0.3246527940370995], [4.0, 4.5, 0.3192143693768132], [4.5, 5.0, 0.35], [7.0, 7.5, 0.24112620932849194], [9.0, 9.5, 0.29943984014019454]], ""aVR"": [[0.0, 0.5, 0.24732094785738692], [0.5, 1.0, 0.25066601291038976], [1.5, 2.0, 0.35], [2.0, 2.5, 0.35], [2.5, 3.0, 0.20789139948450558], [3.0, 3.5, 0.20119667897620647], [4.0, 4.5, 0.20420631067156342], [4.5, 5.0, 0.9629881045129193], [5.0, 5.5, 0.19270835602600003], [5.5, 6.0, 0.2780771411659186], [7.0, 7.5, 0.8824726859971126], [8.0, 8.5, 0.23456050087980115], [8.5, 9.0, 0.2701967119648602], [9.0, 9.5, 0.29814799586368734], [9.5, 10.0, 0.2549374678282822]]}, ""lead_scores"": {""I"": 0.12908867077063885, ""V1"": 0.05260119128351104, ""V2"": 0.09432237112066466, ""V3"": 0.12591211240559913, ""V4"": 0.06254677100122173, ""V6"": 0.21872886118806867, ""aVL"": 0.08903462092464456, ""aVR"": 0.22776540130565134}, ""top5_leads"": [""aVR"", ""V6"", ""I"", ""V1"", ""V4""]}"
1142,prolonged qt interval,prolonged qt interval,[],"{""mat_path"": ""C:\\Users\\nares\\Documents\\cvd-early-detection-ecg-uhull\\data\\georgia-12lead-ecg-challenge-database\\Georgia\\E01185.mat"", ""target_label"": ""prolonged qt interval"", ""method_label"": ""LIME+TimeSHAP"", ""page_seconds"": 10.0, ""perlead_spans"": {""I"": [[0.0, 0.5, 0.05687243806792357], [0.5, 1.0, 0.10106442838569651], [1.5, 2.0, 0.1806787459613345], [3.0, 3.5, 0.3083619630821051], [4.5, 5.0, 0.12547106430506766], [5.0, 5.5, 0.35], [5.5, 6.0, 0.3442314785127141], [6.0, 6.5, 0.32038995979832213], [6.5, 7.0, 0.21486183800238884], [8.0, 8.5, 0.10194934007237007], [8.5, 9.0, 0.06094176658363252], [9.5, 10.0, 0.0420039060986051]], ""III"": [[1.0, 1.5, 0.33683583932998934], [4.0, 4.5, 0.23234108858369243], [7.5, 8.0, 0.31533828972998307], [9.0, 9.5, 0.35], [9.5, 10.0, 0.316251160760195]], ""V3"": [[0.0, 0.5, 0.3354522630881596], [0.5, 1.0, 0.29891052791246076], [1.0, 1.5, 0.28471665554559655], [1.5, 2.0, 0.05640026399072218], [3.0, 3.5, 0.09384858141584246], [4.0, 4.5, 0.16582690658398574], [4.5, 5.0, 0.039002689038004044], [5.0, 5.5, 0.08045428085930499], [6.0, 6.5, 0.06123690173346233], [6.5, 7.0, 0.13114234041880762], [7.5, 8.0, 0.3192569391392539], [8.0, 8.5, 0.35], [8.5, 9.0, 0.295187818357442], [9.0, 9.5, 0.35], [9.5, 10.0, 0.9728649273203284]], ""V5"": [[0.0, 0.5, 0.34569924230206295], [0.5, 1.0, 0.35], [1.0, 1.5, 0.32176911508413497], [1.5, 2.0, 0.08691276978528925], [3.0, 3.5, 0.19942652195249075], [4.0, 4.5, 0.1865877728405925], [4.5, 5.0, 0.12405144277987855], [5.0, 5.5, 0.16650500461963827], [5.5, 6.0, 0.10761651739010648], [6.0, 6.5, 0.10384593337318578], [6.5, 7.0, 0.17439822951345282], [7.5, 8.0, 0.314218056692724], [8.0, 8.5, 0.30601295554344865], [8.5, 9.0, 0.2519740141380108], [9.0, 9.5, 0.35], [9.5, 10.0, 0.976500032833405]], ""aVL"": [[0.0, 0.5, 0.3176846136205357], [0.5, 1.0, 0.31065017123261957], [1.0, 1.5, 0.32219867699006655], [1.5, 2.0, 0.06521817973336037], [3.0, 3.5, 0.15511493584220412], [4.0, 4.5, 0.20071284342970694], [4.5, 5.0, 0.04960889010542117], [5.0, 5.5, 0.09447743427168089], [5.5, 6.0, 0.036833941275696065], [6.5, 7.0, 0.08807531206841895], [7.5, 8.0, 0.3212081365454308], [8.0, 8.5, 0.3146296143080977], [8.5, 9.0, 0.310888315114072], [9.0, 9.5, 0.35], [9.5, 10.0, 0.9619125953088454]], ""aVR"": [[0.0, 0.5, 0.35], [0.5, 1.0, 0.3397483523545815], [1.0, 1.5, 0.30499696955636624], [1.5, 2.0, 0.13118259109237188], [3.0, 3.5, 0.18364181351790482], [4.0, 4.5, 0.2398616798227553], [4.5, 5.0, 0.12302293291626333], [5.0, 5.5, 0.044954659443646135], [5.5, 6.0, 0.0288541870633824], [6.5, 7.0, 0.11062272464725317], [7.5, 8.0, 0.28888811355608784], [8.0, 8.5, 0.28327915351813804], [8.5, 9.0, 0.22948626977496756], [9.0, 9.5, 0.35], [9.5, 10.0, 0.9136192009817161]]}, ""lead_scores"": {""I"": 0.10565089019848312, ""III"": 0.08593271095564069, ""V3"": 0.2568248522508989, ""V5"": 0.22562262629554858, ""aVL"": 0.1798482545745318, ""aVR"": 0.1461206657248969}, ""top5_leads"": [""V5"", ""aVR"", ""aVL"", ""V3"", ""I""]}"
1143,prolonged qt interval,prolonged qt interval,[],"{""mat_path"": ""C:\\Users\\nares\\Documents\\cvd-early-detection-ecg-uhull\\data\\georgia-12lead-ecg-challenge-database\\Georgia\\E01189.mat"", ""target_label"": ""prolonged qt interval"", ""method_label"": ""LIME+TimeSHAP"", ""page_seconds"": 10.0, ""perlead_spans"": {""I"": [[0.0, 0.5, 0.24009413578296962], [0.5, 1.0, 0.2041240317913597], [1.5, 2.0, 0.16199599449084545], [3.0, 3.5, 0.3304094169478104], [3.5, 4.0, 0.19919346482859704], [4.5, 5.0, 0.05992682890874094], [5.0, 5.5, 0.35], [5.5, 6.0, 0.30233802116896846], [6.0, 6.5, 0.23098693049957247], [6.5, 7.0, 0.10162030426706763], [8.0, 8.5, 0.18143922450647154], [8.5, 9.0, 0.21479302763422245]], ""V1"": [[0.0, 0.5, 0.13024066073489218], [0.5, 1.0, 0.2037284235250851], [1.5, 2.0, 0.296973756771452], [3.0, 3.5, 0.21092968229059283], [3.5, 4.0, 0.1606186505977745], [4.5, 5.0, 0.10618213116971151], [5.0, 5.5, 0.35], [5.5, 6.0, 0.28847300383002406], [6.0, 6.5, 0.2719834990394078], [6.5, 7.0, 0.2933715958028375], [8.0, 8.5, 0.18987988866084765], [8.5, 9.0, 0.12535432144896405]], ""V2"": [[0.5, 1.0, 0.23139345092247807], [1.5, 2.0, 0.29848372509215726], [2.0, 2.5, 0.2689297051883304], [5.0, 5.5, 0.35], [7.5, 8.0, 0.1842393909215898]], ""V3"": [[0.5, 1.0, 0.2797003185314664], [1.5, 2.0, 0.27918646576243517], [2.0, 2.5, 0.16140638037407654], [5.0, 5.5, 0.23049611428153796], [7.5, 8.0, 0.35]], ""V4"": [[0.5, 1.0, 0.2813525954358862], [1.5, 2.0, 0.303863056897644], [2.0, 2.5, 0.2961651383116464], [5.0, 5.5, 0.35], [7.5, 8.0, 0.13280686241861497]], ""V5"": [[0.0, 0.5, 0.30992178421071537], [0.5, 1.0, 0.8398714865428315], [1.5, 2.0, 0.7803093907591404], [2.0, 2.5, 0.11463134683333502], [3.0, 3.5, 0.22830723425096838], [3.5, 4.0, 0.35], [4.5, 5.0, 0.10526543927753268], [5.0, 5.5, 0.5482880721512711], [5.5, 6.0, 0.17287864355425633], [6.0, 6.5, 0.12555316391137766], [6.5, 7.0, 0.1949867541026226], [7.5, 8.0, 0.35], [8.0, 8.5, 0.31154797792133215], [8.5, 9.0, 0.3110508494806293]], ""V6"": [[0.0, 0.5, 0.1840857260879244], [0.5, 1.0, 0.38758934874387513], [1.5, 2.0, 0.5187266501983847], [2.0, 2.5, 0.27159678465581993], [3.0, 3.5, 0.32343613290014683], [3.5, 4.0, 0.1707284359895224], [5.0, 5.5, 1.0], [5.5, 6.0, 0.3422627363592059], [6.0, 6.5, 0.23044938657435404], [6.5, 7.0, 0.0932728800277677], [8.0, 8.5, 0.03595788970610419], [8.5, 9.0, 0.0829106767958842]], ""aVR"": [[0.0, 0.5, 0.3290547699607343], [0.5, 1.0, 0.29427811778270163], [1.5, 2.0, 0.25444387390160345], [3.0, 3.5, 0.2195056273446874], [3.5, 4.0, 0.35], [4.5, 5.0, 0.10145569994609248], [5.0, 5.5, 0.19054404675124137], [5.5, 6.0, 0.13009167434581356], [6.0, 6.5, 0.04403122007577433], [6.5, 7.0, 0.1884388338621232], [8.0, 8.5, 0.26226279221187343], [8.5, 9.0, 0.2907029044549559]]}, ""lead_scores"": {""I"": 0.1303613606636566, ""V1"": 0.08682181498009668, ""V2"": 0.07899620090103077, ""V3"": 0.17070875063879473, ""V4"": 0.07832490827137822, ""V5"": 0.19193203719436241, ""V6"": 0.17773988395352353, ""aVR"": 0.08511504339715707}, ""top5_leads"": [""V5"", ""V6"", ""aVR"", ""V1"", ""I""]}"
1142,qwave abnormal,prolonged qt interval,[],"{""mat_path"": ""C:\\Users\\nares\\Documents\\cvd-early-detection-ecg-uhull\\data\\georgia-12lead-ecg-challenge-database\\Georgia\\E01185.mat"", ""target_label"": ""qwave abnormal"", ""method_label"": ""LIME+TimeSHAP"", ""page_seconds"": 10.0, ""perlead_spans"": {""I"": [[0.0, 0.5, 0.35], [0.5, 1.0, 0.3255740303556185], [1.5, 2.0, 0.21146242209388175], [3.0, 3.5, 0.26464859198373725], [4.5, 5.0, 0.07692024231316691], [5.0, 5.5, 0.21612668941433183], [5.5, 6.0, 0.2169220109605264], [6.5, 7.0, 0.2091383245025319], [8.0, 8.5, 0.29573991692953316], [8.5, 9.0, 0.29732172865524126], [9.0, 9.5, 0.3129787209508574], [9.5, 10.0, 0.3081504086202821]], ""III"": [[0.0, 0.5, 0.29113268535341713], [0.5, 1.0, 0.8060570076839922], [1.5, 2.0, 0.14871129715990727], [3.0, 3.5, 0.06306973441053385], [3.5, 4.0, 0.35], [5.0, 5.5, 0.324030129216634], [5.5, 6.0, 0.3095268745477735], [6.5, 7.0, 0.04765533528212179], [7.5, 8.0, 0.2490541842682161], [8.0, 8.5, 0.2658339960598361], [8.5, 9.0, 0.24851818079390794], [9.0, 9.5, 0.9042758709032455], [9.5, 10.0, 0.7341699419935689]], ""V3"": [[0.5, 1.0, 0.332869891653162], [3.5, 4.0, 0.3390046415172895], [7.5, 8.0, 0.3180659608891924], [9.0, 9.5, 0.35], [9.5, 10.0, 0.331951149084593]], ""V5"": [[0.0, 0.5, 0.30329956088473503], [0.5, 1.0, 0.8901570745632438], [1.5, 2.0, 0.0790960695610543], [3.0, 3.5, 0.04108606762150995], [3.5, 4.0, 0.35], [4.5, 5.0, 0.06148238364550761], [5.0, 5.5, 0.11050997790342672], [5.5, 6.0, 0.14959188943416177], [6.5, 7.0, 0.11045923709135572], [7.5, 8.0, 0.23877879994545714], [8.0, 8.5, 0.3019585726346492], [8.5, 9.0, 0.2189918071284387], [9.0, 9.5, 0.9338462184677643], [9.5, 10.0, 0.843461517227129]], ""aVF"": [[0.0, 0.5, 0.27572470998561693], [0.5, 1.0, 0.2606371934290088], [1.5, 2.0, 0.11865366269173823], [3.0, 3.5, 0.09320858003581411], [4.5, 5.0, 0.10753101390629224], [5.0, 5.5, 0.07705566368148484], [5.5, 6.0, 0.08259026277621405], [6.5, 7.0, 0.07278061153855253], [8.0, 8.5, 0.3082254739431334], [8.5, 9.0, 0.24893203270090572], [9.0, 9.5, 0.35], [9.5, 10.0, 0.24052262497312935]], ""aVL"": [[0.5, 1.0, 0.2769011399865998], [3.5, 4.0, 0.35], [7.5, 8.0, 0.21478440149528127], [9.0, 9.5, 0.2575837206657121], [9.5, 10.0, 0.2501878628367041]], ""aVR"": [[0.0, 0.5, 0.30498839859390625], [0.5, 1.0, 0.9017773067081172], [1.5, 2.0, 0.29047202522296145], [3.0, 3.5, 0.313909222716396], [3.5, 4.0, 0.35], [4.5, 5.0, 0.14580099905827765], [5.0, 5.5, 0.2407729206923868], [5.5, 6.0, 0.2038600345239618], [6.5, 7.0, 0.22927569729174077], [7.5, 8.0, 0.19002992306156793], [8.0, 8.5, 0.304413772839312], [8.5, 9.0, 0.32714092767983205], [9.0, 9.5, 0.8098191518542391], [9.5, 10.0, 0.7908517012946504]]}, ""lead_scores"": {""I"": 0.152287503288752, ""III"": 0.18295612116190377, ""V3"": 0.15782555427852887, ""V5"": 0.19856669250794823, ""aVF"": 0.07435374880017726, ""aVL"": 0.08500869274210751, ""aVR"": 0.14900168722058238}, ""top5_leads"": [""aVR"", ""III"", ""V5"", ""I"", ""aVF""]}"
1448,qwave abnormal,qwave abnormal,[],"{""mat_path"": ""C:\\Users\\nares\\Documents\\cvd-early-detection-ecg-uhull\\data\\georgia-12lead-ecg-challenge-database\\Georgia\\E04142.mat"", ""target_label"": ""qwave abnormal"", ""method_label"": ""LIME+TimeSHAP"", ""page_seconds"": 10.0, ""perlead_spans"": {""I"": [[0.0, 0.5, 0.32402675473292003], [0.5, 1.0, 0.35], [1.5, 2.0, 0.23594028360262181], [3.0, 3.5, 0.2979017739425945], [4.5, 5.0, 0.13420264504752139], [5.0, 5.5, 0.20254242558430702], [5.5, 6.0, 0.267198733614016], [6.5, 7.0, 0.2015654777511862], [8.0, 8.5, 0.23797745061402512], [8.5, 9.0, 0.28456890641096133], [9.0, 9.5, 0.3065105047884352], [9.5, 10.0, 0.2511591029328225]], ""III"": [[1.0, 1.5, 0.3495813231408935], [7.5, 8.0, 0.2546038770915231], [8.5, 9.0, 0.28413649940534014], [9.0, 9.5, 0.27974360173223056], [9.5, 10.0, 0.35]], ""V3"": [[1.0, 1.5, 0.2784859616587779], [7.5, 8.0, 0.3193456528801725], [8.5, 9.0, 0.3155816670583278], [9.0, 9.5, 0.3323256534888952], [9.5, 10.0, 0.35]], ""V4"": [[1.0, 1.5, 0.20065613053382053], [7.5, 8.0, 0.35], [8.5, 9.0, 0.28261660546638667], [9.0, 9.5, 0.3036443985485356], [9.5, 10.0, 0.20992630487790115]], ""V5"": [[0.0, 0.5, 0.20129052214373266], [0.5, 1.0, 0.3255352905825635], [1.5, 2.0, 0.10395072083373579], [4.5, 5.0, 0.05156277469257669], [5.0, 5.5, 0.07702931887961195], [6.5, 7.0, 0.0745445395005652], [8.0, 8.5, 0.27793819768125616], [8.5, 9.0, 0.331894604335591], [9.0, 9.5, 0.3004705464894516], [9.5, 10.0, 0.35]], ""V6"": [[0.0, 0.5, 0.18299400219299733], [0.5, 1.0, 0.2092635038655879], [1.5, 2.0, 0.35], [3.0, 3.5, 0.33499373429329027], [4.5, 5.0, 0.2001264374567931], [5.0, 5.5, 0.12600734590730284], [5.5, 6.0, 0.17425304989159512], [6.5, 7.0, 0.20103784255963172], [8.0, 8.5, 0.1172804662631986], [8.5, 9.0, 0.13115297690109193], [9.0, 9.5, 0.20939331694923463], [9.5, 10.0, 0.08106608704918263]], ""aVF"": [[0.0, 0.5, 0.24011802030917181], [0.5, 1.0, 0.3476279163729479], [1.5, 2.0, 0.14560464696218584], [3.0, 3.5, 0.12547665455331475], [4.5, 5.0, 0.12367577277843261], [5.0, 5.5, 0.20970216054564306], [5.5, 6.0, 0.35], [6.5, 7.0, 0.16990833927591664], [8.0, 8.5, 0.05140552578399082], [8.5, 9.0, 0.10645311648229078], [9.0, 9.5, 0.13124512102826238], [9.5, 10.0, 0.14870226908866735]], ""aVL"": [[1.0, 1.5, 0.28946666428895557], [7.5, 8.0, 0.20863236576611863], [8.5, 9.0, 0.2734779198292239], [9.0, 9.5, 0.3081025946067064], [9.5, 10.0, 0.35]], ""aVR"": [[0.0, 0.5, 0.27126483411467106], [0.5, 1.0, 0.35], [1.0, 1.5, 0.34858229808455404], [1.5, 2.0, 0.22186810639211857], [3.0, 3.5, 0.2891237528230996], [4.5, 5.0, 0.17074070492291724], [5.0, 5.5, 0.20041562092640203], [5.5, 6.0, 0.2773184253486925], [6.5, 7.0, 0.18705830315452834], [7.5, 8.0, 0.26866980051182704], [8.0, 8.5, 0.25675652746361366], [8.5, 9.0, 0.8099625354095081], [9.0, 9.5, 0.9843986655102045], [9.5, 10.0, 0.9170029459572309]]}, ""lead_scores"": {""I"": 0.1719655610711428, ""III"": 0.09954326604750129, ""V3"": 0.15325075056123907, ""V4"": 0.08543974902646105, ""V5"": 0.07259960447226914, ""V6"": 0.07050501879585014, ""aVF"": 0.07958890513241795, ""aVL"": 0.0844773693767889, ""aVR"": 0.18262977551632964}, ""top5_leads"": [""aVR"", ""I"", ""V6"", ""aVF"", ""V5""]}"
2004,right axis deviation,right axis deviation,[],"{""mat_path"": ""C:\\Users\\nares\\Documents\\cvd-early-detection-ecg-uhull\\data\\georgia-12lead-ecg-challenge-database\\Georgia\\E09867.mat"", ""target_label"": ""right axis deviation"", ""method_label"": ""LIME+TimeSHAP"", ""page_seconds"": 10.0, ""perlead_spans"": {""I"": [[0.0, 0.5, 0.19476146638316236], [0.5, 1.0, 0.24720152831641565], [1.0, 1.5, 0.7579687138133581], [1.5, 2.0, 0.2509679643306751], [2.5, 3.0, 0.9457393529858263], [3.0, 3.5, 1.0], [4.0, 4.5, 0.5527163536845816], [4.5, 5.0, 0.29253056738757016], [5.0, 5.5, 0.23714183362661304], [5.5, 6.0, 0.2109005027638037], [6.0, 6.5, 0.5771873738433735], [8.0, 8.5, 0.20650116059276835]], ""II"": [[0.0, 0.5, 0.3370977088425824], [0.5, 1.0, 0.13190659473241023], [1.0, 1.5, 0.2942446747035172], [1.5, 2.0, 0.179064912415398], [2.5, 3.0, 0.7055554511237333], [3.0, 3.5, 0.11556493883126152], [4.0, 4.5, 0.4334812468847007], [5.5, 6.0, 0.0322378932715396], [6.0, 6.5, 0.16161639846098863], [8.0, 8.5, 0.2102390900846689]], ""V2"": [[1.0, 1.5, 0.2653401324588506], [2.5, 3.0, 0.23317771059868048], [3.0, 3.5, 0.35], [4.0, 4.5, 0.32143005291306703], [6.0, 6.5, 0.1545678231291289]], ""V3"": [[0.0, 0.5, 0.24792938771247103], [0.5, 1.0, 0.10940769328134052], [1.0, 1.5, 0.384145944543969], [1.5, 2.0, 0.0866342912040178], [2.5, 3.0, 0.25332820826048397], [3.0, 3.5, 0.4649109586150119], [4.0, 4.5, 0.7187102564437], [4.5, 5.0, 0.22070530412565728], [5.0, 5.5, 0.26392409881113127], [5.5, 6.0, 0.13116407969443378], [6.0, 6.5, 0.2500057911894399], [8.0, 8.5, 0.1450464969575706]], ""aVF"": [[0.0, 0.5, 0.35], [0.5, 1.0, 0.11345326051708313], [1.0, 1.5, 0.2522610129112541], [1.5, 2.0, 0.16306604558958365], [2.5, 3.0, 0.14315307924856124], [3.0, 3.5, 0.24039520619982374], [4.0, 4.5, 0.2750580476664659], [4.5, 5.0, 0.0983942404587488], [5.0, 5.5, 0.04075694744176084], [5.5, 6.0, 0.04776630350276649], [8.0, 8.5, 0.12414442243821755]], ""aVR"": [[0.0, 0.5, 0.22256274462712322], [0.5, 1.0, 0.29836605770610447], [1.0, 1.5, 0.8441581513525594], [1.5, 2.0, 0.2611517405596278], [2.5, 3.0, 0.968077644641644], [3.0, 3.5, 0.7828362723799812], [4.0, 4.5, 0.5166831922372904], [4.5, 5.0, 0.26983851876334636], [5.0, 5.5, 0.2178549145833637], [5.5, 6.0, 0.20038595311829802], [6.0, 6.5, 0.38502613733630126], [8.0, 8.5, 0.09547547005238406]]}, ""lead_scores"": {""I"": 0.2004679569285035, ""II"": 0.19185050152553157, ""V2"": 0.10663656516002466, ""V3"": 0.19135241298252803, ""aVF"": 0.08171328118297232, ""aVR"": 0.22797928222043992}, ""top5_leads"": [""I"", ""aVR"", ""V3"", ""II"", ""aVF""]}"
3564,right axis deviation,right axis deviation,[],"{""mat_path"": ""C:\\Users\\nares\\Documents\\cvd-early-detection-ecg-uhull\\data\\ptbxl-electrocardiography-database\\WFDB\\HR14360.mat"", ""target_label"": ""right axis deviation"", ""method_label"": ""LIME+TimeSHAP"", ""page_seconds"": 10.0, ""perlead_spans"": {""I"": [[0.0, 0.5, 0.2926786269272894], [0.5, 1.0, 0.28805930658299084], [1.5, 2.0, 0.28702179039932724], [2.5, 3.0, 0.18240590484199704], [3.0, 3.5, 0.19625205740969418], [3.5, 4.0, 0.2526767627243622], [4.5, 5.0, 0.25500529898989566], [5.0, 5.5, 0.35], [5.5, 6.0, 0.28228388126495446], [7.5, 8.0, 0.34306480501212977], [8.0, 8.5, 0.32985320717693195], [8.5, 9.0, 0.28991670641601586]], ""V2"": [[0.0, 0.5, 0.27045396445807474], [2.5, 3.0, 0.22330503950166444], [3.5, 4.0, 0.35], [5.0, 5.5, 0.2182394574021247], [7.5, 8.0, 0.24445352706414972]], ""V3"": [[0.0, 0.5, 0.07060050732406994], [2.5, 3.0, 0.21829308325714894], [3.5, 4.0, 0.02817554942490774], [5.0, 5.5, 0.35], [7.5, 8.0, 0.11310108867860406]], ""V4"": [[0.0, 0.5, 0.28789203375451733], [2.5, 3.0, 0.25437517348317523], [3.5, 4.0, 0.35], [5.0, 5.5, 0.21554618619004276], [7.5, 8.0, 0.2630911083523676]], ""V5"": [[0.0, 0.5, 0.5688217747963493], [0.5, 1.0, 0.07652617472198468], [1.5, 2.0, 0.3342003781350779], [2.5, 3.0, 0.19895683330384784], [3.5, 4.0, 0.8424386652320854], [4.5, 5.0, 0.35], [5.0, 5.5, 0.8814652628318049], [5.5, 6.0, 0.22341207363716634], [7.5, 8.0, 0.3937555792331154], [8.5, 9.0, 0.030368395929013837]], ""V6"": [[0.0, 0.5, 0.8943258904438456], [0.5, 1.0, 0.21291129509750997], [1.5, 2.0, 0.020797264145835194], [2.5, 3.0, 0.2909191357152915], [3.0, 3.5, 0.13363090968890193], [3.5, 4.0, 1.0], [4.5, 5.0, 0.04924787057181209], [5.0, 5.5, 0.22385997093753535], [5.5, 6.0, 0.09271314941917387], [7.5, 8.0, 0.8883328923067204], [8.0, 8.5, 0.18936307158174526], [8.5, 9.0, 0.06455404107901015]], ""aVF"": [[0.0, 0.5, 0.07154486924406045], [0.5, 1.0, 0.04000306706829763], [1.5, 2.0, 0.35], [2.5, 3.0, 0.04433239699310545], [3.5, 4.0, 0.07565883392294298], [4.5, 5.0, 0.32582063884676565], [5.0, 5.5, 0.31363017870103505], [5.5, 6.0, 0.27412471531622185], [7.5, 8.0, 0.022088191935611998], [8.0, 8.5, 0.09331170087598055], [8.5, 9.0, 0.0891794922490326]], ""aVR"": [[0.0, 0.5, 0.20930336452336898], [0.5, 1.0, 0.2108879151216532], [1.5, 2.0, 0.2677956753608523], [2.5, 3.0, 0.2436561196775896], [3.0, 3.5, 0.2252942111750008], [3.5, 4.0, 0.24870908194656907], [4.5, 5.0, 0.26031579891754747], [5.0, 5.5, 0.35], [5.5, 6.0, 0.30168897302012115], [7.5, 8.0, 0.25881446462352037], [8.0, 8.5, 0.2053804804789927], [8.5, 9.0, 0.11792575296618586]]}, ""lead_scores"": {""I"": 0.15692182371114108, ""V2"": 0.0957058766216838, ""V3"": 0.08459414372358506, ""V4"": 0.09972344915451133, ""V5"": 0.14243950805876274, ""V6"": 0.2381813211623429, ""aVF"": 0.08519902287976124, ""aVR"": 0.09723485468821186}, ""top5_leads"": [""V6"", ""V5"", ""I"", ""aVR"", ""aVF""]}"
576,right bundle branch block,right bundle branch block,[],"{""mat_path"": ""C:\\Users\\nares\\Documents\\cvd-early-detection-ecg-uhull\\data\\china-physiological-signal-challenge-in-2018\\Training_WFDB\\A2212.mat"", ""target_label"": ""right bundle branch block"", ""method_label"": ""LIME+TimeSHAP"", ""page_seconds"": 10.0, ""perlead_spans"": {""I"": [[0.0, 0.5, 0.23353181206401363], [0.5, 1.0, 0.07076576898734821], [1.0, 1.5, 0.07867672994676729], [2.5, 3.0, 0.6861144404086138], [3.0, 3.5, 0.37688764605766806], [5.0, 5.5, 0.8659908718608832], [6.0, 6.5, 0.3303571122372259], [7.0, 7.5, 0.30952853756190535], [7.5, 8.0, 0.2907908596565551], [8.0, 8.5, 0.8588358395998907], [9.0, 9.5, 0.1578441082525956]], ""III"": [[0.0, 0.5, 0.15997094033991813], [2.5, 3.0, 0.35], [3.0, 3.5, 0.287843031302278], [5.0, 5.5, 0.25500777721657203], [8.0, 8.5, 0.11480907793372577]], ""V2"": [[0.0, 0.5, 0.24699971982532928], [0.5, 1.0, 0.11137459363093524], [1.0, 1.5, 0.12701215480933334], [2.5, 3.0, 0.8840869261406479], [3.0, 3.5, 0.6303854069973324], [3.5, 4.0, 0.06536193103527031], [5.0, 5.5, 0.8653834015153469], [6.0, 6.5, 0.1947392397226934], [7.0, 7.5, 0.23097127957434008], [7.5, 8.0, 0.17873422796109048], [8.0, 8.5, 0.5644801920853476], [9.0, 9.5, 0.1496819198199398]], ""V3"": [[0.0, 0.5, 0.2669297624096602], [0.5, 1.0, 0.10294085521839011], [1.0, 1.5, 0.056584529623137904], [2.5, 3.0, 0.8743643350802851], [3.0, 3.5, 0.5036024492251909], [3.5, 4.0, 0.06287980313312486], [5.0, 5.5, 0.5821816880932533], [6.0, 6.5, 0.2998589858583818], [7.0, 7.5, 0.3167046793509732], [7.5, 8.0, 0.35], [8.0, 8.5, 0.04816736837198574], [9.0, 9.5, 0.2033870665281797]], ""V6"": [[0.0, 0.5, 0.13681788917733334], [0.5, 1.0, 0.07629896635641072], [1.0, 1.5, 0.0799423316925222], [2.5, 3.0, 0.5364578655479421], [3.0, 3.5, 0.2922138681911679], [5.0, 5.5, 1.0], [6.0, 6.5, 0.26367926787548535], [7.0, 7.5, 0.2565240411359467], [7.5, 8.0, 0.24801270882165172], [8.0, 8.5, 0.7052710686336816], [9.0, 9.5, 0.18348742808043483]], ""aVF"": [[0.0, 0.5, 0.035660402070931595], [1.0, 1.5, 0.03485787996502408], [2.5, 3.0, 0.067533230903037], [3.0, 3.5, 0.09194266941531483], [3.5, 4.0, 0.06975536471036152], [5.0, 5.5, 0.35], [6.0, 6.5, 0.21243665418233754], [7.0, 7.5, 0.22262855598897047], [7.5, 8.0, 0.12274612779132744], [8.0, 8.5, 0.11043459342391093], [9.0, 9.5, 0.08245144748649907]]}, ""lead_scores"": {""I"": 0.24467308679596977, ""III"": 0.07307456275961084, ""V2"": 0.1704559252026306, ""V3"": 0.16809315158573004, ""V6"": 0.2829989871310463, ""aVF"": 0.060704286525012426}, ""top5_leads"": [""I"", ""V2"", ""V6"", ""V3"", ""aVF""]}"
907,right bundle branch block,right bundle branch block,[],"{""mat_path"": ""C:\\Users\\nares\\Documents\\cvd-early-detection-ecg-uhull\\data\\china-physiological-signal-challenge-in-2018\\Training_WFDB\\A5517.mat"", ""target_label"": ""right bundle branch block"", ""method_label"": ""LIME+TimeSHAP"", ""page_seconds"": 10.0, ""perlead_spans"": {""I"": [[1.0, 1.5, 0.03027855976024313], [1.5, 2.0, 0.07564485728812091], [2.0, 2.5, 0.025766318275191456], [2.5, 3.0, 0.12345547763279989], [5.0, 5.5, 0.3286025612672733], [5.5, 6.0, 0.17730430837347896], [6.0, 6.5, 0.35], [6.5, 7.0, 0.33450817238965735], [7.0, 7.5, 0.2791441892702189], [7.5, 8.0, 0.1664442866229985]], ""II"": [[1.0, 1.5, 0.08594946840335256], [1.5, 2.0, 0.11499066914621603], [2.0, 2.5, 0.05943021158474479], [2.5, 3.0, 0.18085340846525896], [3.0, 3.5, 0.1006433726738996], [5.0, 5.5, 0.25611248944208304], [5.5, 6.0, 0.19945625371644518], [6.0, 6.5, 0.35], [6.5, 7.0, 0.29048591284738906], [7.0, 7.5, 0.2349248967239207], [7.5, 8.0, 0.09220052920176723], [9.0, 9.5, 0.07808896779662176]], ""III"": [[5.0, 5.5, 0.16779561680874178], [5.5, 6.0, 0.2545120195915281], [6.0, 6.5, 0.35], [6.5, 7.0, 0.344057177046965], [7.0, 7.5, 0.2743084656368638]], ""V2"": [[1.0, 1.5, 0.06974799338916007], [1.5, 2.0, 0.0698647745166052], [2.0, 2.5, 0.13529679125196475], [2.5, 3.0, 0.13747727435829962], [3.0, 3.5, 0.12054075242277854], [5.0, 5.5, 0.9722595818974943], [5.5, 6.0, 0.9237186607253199], [6.0, 6.5, 0.817396984702222], [6.5, 7.0, 0.6032252241627446], [7.0, 7.5, 0.8370845450918414], [7.5, 8.0, 0.06268487450239286], [9.0, 9.5, 0.06415522088198003]], ""V3"": [[5.0, 5.5, 0.28596463919222526], [5.5, 6.0, 0.2070788872755557], [6.0, 6.5, 0.30903380460547436], [6.5, 7.0, 0.2575721925503458], [7.0, 7.5, 0.35]], ""V4"": [[1.0, 1.5, 0.028200490260154792], [1.5, 2.0, 0.07825107612521963], [2.0, 2.5, 0.09809807027036885], [2.5, 3.0, 0.15258516284753676], [3.0, 3.5, 0.05590392998498288], [5.0, 5.5, 0.9575984436683872], [5.5, 6.0, 0.5924401190748665], [6.0, 6.5, 0.8051715355748315], [6.5, 7.0, 0.6128668277878441], [7.0, 7.5, 0.9109635637759778], [7.5, 8.0, 0.023014602168057927]], ""aVR"": [[1.0, 1.5, 0.03580128474117748], [2.0, 2.5, 0.08527721955169305], [2.5, 3.0, 0.13750284233507243], [3.0, 3.5, 0.038362125238263815], [5.0, 5.5, 0.24376191056665292], [5.5, 6.0, 0.7994615694687291], [6.0, 6.5, 1.0], [6.5, 7.0, 0.9394605954415728], [7.0, 7.5, 0.8760607256643448], [7.5, 8.0, 0.18152047122423406]]}, ""lead_scores"": {""I"": 0.10193704984503332, ""II"": 0.1188509920683972, ""III"": 0.0976848799770246, ""V2"": 0.2013760169651716, ""V3"": 0.1161664420206928, ""V4"": 0.19174994744891183, ""aVR"": 0.17223467167476864}, ""top5_leads"": [""V2"", ""aVR"", ""V4"", ""II"", ""I""]}"
1877,sinus arrhythmia,sinus arrhythmia,[],"{""mat_path"": ""C:\\Users\\nares\\Documents\\cvd-early-detection-ecg-uhull\\data\\georgia-12lead-ecg-challenge-database\\Georgia\\E08581.mat"", ""target_label"": ""sinus arrhythmia"", ""method_label"": ""LIME+TimeSHAP"", ""page_seconds"": 10.0, ""perlead_spans"": {""I"": [[0.0, 0.5, 0.2803927388836045], [0.5, 1.0, 0.2820785319222654], [1.5, 2.0, 0.14508493664183256], [3.0, 3.5, 0.35], [3.5, 4.0, 0.2149297983929828], [4.5, 5.0, 0.2514947228284861], [6.0, 6.5, 0.23834846859973047], [6.5, 7.0, 0.2811803970388041], [8.0, 8.5, 0.2993326034945622], [8.5, 9.0, 0.2849194821870789], [9.0, 9.5, 0.27583146809935427], [9.5, 10.0, 0.2503120725352547]], ""III"": [[0.0, 0.5, 0.919444416983175], [0.5, 1.0, 0.9732394396773707], [1.0, 1.5, 0.3308421300226236], [1.5, 2.0, 0.1822454753597023], [3.0, 3.5, 0.14675100834548416], [3.5, 4.0, 0.14385432015157879], [4.5, 5.0, 0.8407659036798243], [6.0, 6.5, 0.12051148691000048], [6.5, 7.0, 0.06967118940873165], [8.0, 8.5, 0.2952928904828925], [8.5, 9.0, 0.27810132621201733], [9.0, 9.5, 0.2675969329336892], [9.5, 10.0, 0.9824534269824647]], ""V3"": [[0.0, 0.5, 0.29178858612111475], [0.5, 1.0, 0.30696575156188355], [1.0, 1.5, 0.3227814368328811], [4.5, 5.0, 0.3184727441268965], [9.5, 10.0, 0.35]], ""V5"": [[0.0, 0.5, 0.831197711842174], [0.5, 1.0, 0.8301067183345101], [1.0, 1.5, 0.24834737558347314], [1.5, 2.0, 0.1980903303613406], [3.0, 3.5, 0.09384621914765576], [3.5, 4.0, 0.15906229336626018], [4.5, 5.0, 0.9733193614344856], [6.0, 6.5, 0.263949519198891], [6.5, 7.0, 0.11387818503328741], [8.0, 8.5, 0.2826432256463912], [8.5, 9.0, 0.29117533150210645], [9.0, 9.5, 0.29807191209878753], [9.5, 10.0, 1.0]], ""aVF"": [[0.0, 0.5, 0.3420958237682989], [0.5, 1.0, 0.33314999371235116], [1.5, 2.0, 0.22909157282453513], [3.5, 4.0, 0.17592766738091067], [4.5, 5.0, 0.327331783201868], [6.0, 6.5, 0.25346711806231925], [6.5, 7.0, 0.1723312949844288], [8.0, 8.5, 0.32749561713889785], [8.5, 9.0, 0.3193790022117729], [9.0, 9.5, 0.3151111039878488], [9.5, 10.0, 0.35]], ""aVL"": [[0.0, 0.5, 0.3351366690617006], [0.5, 1.0, 0.3233766233766234], [1.0, 1.5, 0.31376216142840757], [4.5, 5.0, 0.3426988833836914], [9.5, 10.0, 0.35]], ""aVR"": [[0.0, 0.5, 0.9336128239181093], [0.5, 1.0, 0.9550664078725809], [1.0, 1.5, 0.35], [1.5, 2.0, 0.19102661696832204], [3.0, 3.5, 0.22435195790850712], [3.5, 4.0, 0.16197248315518895], [4.5, 5.0, 0.8427477831247128], [6.0, 6.5, 0.28657371176438273], [6.5, 7.0, 0.3079791316336758], [8.0, 8.5, 0.3430954888258092], [8.5, 9.0, 0.35], [9.0, 9.5, 0.3230623774527713], [9.5, 10.0, 0.9146752455691878]]}, ""lead_scores"": {""I"": 0.07785429966287882, ""III"": 0.15635194912532835, ""V3"": 0.1315336022439493, ""V5"": 0.2264058361763549, ""aVF"": 0.12669818945591058, ""aVL"": 0.09621862015633768, ""aVR"": 0.18493750317924035}, ""top5_leads"": [""aVR"", ""V5"", ""III"", ""I"", ""aVF""]}"
4307,sinus arrhythmia,sinus arrhythmia,[],"{""mat_path"": ""C:\\Users\\nares\\Documents\\cvd-early-detection-ecg-uhull\\data\\st-petersburg-incart-12lead-arrhythmia-database\\Training_StPetersburg\\I0041.mat"", ""target_label"": ""sinus arrhythmia"", ""method_label"": ""LIME+TimeSHAP"", ""page_seconds"": 19.455252918287936, ""perlead_spans"": {""I"": [[0.0, 0.4980544747081712, 0.1057446365940677], [0.4980544747081712, 0.9961089494163424, 0.10771893707972394], [1.9922178988326849, 2.490272373540856, 0.3344640599624883], [2.490272373540856, 2.9883268482490273, 0.33194719972902753], [2.9883268482490273, 3.4863813229571985, 0.33731981141555684], [3.4863813229571985, 3.9844357976653697, 0.35], [3.9844357976653697, 4.482490272373541, 0.34847950454771287], [4.482490272373541, 4.980544747081712, 0.3318982194946954], [9.463035019455253, 9.961089494163424, 0.3285711826161629], [13.447470817120623, 13.945525291828794, 0.2847495613212154], [18.926070038910506, 19.424124513618676, 0.2633573385672614], [19.424124513618676, 19.455252918287936, 0.08230566196048833]], ""II"": [[1.9922178988326849, 2.490272373540856, 0.34822508761164744], [2.490272373540856, 2.9883268482490273, 0.35], [3.4863813229571985, 3.9844357976653697, 0.3427885433102], [3.9844357976653697, 4.482490272373541, 0.3426199593436284], [8.964980544747082, 9.463035019455253, 0.34614252058508976]], ""III"": [[1.9922178988326849, 2.490272373540856, 0.34923973872565445], [2.490272373540856, 2.9883268482490273, 0.34940944998073886], [3.4863813229571985, 3.9844357976653697, 0.35], [3.9844357976653697, 4.482490272373541, 0.34902055586239317], [8.964980544747082, 9.463035019455253, 0.3486389664197274]], ""V3"": [[0.0, 0.4980544747081712, 0.07917950056599099], [0.4980544747081712, 0.9961089494163424, 0.0781377170468286], [1.9922178988326849, 2.490272373540856, 0.34680074452242104], [2.490272373540856, 2.9883268482490273, 0.3458724545894068], [2.9883268482490273, 3.4863813229571985, 0.3488439265158037], [3.4863813229571985, 3.9844357976653697, 0.35], [3.9844357976653697, 4.482490272373541, 0.3493694214412939], [4.482490272373541, 4.980544747081712, 0.24130650602895823], [9.463035019455253, 9.961089494163424, 0.16700063315548178], [13.447470817120623, 13.945525291828794, 0.3321242684416951], [18.926070038910506, 19.424124513618676, 0.320825551848076], [19.424124513618676, 19.455252918287936, 0.08792332814987998]], ""V5"": [[0.0, 0.4980544747081712, 0.17849994172946146], [0.4980544747081712, 0.9961089494163424, 0.17804605687123345], [1.9922178988326849, 2.490272373540856, 0.9983392502236847], [2.490272373540856, 2.9883268482490273, 0.996831968310898], [2.9883268482490273, 3.4863813229571985, 0.3466216731481643], [3.4863813229571985, 3.9844357976653697, 0.9963914766517675], [3.9844357976653697, 4.482490272373541, 0.9946194549114751], [4.482490272373541, 4.980544747081712, 0.13939138554346514], [8.964980544747082, 9.463035019455253, 0.34817808361966374], [13.447470817120623, 13.945525291828794, 0.3463061879251262], [18.926070038910506, 19.424124513618676, 0.3489708854401212], [19.424124513618676, 19.455252918287936, 0.08303344952248613]], ""V6"": [[0.0, 0.4980544747081712, 0.039266681868538135], [0.4980544747081712, 0.9961089494163424, 0.03850987172861269], [1.9922178988326849, 2.490272373540856, 0.9892403292245743], [2.490272373540856, 2.9883268482490273, 0.9869339777195327], [2.9883268482490273, 3.4863813229571985, 0.34441673425422986], [3.4863813229571985, 3.9844357976653697, 0.9986332062808927], [3.9844357976653697, 4.482490272373541, 0.9945954799399959], [4.482490272373541, 4.980544747081712, 0.26998255089535395], [8.964980544747082, 9.463035019455253, 0.3486918091744135], [9.463035019455253, 9.961089494163424, 0.1973860403325052], [13.447470817120623, 13.945525291828794, 0.30326659008164236], [18.926070038910506, 19.424124513618676, 0.27684661162437857], [19.424124513618676, 19.455252918287936, 0.034687395260598025]], ""aVF"": [[1.9922178988326849, 2.490272373540856, 0.3479705187036142], [2.490272373540856, 2.9883268482490273, 0.34757240138148476], [3.4863813229571985, 3.9844357976653697, 0.35], [3.9844357976653697, 4.482490272373541, 0.3488699476727263], [8.964980544747082, 9.463035019455253, 0.34842033957407215]], ""aVR"": [[0.0, 0.4980544747081712, 0.10997474939835857], [0.4980544747081712, 0.9961089494163424, 0.10902607442015307], [1.9922178988326849, 2.490272373540856, 0.30256579968232206], [2.490272373540856, 2.9883268482490273, 0.30175605943906986], [2.9883268482490273, 3.4863813229571985, 0.3054774056487994], [3.4863813229571985, 3.9844357976653697, 0.3089106975090775], [3.9844357976653697, 4.482490272373541, 0.30806523965501187], [4.482490272373541, 4.980544747081712, 0.35], [9.463035019455253, 9.961089494163424, 0.349441637254653], [13.447470817120623, 13.945525291828794, 0.2844730806016132], [18.926070038910506, 19.424124513618676, 0.2692457546544335], [19.424124513618676, 19.455252918287936, 0.0637609289964367]]}, ""lead_scores"": {""I"": 0.0706675255059204, ""II"": 0.09340798448330692, ""III"": 0.06553915717076178, ""V3"": 0.12296872635180381, ""V5"": 0.20395936310771295, ""V6"": 0.22846045177074692, ""aVF"": 0.13093579716119064, ""aVR"": 0.08406099444855658}, ""top5_leads"": [""V5"", ""V6"", ""I"", ""aVR"", ""V3""]}"
1393,sinus bradycardia,sinus bradycardia,[],"{""mat_path"": ""C:\\Users\\nares\\Documents\\cvd-early-detection-ecg-uhull\\data\\georgia-12lead-ecg-challenge-database\\Georgia\\E03488.mat"", ""target_label"": ""sinus bradycardia"", ""method_label"": ""LIME+TimeSHAP"", ""page_seconds"": 10.0, ""perlead_spans"": {""I"": [[3.5, 4.0, 0.06076792374248679], [5.0, 5.5, 0.0982278214018567], [5.5, 6.0, 0.0747535893781805], [8.5, 9.0, 0.35]], ""II"": [[0.5, 1.0, 0.03950349762319012], [1.0, 1.5, 0.02022055128276051], [3.5, 4.0, 0.10477248055680358], [5.0, 5.5, 0.11640984424687538], [5.5, 6.0, 0.09949262465848098], [6.5, 7.0, 0.06376650539142141], [8.0, 8.5, 0.08781834292602009], [8.5, 9.0, 1.0], [9.0, 9.5, 0.18714748142301604], [9.5, 10.0, 0.04815565436096499]], ""V1"": [[0.5, 1.0, 0.1144298011240888], [1.0, 1.5, 0.0268002021513684], [3.5, 4.0, 0.03440690249764764], [4.0, 4.5, 0.05025611023552263], [5.5, 6.0, 0.04835509480984506], [6.5, 7.0, 0.11202457145616472], [8.0, 8.5, 0.16688375297583724], [8.5, 9.0, 0.35], [9.0, 9.5, 0.2078786357769136], [9.5, 10.0, 0.06449903733749737]], ""V3"": [[3.5, 4.0, 0.04252434505425227], [5.5, 6.0, 0.04501878948876979], [6.5, 7.0, 0.10251103417479389], [8.5, 9.0, 0.35]], ""V5"": [[0.5, 1.0, 0.12479615869250466], [1.0, 1.5, 0.040269581339621656], [2.5, 3.0, 0.08588131324098436], [3.5, 4.0, 0.10092787391382582], [4.0, 4.5, 0.03675433006885971], [5.0, 5.5, 0.17429836897227055], [5.5, 6.0, 0.07886539910701945], [6.5, 7.0, 0.4143218456699539], [8.0, 8.5, 0.19499799577322363], [8.5, 9.0, 1.0], [9.0, 9.5, 0.24704404721171852], [9.5, 10.0, 0.16097282614755923]], ""aVF"": [[0.5, 1.0, 0.08261359008630366], [1.0, 1.5, 0.05444381908078503], [2.5, 3.0, 0.02731390347877389], [3.5, 4.0, 0.17834937142076646], [4.0, 4.5, 0.030838826403282983], [5.0, 5.5, 0.13036597064556976], [5.5, 6.0, 0.13485885317867422], [6.5, 7.0, 0.06984075872679903], [8.0, 8.5, 0.12488095132431486], [8.5, 9.0, 1.0], [9.0, 9.5, 0.22834455159163172], [9.5, 10.0, 0.11707802702406372]], ""aVR"": [[0.5, 1.0, 0.11596876821595331], [1.0, 1.5, 0.05144426531742581], [2.5, 3.0, 0.022654271910223768], [3.5, 4.0, 0.03505954112824231], [4.0, 4.5, 0.03482992308986637], [5.0, 5.5, 0.031160823205847534], [6.5, 7.0, 0.11667910275850879], [8.0, 8.5, 0.21429144824215424], [8.5, 9.0, 0.35], [9.0, 9.5, 0.2904705399834541], [9.5, 10.0, 0.22779208623870484]]}, ""lead_scores"": {""I"": 0.0953358893429806, ""II"": 0.23172222876742227, ""V1"": 0.04552545534487113, ""V3"": 0.13823597572187418, ""V5"": 0.15279882827592642, ""aVF"": 0.25917029391393326, ""aVR"": 0.07721132863299215}, ""top5_leads"": [""V5"", ""aVF"", ""II"", ""aVR"", ""V1""]}"
1917,sinus bradycardia,sinus bradycardia,[],"{""mat_path"": ""C:\\Users\\nares\\Documents\\cvd-early-detection-ecg-uhull\\data\\georgia-12lead-ecg-challenge-database\\Georgia\\E09014.mat"", ""target_label"": ""sinus bradycardia"", ""method_label"": ""LIME+TimeSHAP"", ""page_seconds"": 10.0, ""perlead_spans"": {""I"": [[0.0, 0.5, 0.048824964160728145], [0.5, 1.0, 0.06779304137275449], [1.0, 1.5, 0.26385731123248407], [1.5, 2.0, 0.35], [2.5, 3.0, 0.22957250340415258], [4.0, 4.5, 0.18358021236950045], [5.0, 5.5, 0.13494138980680226], [5.5, 6.0, 0.044920622294445114], [6.5, 7.0, 0.040671364232553874], [7.0, 7.5, 0.10796441740630064], [9.5, 10.0, 0.10309170227815395]], ""II"": [[0.0, 0.5, 0.4218338647955185], [0.5, 1.0, 0.26264791364613127], [1.0, 1.5, 0.11914317011777623], [1.5, 2.0, 0.25100171166726615], [2.5, 3.0, 0.12989948884341931], [3.5, 4.0, 0.4263082890567924], [4.0, 4.5, 0.16177288286298466], [5.0, 5.5, 0.19818596210219935], [5.5, 6.0, 0.1720576129074583], [6.5, 7.0, 0.35], [7.0, 7.5, 0.27103383868372544], [9.5, 10.0, 0.20460576855283957]], ""V3"": [[0.0, 0.5, 0.29197965773961193], [1.5, 2.0, 0.18029658286648112], [2.5, 3.0, 0.1875064219169184], [3.5, 4.0, 0.35], [5.0, 5.5, 0.10786832234366425]], ""V5"": [[0.0, 0.5, 0.6975263910543898], [0.5, 1.0, 0.26252509323994866], [1.5, 2.0, 0.4948502300380938], [2.5, 3.0, 0.8273200419557037], [3.5, 4.0, 0.47006645185504153], [4.0, 4.5, 0.06667807537981307], [5.0, 5.5, 0.5388642815798189], [5.5, 6.0, 0.04465415476919327], [6.5, 7.0, 0.35], [7.0, 7.5, 0.31276256838994865], [9.5, 10.0, 0.2356545750878035]], ""aVF"": [[0.0, 0.5, 0.6911147242933677], [0.5, 1.0, 0.2801813118120655], [1.0, 1.5, 0.220280573611672], [1.5, 2.0, 0.47895691982320715], [2.5, 3.0, 0.23936321394815954], [3.5, 4.0, 0.35899596752612567], [4.0, 4.5, 0.2248345010139112], [5.0, 5.5, 0.28621417755217443], [5.5, 6.0, 0.16050690995523323], [6.5, 7.0, 0.35], [7.0, 7.5, 0.34110104956994697], [9.5, 10.0, 0.2702866017648929]], ""aVR"": [[0.0, 0.5, 0.6096439188932683], [0.5, 1.0, 0.23402986719898686], [1.0, 1.5, 0.34778919572945555], [1.5, 2.0, 0.9021694793231932], [2.5, 3.0, 0.48363273292326636], [3.5, 4.0, 0.6790668250704993], [4.0, 4.5, 0.25553345847290737], [5.0, 5.5, 0.13779080982346686], [5.5, 6.0, 0.06492920221931413], [6.5, 7.0, 0.2770069241230278], [7.0, 7.5, 0.35], [9.5, 10.0, 0.3290048459525483]]}, ""lead_scores"": {""I"": 0.06811192663579528, ""II"": 0.17514541835406494, ""V3"": 0.11742183366386283, ""V5"": 0.19989182766538527, ""aVF"": 0.22200414402043311, ""aVR"": 0.21742484966045852}, ""top5_leads"": [""aVR"", ""V5"", ""aVF"", ""II"", ""I""]}"
2350,sinus rhythm,sinus rhythm,[],"{""mat_path"": ""C:\\Users\\nares\\Documents\\cvd-early-detection-ecg-uhull\\data\\ptbxl-electrocardiography-database\\WFDB\\HR02386.mat"", ""target_label"": ""sinus rhythm"", ""method_label"": ""LIME+TimeSHAP"", ""page_seconds"": 10.0, ""perlead_spans"": {""I"": [[0.0, 0.5, 0.30131951152849934], [0.5, 1.0, 0.27794615210421963], [1.5, 2.0, 0.26419874928335985], [2.5, 3.0, 0.16195692488174582], [3.0, 3.5, 0.15800789775067353], [4.5, 5.0, 0.29854823501281397], [5.0, 5.5, 0.21034603243044653], [5.5, 6.0, 0.2053896833408361], [6.0, 6.5, 0.26554317218108997], [6.5, 7.0, 0.23850839520839687], [8.0, 8.5, 0.35], [8.5, 9.0, 0.3001298033703637]], ""II"": [[1.0, 1.5, 0.24452596765544982], [2.0, 2.5, 0.03988799124376798], [4.0, 4.5, 0.35], [4.5, 5.0, 0.0232092941855741], [7.5, 8.0, 0.2811717099895171]], ""V1"": [[0.0, 0.5, 0.21452420170216507], [0.5, 1.0, 0.1135054153439964], [1.5, 2.0, 0.06262709540276891], [2.5, 3.0, 0.10043993633865332], [3.0, 3.5, 0.034436901301600785], [4.5, 5.0, 0.25628674114915456], [5.0, 5.5, 0.08630327758025605], [5.5, 6.0, 0.02305632618813866], [6.0, 6.5, 0.17116188618219746], [6.5, 7.0, 0.0957958734019723], [8.0, 8.5, 0.35], [8.5, 9.0, 0.19816878715743227]], ""V2"": [[1.0, 1.5, 0.3345816988415841], [2.0, 2.5, 0.18747201992730747], [4.0, 4.5, 0.35], [4.5, 5.0, 0.17639909646830954], [7.5, 8.0, 0.2988047477374574]], ""V3"": [[1.0, 1.5, 0.3213971328813268], [2.0, 2.5, 0.35], [4.0, 4.5, 0.04952208686003187], [4.5, 5.0, 0.33520470592152396], [7.5, 8.0, 0.1798488836754543]], ""V5"": [[0.0, 0.5, 0.2008415636260226], [0.5, 1.0, 0.10631469036544204], [1.5, 2.0, 0.06887485856254005], [2.5, 3.0, 0.06132294661160092], [4.5, 5.0, 0.2068663465762612], [5.0, 5.5, 0.024684832475544313], [5.5, 6.0, 0.13533255952616194], [6.0, 6.5, 0.11786161989457664], [8.0, 8.5, 0.35], [8.5, 9.0, 0.14918712838211295]], ""V6"": [[0.0, 0.5, 0.06864436864495234], [0.5, 1.0, 0.11492547329081265], [1.5, 2.0, 0.3104733171600727], [2.5, 3.0, 0.06587735074694927], [3.0, 3.5, 0.19018935888627442], [4.5, 5.0, 0.09662820957140858], [5.0, 5.5, 0.23970159726148998], [5.5, 6.0, 0.35], [6.0, 6.5, 0.135107148864933], [6.5, 7.0, 0.1850936184529202], [8.5, 9.0, 0.13832628033246386]], ""aVL"": [[1.0, 1.5, 0.35], [2.0, 2.5, 0.30116280559266617], [4.0, 4.5, 0.1612250266744699], [4.5, 5.0, 0.32582360606808874], [7.5, 8.0, 0.2861671786159561]], ""aVR"": [[0.0, 0.5, 0.2583004674215937], [0.5, 1.0, 0.2439179131943056], [1.0, 1.5, 0.3460439263741557], [1.5, 2.0, 0.3455648663419795], [2.0, 2.5, 0.1733654046322539], [2.5, 3.0, 0.19621667053928213], [3.0, 3.5, 0.29766701717339605], [4.0, 4.5, 0.35], [4.5, 5.0, 0.5792889595794538], [5.0, 5.5, 0.24215971073566234], [5.5, 6.0, 0.35], [6.0, 6.5, 0.2545929985392892], [6.5, 7.0, 0.3032716970003082], [7.5, 8.0, 0.336608770085483], [8.0, 8.5, 0.11425787621074626], [8.5, 9.0, 0.2618310195229674]]}, ""lead_scores"": {""I"": 0.1374635006726026, ""II"": 0.09851044507992864, ""V1"": 0.06953071502732591, ""V2"": 0.10019587675384779, ""V3"": 0.10661608636596086, ""V5"": 0.07867298268873399, ""V6"": 0.09126159020436063, ""aVL"": 0.09826559918076928, ""aVR"": 0.21948320402647026}, ""top5_leads"": [""aVR"", ""I"", ""V6"", ""V1"", ""aVL""]}"
2435,sinus rhythm,sinus rhythm,[],"{""mat_path"": ""C:\\Users\\nares\\Documents\\cvd-early-detection-ecg-uhull\\data\\ptbxl-electrocardiography-database\\WFDB\\HR03148.mat"", ""target_label"": ""sinus rhythm"", ""method_label"": ""LIME+TimeSHAP"", ""page_seconds"": 10.0, ""perlead_spans"": {""I"": [[0.0, 0.5, 0.23466335363972501], [0.5, 1.0, 0.2352389914952595], [1.5, 2.0, 0.2644937492229697], [3.5, 4.0, 0.32676271912254284], [4.5, 5.0, 0.3417033240780391], [5.0, 5.5, 0.22999180376934517], [5.5, 6.0, 0.20133592343431275], [6.0, 6.5, 0.257348590754836], [6.5, 7.0, 0.17267258130614763], [7.5, 8.0, 0.28739433078697624], [8.0, 8.5, 0.30758971419099057], [8.5, 9.0, 0.35]], ""V1"": [[2.0, 2.5, 0.21042259674832903], [4.5, 5.0, 0.31636579197883213], [7.0, 7.5, 0.35], [7.5, 8.0, 0.030251845388653154]], ""V3"": [[2.0, 2.5, 0.23749292861373322], [4.0, 4.5, 0.16707847069328272], [4.5, 5.0, 0.35], [7.0, 7.5, 0.33256299283353824], [7.5, 8.0, 0.2791812935100678]], ""V4"": [[0.0, 0.5, 0.03090410921476887], [0.5, 1.0, 0.20371851971794555], [1.5, 2.0, 0.04361981359530193], [3.5, 4.0, 0.22794161802549331], [4.5, 5.0, 0.0889725768228736], [5.0, 5.5, 0.24923856181783516], [5.5, 6.0, 0.2369560024634492], [6.0, 6.5, 0.0857444010247273], [6.5, 7.0, 0.19506075653106053], [7.5, 8.0, 0.2610079283387199], [8.0, 8.5, 0.35], [8.5, 9.0, 0.2377286758321892]], ""V5"": [[0.0, 0.5, 0.13101795814855302], [0.5, 1.0, 0.07409127203957111], [1.5, 2.0, 0.1134450362443262], [2.0, 2.5, 0.15576834286168034], [3.5, 4.0, 0.09555892618004382], [4.0, 4.5, 0.050960603018662384], [4.5, 5.0, 1.0], [5.0, 5.5, 0.07248668450266015], [5.5, 6.0, 0.09236945652943972], [6.0, 6.5, 0.09307492359516951], [6.5, 7.0, 0.09236435528934947], [7.0, 7.5, 0.2813177622608519], [7.5, 8.0, 0.25057735398202474], [8.0, 8.5, 0.18319005172700498], [8.5, 9.0, 0.07347191261511152]], ""V6"": [[0.0, 0.5, 0.038776812335842514], [0.5, 1.0, 0.18696092458524619], [1.5, 2.0, 0.09879858272613612], [3.5, 4.0, 0.30922880971727645], [4.5, 5.0, 0.05490081693565167], [5.0, 5.5, 0.3008046555107781], [5.5, 6.0, 0.2819666724224148], [6.0, 6.5, 0.1334310495585307], [6.5, 7.0, 0.24160162478868147], [7.5, 8.0, 0.2182013785316069], [8.0, 8.5, 0.35], [8.5, 9.0, 0.24631059859865917]], ""aVL"": [[2.0, 2.5, 0.20558777118974841], [4.0, 4.5, 0.19570125839445043], [4.5, 5.0, 0.35], [7.0, 7.5, 0.3019777095728898], [7.5, 8.0, 0.1953087879656836]], ""aVR"": [[0.0, 0.5, 0.21363477543185785], [0.5, 1.0, 0.2925787994917201], [1.5, 2.0, 0.25181161170083655], [2.0, 2.5, 0.19683556122387458], [3.5, 4.0, 0.3350245414660214], [4.0, 4.5, 0.35], [4.5, 5.0, 0.4799874171036205], [5.0, 5.5, 0.19803939287199637], [5.5, 6.0, 0.20305456776317854], [6.0, 6.5, 0.17665183474648677], [6.5, 7.0, 0.2803048166600711], [7.0, 7.5, 0.1124544874932508], [7.5, 8.0, 0.9030514801471887], [8.0, 8.5, 0.35], [8.5, 9.0, 0.31724290784681675]]}, ""lead_scores"": {""I"": 0.11148232134696646, ""V1"": 0.07620665815712371, ""V3"": 0.14113536950722522, ""V4"": 0.0686667828627125, ""V5"": 0.17599302573513675, ""V6"": 0.12274236733474111, ""aVL"": 0.10410899754327217, ""aVR"": 0.19966447751282207}, ""top5_leads"": [""aVR"", ""I"", ""V5"", ""V6"", ""V4""]}"
1236,sinus tachycardia,sinus tachycardia,[],"{""mat_path"": ""C:\\Users\\nares\\Documents\\cvd-early-detection-ecg-uhull\\data\\georgia-12lead-ecg-challenge-database\\Georgia\\E02083.mat"", ""target_label"": ""sinus tachycardia"", ""method_label"": ""LIME+TimeSHAP"", ""page_seconds"": 10.0, ""perlead_spans"": {""I"": [[0.0, 0.5, 0.27903562503317364], [0.5, 1.0, 0.35], [1.5, 2.0, 0.22365484546851008], [2.5, 3.0, 0.25695792545122903], [3.0, 3.5, 0.19790900456265154], [4.5, 5.0, 0.2445338705488396], [5.0, 5.5, 0.21235132479750468], [5.5, 6.0, 0.1212598767017805], [6.5, 7.0, 0.10464628366528543], [7.5, 8.0, 0.18574227507926638], [8.0, 8.5, 0.22491607353036833], [8.5, 9.0, 0.277335309290569]], ""V3"": [[0.0, 0.5, 0.12093390401068543], [0.5, 1.0, 0.2956462409981289], [1.5, 2.0, 0.35], [2.0, 2.5, 0.1287333039186503], [2.5, 3.0, 0.25809865600981335], [3.0, 3.5, 0.11301489699900731], [4.0, 4.5, 0.35], [4.5, 5.0, 0.09968785935638576], [5.0, 5.5, 0.281816334578175], [5.5, 6.0, 0.10596228424622547], [6.5, 7.0, 0.3481434594883412], [7.0, 7.5, 0.2936072868902909], [7.5, 8.0, 0.2915090361963103], [8.0, 8.5, 0.15349126759310525], [8.5, 9.0, 0.1351995918797685], [9.0, 9.5, 0.23517196576972257]], ""V4"": [[2.0, 2.5, 0.3075583679034183], [4.0, 4.5, 0.15044670096784973], [4.5, 5.0, 0.35], [7.0, 7.5, 0.28136691425351845], [9.0, 9.5, 0.23587511332126887]], ""V5"": [[0.0, 0.5, 0.039914886365835046], [0.5, 1.0, 0.2844635101246964], [1.5, 2.0, 0.35], [2.0, 2.5, 0.17401108929372375], [2.5, 3.0, 0.3024495742083758], [3.0, 3.5, 0.12532221022993503], [4.0, 4.5, 0.35], [4.5, 5.0, 0.5942021396601197], [5.0, 5.5, 0.33438609117148005], [5.5, 6.0, 0.2337633767046597], [6.5, 7.0, 0.3209328172069785], [7.0, 7.5, 0.3480751044362806], [7.5, 8.0, 0.3431318881458905], [8.0, 8.5, 0.27770330782425234], [8.5, 9.0, 0.2568529149249575], [9.0, 9.5, 0.30770490094691144]], ""V6"": [[0.0, 0.5, 0.29648055449185523], [0.5, 1.0, 0.09640365790987615], [1.5, 2.0, 0.16126107154316358], [2.0, 2.5, 0.24849299506653588], [2.5, 3.0, 0.09932213830287312], [3.0, 3.5, 0.35], [4.0, 4.5, 0.09712891419871467], [4.5, 5.0, 0.8916826645520421], [5.0, 5.5, 0.15404602194403152], [5.5, 6.0, 0.2888826601666262], [6.5, 7.0, 0.15978633521508107], [7.0, 7.5, 0.22928638978758287], [7.5, 8.0, 0.1704037891777464], [8.0, 8.5, 0.17319659945018415], [8.5, 9.0, 0.21791682366372161], [9.0, 9.5, 0.16240341682647966]], ""aVR"": [[0.0, 0.5, 0.3024217382716459], [0.5, 1.0, 0.35], [1.5, 2.0, 0.3164156498530486], [2.0, 2.5, 0.24256139300469934], [2.5, 3.0, 0.211814956129849], [3.0, 3.5, 0.2893559271912604], [4.0, 4.5, 0.32325734326597133], [4.5, 5.0, 0.9612043203460483], [5.0, 5.5, 0.2260916269043067], [5.5, 6.0, 0.23020011979693433], [6.5, 7.0, 0.10943384689219106], [7.0, 7.5, 0.1539008606077905], [7.5, 8.0, 0.29538367309788377], [8.0, 8.5, 0.2634278030858663], [8.5, 9.0, 0.2772995761786893], [9.0, 9.5, 0.341441494572455]]}, ""lead_scores"": {""I"": 0.10773455966991147, ""V3"": 0.2160856484096455, ""V4"": 0.09406183864116022, ""V5"": 0.20636430542297318, ""V6"": 0.17745702578062492, ""aVR"": 0.19829662207568474}, ""top5_leads"": [""aVR"", ""V5"", ""V6"", ""V3"", ""I""]}"
1622,sinus tachycardia,sinus tachycardia,[],"{""mat_path"": ""C:\\Users\\nares\\Documents\\cvd-early-detection-ecg-uhull\\data\\georgia-12lead-ecg-challenge-database\\Georgia\\E05883.mat"", ""target_label"": ""sinus tachycardia"", ""method_label"": ""LIME+TimeSHAP"", ""page_seconds"": 10.0, ""perlead_spans"": {""I"": [[0.0, 0.5, 0.2798826941821125], [0.5, 1.0, 0.28902609203654234], [1.5, 2.0, 0.21588224509756374], [2.5, 3.0, 0.19727363349486732], [3.0, 3.5, 0.18364806628734628], [4.5, 5.0, 0.24138249991520094], [5.0, 5.5, 0.1543418234234315], [5.5, 6.0, 0.15087819401573815], [6.5, 7.0, 0.24884713240453377], [7.5, 8.0, 0.31659031014586275], [8.0, 8.5, 0.3080065334513325], [8.5, 9.0, 0.35]], ""V2"": [[0.0, 0.5, 0.35], [0.5, 1.0, 0.2699961977994764], [1.5, 2.0, 0.26982005071546267], [2.0, 2.5, 0.2713953660741149], [2.5, 3.0, 0.25756375947023785], [3.0, 3.5, 0.2641851436796824], [4.0, 4.5, 0.27046778317895076], [4.5, 5.0, 0.667633662781464], [5.0, 5.5, 0.34716890316937593], [5.5, 6.0, 0.34912991657810843], [6.5, 7.0, 0.2948997183508844], [7.0, 7.5, 0.21572817534221791], [7.5, 8.0, 0.30782599109790343], [8.0, 8.5, 0.3002029299457061], [8.5, 9.0, 0.248545602712014], [9.0, 9.5, 0.35]], ""V3"": [[2.0, 2.5, 0.2676700636112015], [4.0, 4.5, 0.26662727964361493], [4.5, 5.0, 0.230240906043239], [7.0, 7.5, 0.33634362390715483], [9.0, 9.5, 0.35]], ""V4"": [[2.0, 2.5, 0.2588698266860833], [4.0, 4.5, 0.21035206103573206], [4.5, 5.0, 0.23006811902352253], [7.0, 7.5, 0.181943666996405], [9.0, 9.5, 0.35]], ""V5"": [[0.0, 0.5, 0.26239087241856823], [0.5, 1.0, 0.3194306569021497], [1.5, 2.0, 0.3002593730404761], [2.5, 3.0, 0.3220273977229507], [3.0, 3.5, 0.1964818515967687], [4.5, 5.0, 0.2563817699484117], [5.0, 5.5, 0.35], [5.5, 6.0, 0.32683668419560946], [6.5, 7.0, 0.2917610052733678], [7.5, 8.0, 0.2871436144670315], [8.0, 8.5, 0.3289208099047093], [8.5, 9.0, 0.332818564428043]], ""V6"": [[0.0, 0.5, 0.25395534811870396], [0.5, 1.0, 0.20404013435954138], [1.5, 2.0, 0.31859402555174815], [2.0, 2.5, 0.2513065725155417], [2.5, 3.0, 0.12010335353687988], [3.0, 3.5, 0.16633207511701828], [4.0, 4.5, 0.158920294793546], [4.5, 5.0, 0.7379264955435455], [5.0, 5.5, 0.3425351744846263], [5.5, 6.0, 0.25943864128472655], [6.5, 7.0, 0.23539288448192086], [7.0, 7.5, 0.21908829634105356], [7.5, 8.0, 0.33716127917992633], [8.0, 8.5, 0.35], [8.5, 9.0, 0.2996040848729922], [9.0, 9.5, 0.35]], ""aVR"": [[0.0, 0.5, 0.28627142998394856], [0.5, 1.0, 0.35], [1.5, 2.0, 0.28458832573067283], [2.0, 2.5, 0.3041140462960212], [2.5, 3.0, 0.19748317543444532], [3.0, 3.5, 0.19630534106372968], [4.0, 4.5, 0.3116778607530777], [4.5, 5.0, 0.7764602187395369], [5.0, 5.5, 0.19060337847377143], [5.5, 6.0, 0.20985973366010097], [6.5, 7.0, 0.23535815762275555], [7.0, 7.5, 0.2864128676914904], [7.5, 8.0, 0.3449312317097107], [8.0, 8.5, 0.3273756858832868], [8.5, 9.0, 0.31318462683505494], [9.0, 9.5, 0.35]]}, ""lead_scores"": {""I"": 0.12425476447872574, ""V2"": 0.16282318083618263, ""V3"": 0.10932439839053035, ""V4"": 0.09976401351303078, ""V5"": 0.10107951420879538, ""V6"": 0.1928345016750303, ""aVR"": 0.20991962689770483}, ""top5_leads"": [""V2"", ""aVR"", ""V6"", ""V5"", ""I""]}"
2893,supraventricular premature beats,supraventricular premature beats,[],"{""mat_path"": ""C:\\Users\\nares\\Documents\\cvd-early-detection-ecg-uhull\\data\\ptbxl-electrocardiography-database\\WFDB\\HR07579.mat"", ""target_label"": ""supraventricular premature beats"", ""method_label"": ""LIME+TimeSHAP"", ""page_seconds"": 10.0, ""perlead_spans"": {""I"": [[0.0, 0.5, 0.06609185676339623], [3.5, 4.0, 0.044545277821621224], [5.0, 5.5, 0.3254075845053274], [5.5, 6.0, 0.27842479805139486], [6.0, 6.5, 0.1843643394238154], [6.5, 7.0, 0.27076379094827047], [7.0, 7.5, 0.2809268166686588], [7.5, 8.0, 0.34635675042503905], [8.0, 8.5, 0.3304113388788634], [8.5, 9.0, 0.35], [9.0, 9.5, 0.24090371177467065], [9.5, 10.0, 0.2869270337442657]], ""II"": [[0.0, 0.5, 0.15494568380796964], [3.5, 4.0, 0.05690029587255425], [5.0, 5.5, 0.2980236065320078], [5.5, 6.0, 0.35], [6.0, 6.5, 0.23075813646289417], [6.5, 7.0, 0.25242030904717366], [7.0, 7.5, 0.2155381903841193], [7.5, 8.0, 0.28019146414829843], [8.0, 8.5, 0.2235154179082568], [8.5, 9.0, 0.16440060172117563], [9.0, 9.5, 0.13219730383522849], [9.5, 10.0, 0.15599840150021416]], ""III"": [[0.0, 0.5, 0.07193312603981084], [5.5, 6.0, 0.35], [6.5, 7.0, 0.21829888994052607], [9.5, 10.0, 0.2919314568159191]], ""V1"": [[0.0, 0.5, 0.23447980262364745], [3.5, 4.0, 0.15521781570615206], [5.0, 5.5, 0.23672647045791662], [5.5, 6.0, 0.9151993469567992], [6.0, 6.5, 0.13596635666268603], [6.5, 7.0, 0.7003394087227903], [7.0, 7.5, 0.21579192136540018], [7.5, 8.0, 0.35], [8.0, 8.5, 0.24692089083766408], [8.5, 9.0, 0.23585368220749156], [9.0, 9.5, 0.14578511534245894], [9.5, 10.0, 0.5861613586340046]], ""V3"": [[0.0, 0.5, 0.0413842907285365], [3.5, 4.0, 0.08105820590345919], [5.5, 6.0, 0.35], [6.5, 7.0, 0.2542335343416168], [9.5, 10.0, 0.3052443735721169]], ""V5"": [[0.0, 0.5, 0.21782919171269735], [3.5, 4.0, 0.4938838808936619], [5.0, 5.5, 0.23227433042058504], [5.5, 6.0, 1.0], [6.0, 6.5, 0.2555474583799267], [6.5, 7.0, 0.7321925219195947], [7.0, 7.5, 0.25261456415563277], [7.5, 8.0, 0.1494418256838395], [8.0, 8.5, 0.22749515205173934], [8.5, 9.0, 0.13394666406539504], [9.0, 9.5, 0.12077901843316012], [9.5, 10.0, 0.6551293413134933]], ""aVF"": [[0.0, 0.5, 0.048963552912261156], [5.0, 5.5, 0.30672135939085865], [5.5, 6.0, 0.35], [6.0, 6.5, 0.29109108785888765], [6.5, 7.0, 0.2481321368970283], [7.0, 7.5, 0.2825063283106134], [7.5, 8.0, 0.23104091497779147], [8.0, 8.5, 0.2463047864188181], [8.5, 9.0, 0.2594050945168457], [9.0, 9.5, 0.13875319231743907], [9.5, 10.0, 0.2663438526708579]], ""aVL"": [[0.0, 0.5, 0.10875572390942269], [3.5, 4.0, 0.02939979555784908], [5.5, 6.0, 0.35], [6.5, 7.0, 0.26288150602416804], [9.5, 10.0, 0.2658960333817737]]}, ""lead_scores"": {""I"": 0.13462702963415063, ""II"": 0.07037021704960453, ""III"": 0.08416151686321484, ""V1"": 0.1433902376456156, ""V3"": 0.12352047628221909, ""V5"": 0.23295703194267198, ""aVF"": 0.11295354211606273, ""aVL"": 0.09801994846646062}, ""top5_leads"": [""V5"", ""V1"", ""I"", ""aVF"", ""II""]}"
4310,supraventricular premature beats,supraventricular premature beats,[],"{""mat_path"": ""C:\\Users\\nares\\Documents\\cvd-early-detection-ecg-uhull\\data\\st-petersburg-incart-12lead-arrhythmia-database\\Training_StPetersburg\\I0070.mat"", ""target_label"": ""supraventricular premature beats"", ""method_label"": ""LIME+TimeSHAP"", ""page_seconds"": 19.455252918287936, ""perlead_spans"": {""II"": [[0.4980544747081712, 0.9961089494163424, 0.15487283174305375], [0.9961089494163424, 1.4941634241245136, 0.6640984464060745], [1.9922178988326849, 2.490272373540856, 0.2896292812588858], [2.490272373540856, 2.9883268482490273, 0.24749177570580624], [8.46692607003891, 8.964980544747082, 0.16922241456028447], [8.964980544747082, 9.463035019455253, 0.11396217246031323], [11.95330739299611, 12.45136186770428, 0.7085572684497989], [12.45136186770428, 12.949416342412452, 0.3481780459213525], [13.945525291828794, 14.443579766536965, 0.19252054538082092], [17.929961089494164, 18.428015564202333, 0.17237218759519743], [18.428015564202333, 18.926070038910506, 0.17635131167845244]], ""V3"": [[0.4980544747081712, 0.9961089494163424, 0.35], [0.9961089494163424, 1.4941634241245136, 0.554401071942725], [1.9922178988326849, 2.490272373540856, 0.2222276996240939], [2.490272373540856, 2.9883268482490273, 0.20185381911425995], [7.968871595330739, 8.46692607003891, 0.08324178611478525], [8.46692607003891, 8.964980544747082, 0.09051849979788934], [8.964980544747082, 9.463035019455253, 0.0361312294856679], [11.95330739299611, 12.45136186770428, 0.7888268424702692], [12.45136186770428, 12.949416342412452, 0.20980372868586825], [13.945525291828794, 14.443579766536965, 0.07730112547759115], [17.929961089494164, 18.428015564202333, 0.05275297773009013], [18.428015564202333, 18.926070038910506, 0.05951171989473521]], ""V5"": [[0.4980544747081712, 0.9961089494163424, 0.20814988701347592], [0.9961089494163424, 1.4941634241245136, 0.6535339669873371], [1.9922178988326849, 2.490272373540856, 0.35122805583263], [2.490272373540856, 2.9883268482490273, 0.30989923547026754], [7.968871595330739, 8.46692607003891, 0.04542851377364896], [8.46692607003891, 8.964980544747082, 0.14500206342567962], [8.964980544747082, 9.463035019455253, 0.06867031448854682], [11.95330739299611, 12.45136186770428, 1.0], [12.45136186770428, 12.949416342412452, 0.34341803589918896], [13.945525291828794, 14.443579766536965, 0.12911270068931108], [17.929961089494164, 18.428015564202333, 0.11022980813695843], [18.428015564202333, 18.926070038910506, 0.1156012115104306]], ""V6"": [[0.4980544747081712, 0.9961089494163424, 0.35], [0.9961089494163424, 1.4941634241245136, 0.994671237819744], [1.9922178988326849, 2.490272373540856, 0.46546232448565306], [2.490272373540856, 2.9883268482490273, 0.4315863814351801], [7.968871595330739, 8.46692607003891, 0.05143544959715608], [8.46692607003891, 8.964980544747082, 0.17314612939424096], [8.964980544747082, 9.463035019455253, 0.07091142123808994], [11.95330739299611, 12.45136186770428, 0.6184079481249619], [12.45136186770428, 12.949416342412452, 0.1737112780642912], [13.945525291828794, 14.443579766536965, 0.09710458628184111], [17.929961089494164, 18.428015564202333, 0.08936101062815789], [18.428015564202333, 18.926070038910506, 0.09271778641099969]], ""aVF"": [[0.4980544747081712, 0.9961089494163424, 0.10882737286594497], [0.9961089494163424, 1.4941634241245136, 0.5564902281686547], [1.9922178988326849, 2.490272373540856, 0.1995371945704856], [2.490272373540856, 2.9883268482490273, 0.17373817998822869], [8.46692607003891, 8.964980544747082, 0.12778945769278394], [8.964980544747082, 9.463035019455253, 0.08127579318386033], [11.95330739299611, 12.45136186770428, 0.7633241156044264], [12.45136186770428, 12.949416342412452, 0.3481702216422061], [13.945525291828794, 14.443579766536965, 0.1506646057079286], [17.929961089494164, 18.428015564202333, 0.13200416648838303], [18.428015564202333, 18.926070038910506, 0.13857605312138974]]}, ""lead_scores"": {""II"": 0.21194907800558122, ""V3"": 0.1739025676350314, ""V5"": 0.22218221733563898, ""V6"": 0.17744187974472603, ""aVF"": 0.21452425727902236}, ""top5_leads"": [""V6"", ""V5"", ""II"", ""aVF"", ""V3""]}"
1143,t wave abnormal,prolonged qt interval,[],"{""mat_path"": ""C:\\Users\\nares\\Documents\\cvd-early-detection-ecg-uhull\\data\\georgia-12lead-ecg-challenge-database\\Georgia\\E01189.mat"", ""target_label"": ""t wave abnormal"", ""method_label"": ""LIME+TimeSHAP"", ""page_seconds"": 10.0, ""perlead_spans"": {""I"": [[0.0, 0.5, 0.35], [0.5, 1.0, 0.30903634839018373], [1.5, 2.0, 0.228448517945746], [3.0, 3.5, 0.33814904903549803], [3.5, 4.0, 0.31003794253586137], [4.5, 5.0, 0.12501987159192418], [5.0, 5.5, 0.2909438198552369], [5.5, 6.0, 0.27658544846094213], [6.5, 7.0, 0.19363523087298615], [8.0, 8.5, 0.3261985445462276], [8.5, 9.0, 0.3181789212496091], [9.5, 10.0, 0.23155232153575714]], ""III"": [[0.0, 0.5, 0.17503855909248334], [0.5, 1.0, 0.18444733309824113], [7.5, 8.0, 0.35], [9.0, 9.5, 0.27990697281883387], [9.5, 10.0, 0.32738351116413716]], ""V1"": [[0.0, 0.5, 0.11130378540817785], [0.5, 1.0, 0.19611081471783906], [1.5, 2.0, 0.285286718065582], [3.0, 3.5, 0.09792744912393066], [3.5, 4.0, 0.1676236527996246], [4.5, 5.0, 0.1509324566236444], [5.0, 5.5, 0.16180896499183386], [5.5, 6.0, 0.1346442717450465], [6.5, 7.0, 0.35], [8.0, 8.5, 0.194407324312067], [8.5, 9.0, 0.12776787844905557], [9.5, 10.0, 0.31726294626585944]], ""V3"": [[0.0, 0.5, 0.21062965912677314], [0.5, 1.0, 0.22769642096879758], [7.5, 8.0, 0.333902806755191], [9.0, 9.5, 0.3349218382965023], [9.5, 10.0, 0.35]], ""V5"": [[0.0, 0.5, 0.342942092562546], [0.5, 1.0, 0.5120797039218369], [1.5, 2.0, 0.1738501142397124], [3.5, 4.0, 0.20604198543614935], [4.5, 5.0, 0.09567978658243322], [5.0, 5.5, 0.030323589735147295], [5.5, 6.0, 0.053320219219730604], [6.5, 7.0, 0.1675433771166014], [7.5, 8.0, 0.3458314934668678], [8.0, 8.5, 0.17657742134782448], [8.5, 9.0, 0.1567149263390835], [9.0, 9.5, 0.28550829787313986], [9.5, 10.0, 1.0]], ""aVF"": [[0.0, 0.5, 0.1919144047855469], [0.5, 1.0, 0.21220454917847906], [1.5, 2.0, 0.2848878137903106], [3.0, 3.5, 0.2191070901715635], [3.5, 4.0, 0.17383062666802174], [4.5, 5.0, 0.20106860336510665], [5.0, 5.5, 0.22456979168881186], [5.5, 6.0, 0.26204842532525613], [6.5, 7.0, 0.24706309237943186], [8.0, 8.5, 0.2259264666535653], [8.5, 9.0, 0.33051180558832327], [9.5, 10.0, 0.35]], ""aVL"": [[0.0, 0.5, 0.29275903704916295], [0.5, 1.0, 0.2646719350221118], [7.5, 8.0, 0.3038795400640769], [9.0, 9.5, 0.2749786451288123], [9.5, 10.0, 0.35]], ""aVR"": [[0.0, 0.5, 1.0], [0.5, 1.0, 0.8045434813886454], [1.5, 2.0, 0.18028522739160185], [3.0, 3.5, 0.23829634559592922], [3.5, 4.0, 0.32367596242973956], [4.5, 5.0, 0.1170254380143988], [5.0, 5.5, 0.13984779483146229], [5.5, 6.0, 0.14773108583412753], [6.5, 7.0, 0.15087041337794063], [7.5, 8.0, 0.23964318780325256], [8.0, 8.5, 0.28473902506236215], [8.5, 9.0, 0.3162437736963944], [9.0, 9.5, 0.2542214770701413], [9.5, 10.0, 0.7170743524779919]]}, ""lead_scores"": {""I"": 0.15498208922405093, ""III"": 0.09193196193646154, ""V1"": 0.08194467086747285, ""V3"": 0.16819114983859756, ""V5"": 0.17283138661984931, ""aVF"": 0.07675872139707789, ""aVL"": 0.08266437896198728, ""aVR"": 0.17069564115450264}, ""top5_leads"": [""aVR"", ""V5"", ""I"", ""aVF"", ""V1""]}"
1605,t wave abnormal,t wave abnormal,[],"{""mat_path"": ""C:\\Users\\nares\\Documents\\cvd-early-detection-ecg-uhull\\data\\georgia-12lead-ecg-challenge-database\\Georgia\\E05741.mat"", ""target_label"": ""t wave abnormal"", ""method_label"": ""LIME+TimeSHAP"", ""page_seconds"": 10.0, ""perlead_spans"": {""I"": [[0.0, 0.5, 0.2837481948790839], [0.5, 1.0, 0.2562683689090643], [1.5, 2.0, 0.1944547677302031], [3.0, 3.5, 0.27822359502254307], [3.5, 4.0, 0.18564950051720508], [4.5, 5.0, 0.22996375018269893], [5.0, 5.5, 0.23672720058066932], [5.5, 6.0, 0.2436565092698116], [6.0, 6.5, 0.2588816736093423], [8.0, 8.5, 0.2827814435429535], [8.5, 9.0, 0.27250032682624237], [9.5, 10.0, 0.35]], ""III"": [[0.0, 0.5, 1.0], [0.5, 1.0, 0.9757805681622693], [1.0, 1.5, 0.2620551971709166], [1.5, 2.0, 0.26068982531116813], [3.0, 3.5, 0.09098393372513883], [3.5, 4.0, 0.32593038651707645], [4.5, 5.0, 0.263599046331158], [5.0, 5.5, 0.11340078959356284], [5.5, 6.0, 0.12494556315951656], [6.0, 6.5, 0.17659199013152438], [8.0, 8.5, 0.1698850681548815], [8.5, 9.0, 0.2862571471416193], [9.0, 9.5, 0.23036710485867357], [9.5, 10.0, 0.8634378051838477]], ""V3"": [[0.0, 0.5, 0.3107328693508662], [0.5, 1.0, 0.35], [1.0, 1.5, 0.30007647507934604], [9.0, 9.5, 0.22170532906789162], [9.5, 10.0, 0.34040836766929783]], ""V5"": [[0.0, 0.5, 0.9483533796643144], [0.5, 1.0, 1.0], [1.0, 1.5, 0.2747208209011426], [1.5, 2.0, 0.2079884127522003], [3.0, 3.5, 0.027206525840515066], [3.5, 4.0, 0.3181040947348176], [4.5, 5.0, 0.20938225828609108], [5.0, 5.5, 0.17002565276722012], [5.5, 6.0, 0.11536669811061553], [6.0, 6.5, 0.024900447389389038], [8.0, 8.5, 0.051933176876791616], [8.5, 9.0, 0.26916344686735844], [9.0, 9.5, 0.12089733642740692], [9.5, 10.0, 0.8343398631468234]], ""aVF"": [[0.0, 0.5, 0.19399470000602942], [0.5, 1.0, 0.30819266729564376], [1.5, 2.0, 0.35], [3.0, 3.5, 0.05994630552301834], [3.5, 4.0, 0.3367050786861516], [4.5, 5.0, 0.23963951007589993], [5.0, 5.5, 0.09616645731756641], [5.5, 6.0, 0.03893534060462051], [6.0, 6.5, 0.19585917922135437], [8.0, 8.5, 0.18395367577181476], [8.5, 9.0, 0.3478102080538108], [9.5, 10.0, 0.28734203065480207]], ""aVL"": [[0.0, 0.5, 0.35], [0.5, 1.0, 0.32602148596869973], [1.0, 1.5, 0.3008043939179455], [9.0, 9.5, 0.15964496797868105], [9.5, 10.0, 0.3064499908417116]], ""aVR"": [[0.0, 0.5, 1.0], [0.5, 1.0, 0.861594743941997], [1.0, 1.5, 0.30567639549398035], [1.5, 2.0, 0.28829851615426144], [3.0, 3.5, 0.2022628500623138], [3.5, 4.0, 0.3173921487854191], [4.5, 5.0, 0.2798038599966183], [5.0, 5.5, 0.11987293399827519], [5.5, 6.0, 0.12560515236364894], [6.0, 6.5, 0.12970259596295247], [8.0, 8.5, 0.21186972136028875], [8.5, 9.0, 0.21783733841331848], [9.0, 9.5, 0.2441315971582342], [9.5, 10.0, 0.8020781789275924]]}, ""lead_scores"": {""I"": 0.14128559849358235, ""III"": 0.1775747542658121, ""V3"": 0.1766336768033974, ""V5"": 0.18865630310286682, ""aVF"": 0.07788635515042892, ""aVL"": 0.07106515608577905, ""aVR"": 0.16689815609813338}, ""top5_leads"": [""III"", ""aVR"", ""V5"", ""I"", ""aVF""]}"
1418,t wave inversion,t wave inversion,[],"{""mat_path"": ""C:\\Users\\nares\\Documents\\cvd-early-detection-ecg-uhull\\data\\georgia-12lead-ecg-challenge-database\\Georgia\\E03763.mat"", ""target_label"": ""t wave inversion"", ""method_label"": ""LIME+TimeSHAP"", ""page_seconds"": 10.0, ""perlead_spans"": {""I"": [[0.0, 0.5, 0.18382119876930703], [0.5, 1.0, 0.2714771122640307], [1.5, 2.0, 0.28098305271370877], [3.0, 3.5, 0.17917411331815486], [4.5, 5.0, 0.2749193645300425], [5.0, 5.5, 0.2575288458464704], [5.5, 6.0, 0.22754787217668557], [6.5, 7.0, 0.3074204217128275], [8.0, 8.5, 0.35], [8.5, 9.0, 0.32447210912060154], [9.0, 9.5, 0.3143264398898596], [9.5, 10.0, 0.32636013003101594]], ""III"": [[1.0, 1.5, 0.11150747878721944], [3.0, 3.5, 0.24594998696900325], [5.0, 5.5, 0.35], [7.0, 7.5, 0.0727583702308245], [9.0, 9.5, 0.1300002585992017]], ""V2"": [[1.0, 1.5, 0.3289257763034289], [3.0, 3.5, 0.155132420741275], [5.0, 5.5, 0.24475237233528802], [7.0, 7.5, 0.35], [9.0, 9.5, 0.30206934973156985]], ""V3"": [[0.5, 1.0, 0.35], [1.0, 1.5, 0.14526374041171544], [1.5, 2.0, 0.3037671054507392], [3.0, 3.5, 0.13565962875686371], [4.5, 5.0, 0.24501646148360584], [5.0, 5.5, 0.06077336169842273], [5.5, 6.0, 0.10510954679504991], [6.5, 7.0, 0.2944073283695806], [7.0, 7.5, 0.15868687574878876], [8.0, 8.5, 0.26254637192772207], [8.5, 9.0, 0.24892428771806369], [9.0, 9.5, 0.508967144560839], [9.5, 10.0, 0.2620642030117992]], ""V4"": [[1.0, 1.5, 0.35], [3.0, 3.5, 0.22732569615572495], [5.0, 5.5, 0.29303066119570936], [7.0, 7.5, 0.28295631630904966], [9.0, 9.5, 0.33814758266647255]], ""V6"": [[0.0, 0.5, 0.11213628837622698], [0.5, 1.0, 0.2769722064639399], [1.0, 1.5, 0.35], [1.5, 2.0, 0.254631597387373], [3.0, 3.5, 0.2384601174812716], [4.5, 5.0, 0.23873534267559], [5.0, 5.5, 0.3428317611883641], [5.5, 6.0, 0.11517197180416093], [6.5, 7.0, 0.29686545188133523], [7.0, 7.5, 0.3127845846183865], [8.0, 8.5, 0.35], [8.5, 9.0, 0.3118887803632677], [9.0, 9.5, 0.8379778656805196], [9.5, 10.0, 0.30974926507558376]], ""aVF"": [[0.0, 0.5, 0.2611304701189006], [0.5, 1.0, 0.0792565343336238], [1.5, 2.0, 0.19413097763243384], [3.0, 3.5, 0.3419583480822026], [4.5, 5.0, 0.263632125079609], [5.0, 5.5, 0.35], [5.5, 6.0, 0.29299542191480327], [6.5, 7.0, 0.2974831769882141], [8.0, 8.5, 0.24727255654671917], [8.5, 9.0, 0.2010438479136644], [9.0, 9.5, 0.25789993101133235], [9.5, 10.0, 0.12287671311975963]], ""aVR"": [[0.0, 0.5, 0.26066112901240557], [0.5, 1.0, 0.1930768689990057], [1.5, 2.0, 0.2867041149586579], [3.0, 3.5, 0.3127153878135538], [4.5, 5.0, 0.3115529633041204], [5.0, 5.5, 0.35], [5.5, 6.0, 0.29517566099492065], [6.5, 7.0, 0.2619708335671542], [8.0, 8.5, 0.31121545896745306], [8.5, 9.0, 0.2980360787473689], [9.0, 9.5, 0.2983867674830091], [9.5, 10.0, 0.27645563205590123]]}, ""lead_scores"": {""I"": 0.15357641329717137, ""III"": 0.08682753409381506, ""V2"": 0.08106918733996592, ""V3"": 0.2042816438551106, ""V4"": 0.09136641167761834, ""V6"": 0.19421396560588344, ""aVF"": 0.0862390633122527, ""aVR"": 0.10242578081818257}, ""top5_leads"": [""V6"", ""aVR"", ""I"", ""V3"", ""aVF""]}"
1605,t wave inversion,t wave abnormal,[],"{""mat_path"": ""C:\\Users\\nares\\Documents\\cvd-early-detection-ecg-uhull\\data\\georgia-12lead-ecg-challenge-database\\Georgia\\E05741.mat"", ""target_label"": ""t wave inversion"", ""method_label"": ""LIME+TimeSHAP"", ""page_seconds"": 10.0, ""perlead_spans"": {""I"": [[0.0, 0.5, 0.2611201164050119], [0.5, 1.0, 0.24091483970363795], [1.5, 2.0, 0.214008740632552], [3.0, 3.5, 0.35], [4.5, 5.0, 0.2307693263036298], [5.0, 5.5, 0.29972977726468736], [5.5, 6.0, 0.3156232630577034], [6.0, 6.5, 0.33011496729643125], [6.5, 7.0, 0.28325324074635627], [8.0, 8.5, 0.3256584282237471], [8.5, 9.0, 0.28979231788996157], [9.5, 10.0, 0.33685101681806084]], ""III"": [[0.0, 0.5, 1.0], [0.5, 1.0, 0.3380061985420468], [1.0, 1.5, 0.2838612479237429], [1.5, 2.0, 0.2591866083127629], [3.0, 3.5, 0.04686994431690728], [4.0, 4.5, 0.19084295624585684], [4.5, 5.0, 0.773484188732096], [5.0, 5.5, 0.07505165236713955], [5.5, 6.0, 0.11973064219761505], [6.0, 6.5, 0.20436864275723224], [6.5, 7.0, 0.19892728484811315], [8.0, 8.5, 0.16263167442307533], [8.5, 9.0, 0.2842587238958322], [9.5, 10.0, 0.8814897737215748]], ""V3"": [[0.0, 0.5, 0.31883695069221724], [1.0, 1.5, 0.3189031283205063], [4.0, 4.5, 0.22481896224806802], [4.5, 5.0, 0.25582042370031033], [9.5, 10.0, 0.35]], ""V5"": [[0.0, 0.5, 0.9624935441957988], [0.5, 1.0, 0.35], [1.0, 1.5, 0.3061315547674752], [1.5, 2.0, 0.2578269043628484], [3.0, 3.5, 0.06136943236989081], [4.0, 4.5, 0.18064761100469454], [4.5, 5.0, 0.7169160438796371], [5.0, 5.5, 0.05767141628155057], [5.5, 6.0, 0.023874649395706337], [6.0, 6.5, 0.11144016536948527], [6.5, 7.0, 0.30126934905973196], [8.0, 8.5, 0.10558454265161524], [8.5, 9.0, 0.28487452784026474], [9.5, 10.0, 0.8449755355146463]], ""aVF"": [[0.0, 0.5, 0.1949279576927193], [0.5, 1.0, 0.24768134327419644], [1.5, 2.0, 0.2710339396203067], [3.0, 3.5, 0.0967969921841352], [4.5, 5.0, 0.19921140335869172], [5.5, 6.0, 0.06683873695131202], [6.0, 6.5, 0.15597132434814598], [6.5, 7.0, 0.35], [8.0, 8.5, 0.20090746484656385], [8.5, 9.0, 0.2893372900303527], [9.5, 10.0, 0.2595865938986248]], ""aVL"": [[0.0, 0.5, 0.35], [1.0, 1.5, 0.32002078810678997], [4.0, 4.5, 0.25071486899591233], [4.5, 5.0, 0.2736424616092682], [9.5, 10.0, 0.3366102013594818]], ""aVR"": [[0.0, 0.5, 1.0], [0.5, 1.0, 0.3448125355615087], [1.0, 1.5, 0.3305084264773136], [1.5, 2.0, 0.3297461304164068], [3.0, 3.5, 0.23183087574412967], [4.0, 4.5, 0.28550288200861806], [4.5, 5.0, 0.8925939333696059], [5.0, 5.5, 0.14521603650672132], [5.5, 6.0, 0.16643030981787046], [6.0, 6.5, 0.21508456676936044], [6.5, 7.0, 0.26484120864899574], [8.0, 8.5, 0.30188698784601825], [8.5, 9.0, 0.3043224938760488], [9.5, 10.0, 0.9565638050731785]]}, ""lead_scores"": {""I"": 0.13792698780710452, ""III"": 0.16050256935973403, ""V3"": 0.16680538941222597, ""V5"": 0.17217586973854665, ""aVF"": 0.10448447668585356, ""aVL"": 0.07010645221035369, ""aVR"": 0.18799825478618154}, ""top5_leads"": [""aVR"", ""III"", ""V5"", ""I"", ""aVF""]}"
1599,ventricular premature beats,ventricular premature beats,[],"{""mat_path"": ""C:\\Users\\nares\\Documents\\cvd-early-detection-ecg-uhull\\data\\georgia-12lead-ecg-challenge-database\\Georgia\\E05707.mat"", ""target_label"": ""ventricular premature beats"", ""method_label"": ""LIME+TimeSHAP"", ""page_seconds"": 10.0, ""perlead_spans"": {""I"": [[0.5, 1.0, 0.13612513540826604], [2.0, 2.5, 0.08853216376416809], [3.0, 3.5, 0.11043684774969052], [4.5, 5.0, 0.11049844159680076], [5.0, 5.5, 0.2077620676697252], [5.5, 6.0, 0.21988835631955497], [6.0, 6.5, 0.35], [6.5, 7.0, 0.20466149673203118], [8.0, 8.5, 0.14193614683552525], [8.5, 9.0, 0.2668601596986339], [9.0, 9.5, 0.20205402838141792], [9.5, 10.0, 0.2054571560900665]], ""III"": [[0.5, 1.0, 0.08841758123471613], [2.0, 2.5, 0.023267687207872638], [3.0, 3.5, 0.10739296483783378], [4.5, 5.0, 0.03340202902967097], [5.0, 5.5, 0.26343362729892766], [5.5, 6.0, 0.7456104251811088], [6.0, 6.5, 1.0], [6.5, 7.0, 0.2414759680473498], [7.0, 7.5, 0.2571325071585001], [8.0, 8.5, 0.24646092410411746], [8.5, 9.0, 0.8566681660692861], [9.0, 9.5, 0.7448951838567673], [9.5, 10.0, 0.20961181684078709]], ""V2"": [[5.5, 6.0, 0.2548366932489846], [6.0, 6.5, 0.35], [7.0, 7.5, 0.20461578443278605], [8.5, 9.0, 0.2493148718858871], [9.0, 9.5, 0.19465243752887929]], ""V3"": [[5.5, 6.0, 0.2950060486892276], [6.0, 6.5, 0.35], [7.0, 7.5, 0.26441242588672925], [8.5, 9.0, 0.29157409166680304], [9.0, 9.5, 0.25853732964659]], ""V4"": [[5.5, 6.0, 0.2307897771967554], [6.0, 6.5, 0.35], [7.0, 7.5, 0.21654171706526423], [8.5, 9.0, 0.25618757835477357], [9.0, 9.5, 0.17530140775878209]], ""V6"": [[0.5, 1.0, 0.09179930827656295], [2.0, 2.5, 0.06783218954794439], [3.0, 3.5, 0.06331959153846968], [4.5, 5.0, 0.0708756365923292], [5.0, 5.5, 0.2062879780629407], [5.5, 6.0, 0.22620128032595843], [6.0, 6.5, 0.35], [6.5, 7.0, 0.19851188349455826], [8.0, 8.5, 0.1601115849637641], [8.5, 9.0, 0.23917619375863963], [9.0, 9.5, 0.1670915468472451], [9.5, 10.0, 0.13874297224982288]], ""aVF"": [[0.5, 1.0, 0.12590750780306278], [2.0, 2.5, 0.17674708197845146], [3.0, 3.5, 0.12851084296051854], [4.5, 5.0, 0.14936483091947259], [5.0, 5.5, 0.2525613826388573], [5.5, 6.0, 0.2722198099696332], [6.0, 6.5, 0.35], [6.5, 7.0, 0.24262804811088456], [8.0, 8.5, 0.22007245717562438], [8.5, 9.0, 0.27833750767900406], [9.0, 9.5, 0.23973837857111022], [9.5, 10.0, 0.20027188384061856]], ""aVR"": [[0.5, 1.0, 0.1070643577478969], [2.0, 2.5, 0.07802435132433459], [3.0, 3.5, 0.12938587319873654], [4.5, 5.0, 0.09771203119036258], [5.0, 5.5, 0.2719448986538526], [5.5, 6.0, 0.8150725056368423], [6.0, 6.5, 1.0], [6.5, 7.0, 0.2577719269142952], [7.0, 7.5, 0.22785078199335465], [8.0, 8.5, 0.22963161193353535], [8.5, 9.0, 0.7435517562712478], [9.0, 9.5, 0.655056837775613], [9.5, 10.0, 0.17882106133119618]]}, ""lead_scores"": {""I"": 0.1144044865031805, ""III"": 0.19784064966865544, ""V2"": 0.0719663428970759, ""V3"": 0.13447563689260345, ""V4"": 0.0738664551482135, ""V6"": 0.08616975986947531, ""aVF"": 0.11308041678260011, ""aVR"": 0.20819625223819582}, ""top5_leads"": [""III"", ""aVR"", ""aVF"", ""I"", ""V6""]}"
1803,ventricular premature beats,ventricular premature beats,[],"{""mat_path"": ""C:\\Users\\nares\\Documents\\cvd-early-detection-ecg-uhull\\data\\georgia-12lead-ecg-challenge-database\\Georgia\\E07709.mat"", ""target_label"": ""ventricular premature beats"", ""method_label"": ""LIME+TimeSHAP"", ""page_seconds"": 10.0, ""perlead_spans"": {""I"": [[0.0, 0.5, 0.0725020113904145], [0.5, 1.0, 0.15505012647513375], [1.5, 2.0, 0.35], [2.0, 2.5, 0.34939429519091614], [2.5, 3.0, 0.11636682859554362], [4.5, 5.0, 0.3093559780826914], [5.0, 5.5, 0.13955352529800716], [5.5, 6.0, 0.15249660311038127], [6.5, 7.0, 0.3157323152706661], [8.0, 8.5, 0.22197804096534496], [8.5, 9.0, 0.1619722577144515], [9.5, 10.0, 0.1522347719540807]], ""III"": [[0.0, 0.5, 0.08080507464494872], [0.5, 1.0, 0.18852451677072482], [1.5, 2.0, 1.0], [2.0, 2.5, 0.9069603687751341], [2.5, 3.0, 0.08599794422516528], [4.5, 5.0, 0.9459846006313323], [5.0, 5.5, 0.06452524294716164], [5.5, 6.0, 0.0716920588302976], [6.5, 7.0, 0.24530218891906436], [7.0, 7.5, 0.33483618584466057], [7.5, 8.0, 0.33788700760334406], [8.0, 8.5, 0.3409402181523802], [8.5, 9.0, 0.28476356106284084], [9.5, 10.0, 0.2804747783191355]], ""V3"": [[1.5, 2.0, 0.34473296414018295], [2.0, 2.5, 0.33856051443754714], [4.5, 5.0, 0.34005920863647005], [7.0, 7.5, 0.35], [7.5, 8.0, 0.3327008650785268]], ""V4"": [[1.5, 2.0, 0.31920939848264307], [2.0, 2.5, 0.3184754817527481], [4.5, 5.0, 0.2683544011503909], [7.0, 7.5, 0.35], [7.5, 8.0, 0.2403258841422981]], ""V5"": [[0.0, 0.5, 0.14409597731448037], [0.5, 1.0, 0.22295135360555687], [1.5, 2.0, 0.3320938831194702], [2.0, 2.5, 0.3341715127100483], [4.5, 5.0, 0.3177335507848578], [5.0, 5.5, 0.04249604414460459], [5.5, 6.0, 0.02301345349257197], [6.5, 7.0, 0.35], [8.0, 8.5, 0.23551497175880184], [8.5, 9.0, 0.22798328718692712], [9.5, 10.0, 0.23923974634232717]], ""V6"": [[1.5, 2.0, 0.26877930637409164], [2.0, 2.5, 0.26397121931681633], [4.5, 5.0, 0.23062748540939518], [7.0, 7.5, 0.35], [7.5, 8.0, 0.2520380535847113]], ""aVF"": [[0.0, 0.5, 0.20868137620280094], [0.5, 1.0, 0.21083642188020868], [1.5, 2.0, 0.3498689939120625], [2.0, 2.5, 0.34058853694389557], [2.5, 3.0, 0.08833699244345274], [4.5, 5.0, 0.35], [5.0, 5.5, 0.08720011910959956], [5.5, 6.0, 0.04076435278336116], [6.5, 7.0, 0.2998796688290042], [8.0, 8.5, 0.31120208673344474], [8.5, 9.0, 0.31330113378854674], [9.5, 10.0, 0.3005914576488419]], ""aVR"": [[0.0, 0.5, 0.10151066097233939], [0.5, 1.0, 0.1971799488089945], [1.5, 2.0, 0.9467006546266803], [2.0, 2.5, 0.9106662174064805], [2.5, 3.0, 0.02694329175069062], [4.5, 5.0, 0.9070544197271112], [5.0, 5.5, 0.06216081001634199], [5.5, 6.0, 0.05938588460162713], [6.5, 7.0, 0.22489434234689826], [7.0, 7.5, 0.35], [7.5, 8.0, 0.30543952536036467], [8.0, 8.5, 0.3262058191745691], [8.5, 9.0, 0.26018676539321517], [9.5, 10.0, 0.2572737080444807]]}, ""lead_scores"": {""I"": 0.10151017372175737, ""III"": 0.2090579664569221, ""V3"": 0.1319768317764524, ""V4"": 0.0719528633263649, ""V5"": 0.0809432455899951, ""V6"": 0.06565507643384513, ""aVF"": 0.11162215457428644, ""aVR"": 0.22728168812037658}, ""top5_leads"": [""III"", ""aVR"", ""aVF"", ""I"", ""V5""]}"
