val_idx,group_class,true_label,top_preds,payload
523,1st degree av block,1st degree av block,[],"{""mat_path"": ""C:\\Users\\nares\\Documents\\cvd-early-detection-ecg-uhull\\data\\china-physiological-signal-challenge-in-2018\\Training_WFDB\\A1591.mat"", ""target_label"": ""1st degree av block"", ""method_label"": ""LIME+TimeSHAP"", ""page_seconds"": 10.0, ""perlead_spans"": {""II"": [[0.0, 0.5, 0.30524922934469934], [1.0, 1.5, 0.33854726378196964], [2.0, 2.5, 0.19688118826225762], [4.0, 4.5, 0.3191212662228253], [6.0, 6.5, 1.0], [6.5, 7.0, 0.8772005352659217], [7.0, 7.5, 0.7377599412683753], [7.5, 8.0, 0.8032232420109701], [8.5, 9.0, 0.695532352622316], [9.0, 9.5, 0.27518837912763666], [9.5, 10.0, 0.2723674893572084]], ""III"": [[6.0, 6.5, 0.35], [6.5, 7.0, 0.2999039075006281], [7.0, 7.5, 0.28272339420837145], [7.5, 8.0, 0.2334993305016828], [8.5, 9.0, 0.23993316804969506]], ""V2"": [[0.0, 0.5, 0.35], [1.0, 1.5, 0.28697593602237914], [2.0, 2.5, 0.17291940167072817], [2.5, 3.0, 0.021544301232248257], [4.0, 4.5, 0.3179526512038752], [6.0, 6.5, 0.08162802659692109], [6.5, 7.0, 0.23873589211351642], [7.0, 7.5, 0.24417238692554769], [7.5, 8.0, 0.2926338689375908], [8.5, 9.0, 0.2934306808782043], [9.0, 9.5, 0.2238742435832662], [9.5, 10.0, 0.26105196964255395]], ""V4"": [[0.0, 0.5, 0.2503615988915593], [1.0, 1.5, 0.2523544224211594], [2.5, 3.0, 0.12828030238740662], [4.0, 4.5, 0.14521814153647772], [6.0, 6.5, 0.6637795748853985], [6.5, 7.0, 0.850452171081098], [7.0, 7.5, 0.8858837855137605], [7.5, 8.0, 0.9957924839528022], [8.5, 9.0, 0.9836604038983572], [9.0, 9.5, 0.28343065814200613], [9.5, 10.0, 0.29795700629208755]], ""V5"": [[0.0, 0.5, 0.12017247224804506], [1.0, 1.5, 0.2168913055366012], [2.0, 2.5, 0.18473650086423948], [2.5, 3.0, 0.14193333349183668], [4.0, 4.5, 0.20916434578139376], [6.0, 6.5, 0.8681339326623443], [6.5, 7.0, 1.0], [7.0, 7.5, 0.8138437150823703], [7.5, 8.0, 0.8058230801813442], [8.5, 9.0, 0.819178994443556], [9.0, 9.5, 0.28902977881650305], [9.5, 10.0, 0.18162030998499767]], ""aVF"": [[0.0, 0.5, 0.18540183700446847], [1.0, 1.5, 0.322391340596965], [2.0, 2.5, 0.2780154188954509], [2.5, 3.0, 0.08840503223638395], [4.0, 4.5, 0.35], [6.0, 6.5, 0.5073640360167792], [6.5, 7.0, 0.8133051756496285], [7.0, 7.5, 0.852544506936692], [7.5, 8.0, 0.6638729292855563], [8.5, 9.0, 0.7575776392563669], [9.0, 9.5, 0.17422649154260963], [9.5, 10.0, 0.20670962128906617]]}, ""lead_scores"": {""II"": 0.1956571775435459, ""III"": 0.08158272514729835, ""V2"": 0.08834514402705129, ""V4"": 0.21925487245874953, ""V5"": 0.18059657697399115, ""aVF"": 0.23456350384936378}, ""top5_leads"": [""II"", ""V4"", ""V5"", ""aVF"", ""V2""]}"
547,1st degree av block,1st degree av block,[],"{""mat_path"": ""C:\\Users\\nares\\Documents\\cvd-early-detection-ecg-uhull\\data\\china-physiological-signal-challenge-in-2018\\Training_WFDB\\A1868.mat"", ""target_label"": ""1st degree av block"", ""method_label"": ""LIME+TimeSHAP"", ""page_seconds"": 10.0, ""perlead_spans"": {""II"": [[0.0, 0.5, 0.8610403544905377], [0.5, 1.0, 1.0], [1.0, 1.5, 0.8934525665182071], [4.0, 4.5, 0.21460093275049572], [5.0, 5.5, 0.8966102236122746], [6.0, 6.5, 0.19903965850895056], [6.5, 7.0, 0.22795370757642341], [7.0, 7.5, 0.23615199376919205], [7.5, 8.0, 0.23438572682614658], [8.5, 9.0, 0.2059599376863365], [9.0, 9.5, 0.22489021886564448], [9.5, 10.0, 0.7893056201278136]], ""III"": [[0.0, 0.5, 0.8633251206103597], [0.5, 1.0, 0.9135249362558402], [1.0, 1.5, 0.7741924712516719], [4.0, 4.5, 0.16764386286781446], [5.0, 5.5, 0.9826097889202793], [6.0, 6.5, 0.33467337659285407], [6.5, 7.0, 0.3407026076276922], [7.0, 7.5, 0.328794630460351], [7.5, 8.0, 0.26776673343196716], [8.5, 9.0, 0.28788292182648617], [9.0, 9.5, 0.21503915365952136], [9.5, 10.0, 0.738219646518674]], ""V2"": [[0.0, 0.5, 0.7143360667841099], [0.5, 1.0, 0.9465549210048839], [1.0, 1.5, 1.0], [4.0, 4.5, 0.19228188395207674], [5.0, 5.5, 0.4799543041230572], [6.0, 6.5, 0.07759396204439423], [6.5, 7.0, 0.06489569951339526], [7.0, 7.5, 0.04955599498781852], [7.5, 8.0, 0.13259744636115187], [8.5, 9.0, 0.18308016146000322], [9.0, 9.5, 0.15727427916265888], [9.5, 10.0, 0.8434115651524654]], ""V4"": [[0.0, 0.5, 0.8934709585833033], [0.5, 1.0, 0.9010180218079628], [1.0, 1.5, 0.7579529526903027], [4.0, 4.5, 0.11758811442238762], [5.0, 5.5, 0.6043528678526804], [6.0, 6.5, 0.3082806296223408], [6.5, 7.0, 0.3288523734485618], [7.0, 7.5, 0.2608789567898001], [7.5, 8.0, 0.2804007086625693], [8.5, 9.0, 0.35], [9.0, 9.5, 0.2587233313559118], [9.5, 10.0, 0.8461358264216383]], ""aVF"": [[0.0, 0.5, 0.293785848232717], [0.5, 1.0, 0.35], [1.0, 1.5, 0.23356876132890583], [5.0, 5.5, 0.10065797078520168], [9.5, 10.0, 0.2511675710318267]], ""aVR"": [[0.0, 0.5, 0.1471630487626419], [0.5, 1.0, 0.2746109280904637], [1.0, 1.5, 0.25980613521117285], [4.0, 4.5, 0.2604071037963629], [5.0, 5.5, 0.3408178447777081], [6.0, 6.5, 0.340049249748077], [6.5, 7.0, 0.2616952747874392], [7.0, 7.5, 0.3015195660589969], [7.5, 8.0, 0.35], [8.5, 9.0, 0.2651848700649459], [9.0, 9.5, 0.270656550398825], [9.5, 10.0, 0.2563316411673383]]}, ""lead_scores"": {""II"": 0.19572638019368024, ""III"": 0.19468434526813921, ""V2"": 0.2123128908604084, ""V4"": 0.20872374005818975, ""aVF"": 0.0937375414752472, ""aVR"": 0.09481510214433521}, ""top5_leads"": [""III"", ""II"", ""V4"", ""V2"", ""aVR""]}"
1049,atrial fibrillation,atrial fibrillation,[],"{""mat_path"": ""C:\\Users\\nares\\Documents\\cvd-early-detection-ecg-uhull\\data\\georgia-12lead-ecg-challenge-database\\Georgia\\E00317.mat"", ""target_label"": ""atrial fibrillation"", ""method_label"": ""LIME+TimeSHAP"", ""page_seconds"": 10.0, ""perlead_spans"": {""I"": [[0.0, 0.5, 0.2123667311476257], [0.5, 1.0, 0.2621946537409416], [1.0, 1.5, 0.9066393901029517], [1.5, 2.0, 0.2690339115700252], [2.5, 3.0, 0.25286876432824745], [3.5, 4.0, 0.16807451888467628], [4.0, 4.5, 0.26114047573335236], [4.5, 5.0, 0.35], [5.0, 5.5, 0.4109406166678011], [5.5, 6.0, 0.1496938346543316], [6.0, 6.5, 0.08012560174024755], [6.5, 7.0, 0.22430622210490953], [7.0, 7.5, 0.2295994827987197], [8.0, 8.5, 0.3216969121126989], [9.0, 9.5, 0.060273693225932984]], ""II"": [[0.0, 0.5, 0.13637881992299175], [0.5, 1.0, 0.24454488193058235], [1.0, 1.5, 0.9774117355455583], [1.5, 2.0, 0.13589980216018904], [2.5, 3.0, 0.19785425244868207], [3.5, 4.0, 0.09107469303750702], [4.0, 4.5, 0.23852443953002445], [4.5, 5.0, 0.2775212237029982], [5.0, 5.5, 0.6865392450517251], [5.5, 6.0, 0.197453392011907], [6.0, 6.5, 0.16377227459413332], [6.5, 7.0, 0.2236714261169563], [7.0, 7.5, 0.35], [8.0, 8.5, 0.2266585134628522], [9.0, 9.5, 0.06508621697654106]], ""V2"": [[0.0, 0.5, 0.20838054451125895], [0.5, 1.0, 0.18021577684979997], [1.0, 1.5, 0.9584685548666283], [1.5, 2.0, 0.2504126487127086], [2.5, 3.0, 0.20092231426942464], [3.5, 4.0, 0.07119644596154032], [4.0, 4.5, 0.2517939864936401], [4.5, 5.0, 0.2581704047146344], [5.0, 5.5, 0.8729233687910513], [5.5, 6.0, 0.2267276564031017], [6.0, 6.5, 0.14864555959231557], [6.5, 7.0, 0.2884226557811251], [7.0, 7.5, 0.18299312513178848], [8.0, 8.5, 0.1954908596457465], [9.0, 9.5, 0.13308710560459014]], ""V3"": [[0.0, 0.5, 0.27075668699029753], [0.5, 1.0, 0.23980876353234273], [1.0, 1.5, 0.7035258192313234], [1.5, 2.0, 0.24501517275973012], [2.5, 3.0, 0.1765357670756328], [3.5, 4.0, 0.21098564094455244], [4.0, 4.5, 0.35], [4.5, 5.0, 0.2713036145503185], [5.0, 5.5, 0.552815913759706], [5.5, 6.0, 0.21525252339306705], [6.0, 6.5, 0.13556479079117018], [6.5, 7.0, 0.05902402784577564], [7.0, 7.5, 0.03012447583270614], [8.0, 8.5, 0.35], [9.0, 9.5, 0.21679792938314127]], ""V6"": [[1.0, 1.5, 0.12825618087723575], [4.0, 4.5, 0.2517962885877716], [4.5, 5.0, 0.35], [5.0, 5.5, 0.2842888418450837], [9.0, 9.5, 0.2683418865250781]], ""aVF"": [[0.0, 0.5, 0.13911381226420286], [0.5, 1.0, 0.10954892714172428], [1.0, 1.5, 0.2556424844787398], [1.5, 2.0, 0.12092836939892088], [2.5, 3.0, 0.16280873371160287], [3.5, 4.0, 0.0928020842689094], [5.0, 5.5, 0.35], [5.5, 6.0, 0.21019936696402292], [6.0, 6.5, 0.14681396830763938], [6.5, 7.0, 0.24265874300842402], [7.0, 7.5, 0.29197889272218247], [8.0, 8.5, 0.11122740067185936]]}, ""lead_scores"": {""I"": 0.17753472649065904, ""II"": 0.17275693573114137, ""V2"": 0.23768100674684728, ""V3"": 0.2137569337835258, ""V6"": 0.08561378661718347, ""aVF"": 0.11265661063064306}, ""top5_leads"": [""V2"", ""II"", ""I"", ""V3"", ""aVF""]}"
2466,atrial fibrillation,atrial fibrillation,[],"{""mat_path"": ""C:\\Users\\nares\\Documents\\cvd-early-detection-ecg-uhull\\data\\ptbxl-electrocardiography-database\\WFDB\\HR03423.mat"", ""target_label"": ""atrial fibrillation"", ""method_label"": ""LIME+TimeSHAP"", ""page_seconds"": 10.0, ""perlead_spans"": {""II"": [[0.5, 1.0, 0.34676491071718246], [3.5, 4.0, 0.35], [4.5, 5.0, 0.22083639702890737], [6.0, 6.5, 0.14183984793220367], [6.5, 7.0, 0.1600369265656976]], ""III"": [[0.0, 0.5, 0.2683133274311424], [0.5, 1.0, 0.8307016898280105], [1.5, 2.0, 0.09673619258186132], [3.0, 3.5, 0.06785095074195589], [3.5, 4.0, 0.6107586389091665], [4.5, 5.0, 0.35], [5.0, 5.5, 0.07832069333383833], [5.5, 6.0, 0.10198189258328165], [6.0, 6.5, 0.6625944075237317], [6.5, 7.0, 0.4101217652385945], [7.0, 7.5, 0.35], [8.0, 8.5, 0.31575294438842094]], ""V2"": [[0.0, 0.5, 0.19723641735964897], [0.5, 1.0, 0.9869883329169765], [1.5, 2.0, 0.20960198291833496], [2.5, 3.0, 0.28812538797867326], [3.0, 3.5, 0.26295469538526384], [3.5, 4.0, 0.8295357353157288], [4.5, 5.0, 0.2375209185359331], [5.0, 5.5, 0.3230028721761175], [5.5, 6.0, 0.26542944436798094], [6.0, 6.5, 0.6785130171665018], [6.5, 7.0, 0.8339232576200248], [7.0, 7.5, 0.28106014952809955]], ""V3"": [[0.0, 0.5, 0.30522213780008745], [0.5, 1.0, 0.5194930697129596], [1.5, 2.0, 0.18872058183826101], [2.5, 3.0, 0.1092435105380625], [3.0, 3.5, 0.13660919035141864], [3.5, 4.0, 1.0], [4.5, 5.0, 0.21733267088986327], [5.0, 5.5, 0.12600462411314178], [5.5, 6.0, 0.12360551147380268], [6.0, 6.5, 0.5730529046377901], [6.5, 7.0, 0.3945184343760736], [7.0, 7.5, 0.29906456215399413], [8.0, 8.5, 0.23798443586824558]], ""aVF"": [[0.0, 0.5, 0.3400387089531552], [0.5, 1.0, 0.2862328186635162], [1.5, 2.0, 0.22332060930873118], [2.5, 3.0, 0.32142447453352796], [3.0, 3.5, 0.3213177979000307], [3.5, 4.0, 0.2725875127706403], [5.0, 5.5, 0.27018259501327685], [5.5, 6.0, 0.23496820917547398], [6.0, 6.5, 0.35], [6.5, 7.0, 0.24839129443191457], [7.0, 7.5, 0.213269504716588], [8.0, 8.5, 0.2466467526414368]], ""aVL"": [[0.0, 0.5, 0.341639076718295], [0.5, 1.0, 0.320964398023472], [1.5, 2.0, 0.2076589298747741], [2.5, 3.0, 0.04110568573042564], [3.0, 3.5, 0.02470866277746219], [3.5, 4.0, 0.1449554146268509], [6.0, 6.5, 0.15790672126956207], [6.5, 7.0, 0.1952494801184909], [7.0, 7.5, 0.28915278961901664], [8.0, 8.5, 0.35]], ""aVR"": [[0.5, 1.0, 0.2103372922150549], [3.5, 4.0, 0.35], [4.5, 5.0, 0.3024632641841146], [6.0, 6.5, 0.18754831998732854], [6.5, 7.0, 0.13466152844700835]]}, ""lead_scores"": {""II"": 0.08191641726222018, ""III"": 0.23914863114091045, ""V2"": 0.20413517095782938, ""V3"": 0.1971723163905187, ""aVF"": 0.11434042514864912, ""aVL"": 0.08318785631406966, ""aVR"": 0.08009918278580253}, ""top5_leads"": [""V2"", ""V3"", ""III"", ""aVF"", ""aVL""]}"
3234,atrial flutter,atrial flutter,[],"{""mat_path"": ""C:\\Users\\nares\\Documents\\cvd-early-detection-ecg-uhull\\data\\ptbxl-electrocardiography-database\\WFDB\\HR10986.mat"", ""target_label"": ""atrial flutter"", ""method_label"": ""LIME+TimeSHAP"", ""page_seconds"": 10.0, ""perlead_spans"": {""III"": [[1.0, 1.5, 0.3270972592965805], [1.5, 2.0, 0.2199481422840248], [4.0, 4.5, 0.3217081679518351], [4.5, 5.0, 0.35], [5.0, 5.5, 0.1423248372477838]], ""V1"": [[1.0, 1.5, 0.35], [1.5, 2.0, 0.2535436454290222], [2.0, 2.5, 0.18698732118569567], [2.5, 3.0, 0.04690661764794435], [3.5, 4.0, 0.07310229025836311], [4.0, 4.5, 0.2902010303183709], [4.5, 5.0, 0.3368325924276084], [5.0, 5.5, 0.18649214311222626], [5.5, 6.0, 0.11390960262984162], [6.0, 6.5, 0.08714428679402579], [7.0, 7.5, 0.12485401497085082], [9.0, 9.5, 0.13837745188363335]], ""V2"": [[1.0, 1.5, 0.2933058235951396], [1.5, 2.0, 0.2819651203250044], [4.0, 4.5, 0.30908357819522325], [4.5, 5.0, 0.35], [5.0, 5.5, 0.34618943034452215]], ""V3"": [[1.0, 1.5, 0.845851508971192], [1.5, 2.0, 0.6464096295685852], [2.0, 2.5, 0.21752435698342193], [2.5, 3.0, 0.02708688851558343], [3.5, 4.0, 0.13718708103350505], [4.0, 4.5, 0.8697556750636444], [4.5, 5.0, 1.0], [5.0, 5.5, 0.2714074116346714], [5.5, 6.0, 0.08249704646397683], [6.0, 6.5, 0.11364826384908501], [7.0, 7.5, 0.1566745456457956], [9.0, 9.5, 0.16019190815293038]], ""V6"": [[1.0, 1.5, 0.918789383713985], [1.5, 2.0, 0.6947325798738628], [2.0, 2.5, 0.19816971649423828], [2.5, 3.0, 0.05087033819201565], [3.5, 4.0, 0.02149444733638372], [4.0, 4.5, 0.8592328640332428], [4.5, 5.0, 0.9987153236111975], [5.0, 5.5, 0.3197129189292328], [5.5, 6.0, 0.08687664501245347], [7.0, 7.5, 0.03914885684463141], [9.0, 9.5, 0.06936877452586963]], ""aVL"": [[1.0, 1.5, 0.35], [1.5, 2.0, 0.32830165776426135], [2.0, 2.5, 0.23900141160571542], [2.5, 3.0, 0.04256732185874738], [3.5, 4.0, 0.1136449318499419], [4.0, 4.5, 0.28396181229740725], [4.5, 5.0, 0.3385917880052458], [5.0, 5.5, 0.05943942410937592], [5.5, 6.0, 0.08452467174224312], [6.0, 6.5, 0.18505159618669206], [7.0, 7.5, 0.17312925574340435], [9.0, 9.5, 0.25174288545155954]], ""aVR"": [[1.0, 1.5, 0.8654884888510911], [1.5, 2.0, 0.7491188377488353], [2.0, 2.5, 0.22078033246931386], [2.5, 3.0, 0.07473784273909034], [3.5, 4.0, 0.08180015187030788], [4.0, 4.5, 0.8894202390200358], [4.5, 5.0, 1.0], [5.0, 5.5, 0.48993503415771095], [5.5, 6.0, 0.14625520081478072], [6.0, 6.5, 0.12269464186769934], [7.0, 7.5, 0.13208291944703568], [9.0, 9.5, 0.10795175740296478]]}, ""lead_scores"": {""III"": 0.056343323779656104, ""V1"": 0.09316112890263249, ""V2"": 0.054950685517723565, ""V3"": 0.24957324051111363, ""V6"": 0.23971214184394296, ""aVL"": 0.051130990140929214, ""aVR"": 0.25512848930400206}, ""top5_leads"": [""aVR"", ""V3"", ""V6"", ""aVL"", ""V1""]}"
4127,atrial flutter,atrial flutter,[],"{""mat_path"": ""C:\\Users\\nares\\Documents\\cvd-early-detection-ecg-uhull\\data\\ptbxl-electrocardiography-database\\WFDB\\HR20085.mat"", ""target_label"": ""atrial flutter"", ""method_label"": ""LIME+TimeSHAP"", ""page_seconds"": 10.0, ""perlead_spans"": {""III"": [[0.5, 1.0, 0.22447664220978072], [1.0, 1.5, 0.7744026182317028], [1.5, 2.0, 0.7455972449011719], [2.0, 2.5, 0.08632131157981227], [2.5, 3.0, 0.1691352861849061], [3.0, 3.5, 0.17092780797897175], [3.5, 4.0, 0.9778189678081629], [4.0, 4.5, 0.716386785391024], [4.5, 5.0, 0.6832706695161613], [7.0, 7.5, 0.07562637316136997], [9.0, 9.5, 0.10877293975176987], [9.5, 10.0, 0.11129750161657317]], ""V1"": [[0.5, 1.0, 0.15103599163644954], [1.0, 1.5, 0.33623195151844565], [1.5, 2.0, 0.35], [2.0, 2.5, 0.315180043757457], [2.5, 3.0, 0.19031166102259262], [3.0, 3.5, 0.13143496832982518], [3.5, 4.0, 0.21625226007153223], [4.0, 4.5, 0.32952409551541817], [4.5, 5.0, 0.33818508033394384], [9.0, 9.5, 0.1289792169799195], [9.5, 10.0, 0.1726881662710758]], ""V2"": [[1.0, 1.5, 0.25489177754982223], [1.5, 2.0, 0.2680632701063953], [3.5, 4.0, 0.2234746672667413], [4.0, 4.5, 0.19486977377843873], [4.5, 5.0, 0.35]], ""V3"": [[0.5, 1.0, 0.17165121733627214], [1.0, 1.5, 0.8158164288700179], [1.5, 2.0, 0.9776109844114174], [2.0, 2.5, 0.26462456946773816], [2.5, 3.0, 0.1310143000770771], [3.0, 3.5, 0.13375961908966433], [3.5, 4.0, 0.8804532603886183], [4.0, 4.5, 0.9978565888114206], [4.5, 5.0, 0.8534898074854013], [7.0, 7.5, 0.07339639600285897], [9.0, 9.5, 0.2535587024240945], [9.5, 10.0, 0.30254631236883883]], ""V6"": [[0.5, 1.0, 0.19616008843624644], [1.0, 1.5, 0.7815918054550913], [1.5, 2.0, 0.9246564937641328], [2.0, 2.5, 0.22622978887511605], [2.5, 3.0, 0.1483303644077032], [3.0, 3.5, 0.1298731523155117], [3.5, 4.0, 0.7271489159952894], [4.0, 4.5, 1.0], [4.5, 5.0, 0.784734917731168], [7.0, 7.5, 0.027758468790565205], [9.0, 9.5, 0.11264569660776179], [9.5, 10.0, 0.12614823487551882]], ""aVR"": [[0.5, 1.0, 0.1689982461739382], [1.0, 1.5, 0.8583558640129323], [1.5, 2.0, 0.9033049763800491], [2.0, 2.5, 0.3463316898093749], [2.5, 3.0, 0.19374049888367184], [3.0, 3.5, 0.1814466961504264], [3.5, 4.0, 0.6189557252433965], [4.0, 4.5, 0.8143295705757767], [4.5, 5.0, 1.0], [7.0, 7.5, 0.04299256198725637], [9.0, 9.5, 0.1199217331936123], [9.5, 10.0, 0.20028165770264167]]}, ""lead_scores"": {""III"": 0.12050764846719267, ""V1"": 0.08879737488433707, ""V2"": 0.08049162061914479, ""V3"": 0.19160555715021663, ""V6"": 0.2587847940995473, ""aVR"": 0.2598130047795615}, ""top5_leads"": [""V3"", ""aVR"", ""V6"", ""III"", ""V1""]}"
61,bradycardia,bradycardia,[],"{""mat_path"": ""C:\\Users\\nares\\Documents\\cvd-early-detection-ecg-uhull\\data\\china-12lead-ecg-challenge-database\\Training_2\\Q0548.mat"", ""target_label"": ""bradycardia"", ""method_label"": ""LIME+TimeSHAP"", ""page_seconds"": 10.0, ""perlead_spans"": {""V2"": [[0.5, 1.0, 0.23749091990960033], [5.0, 5.5, 0.034430154480573384], [7.5, 8.0, 0.19813429899119975], [8.5, 9.0, 0.20506100715593237], [9.5, 10.0, 0.35]], ""V3"": [[0.0, 0.5, 0.24530201494830642], [0.5, 1.0, 0.8397929014133122], [1.0, 1.5, 0.23843873176390865], [2.5, 3.0, 0.15980987914431824], [3.0, 3.5, 0.04746232768564308], [3.5, 4.0, 0.1431624014513107], [5.0, 5.5, 0.22811053914183577], [7.0, 7.5, 0.09826330191372508], [7.5, 8.0, 0.3576672831701598], [8.5, 9.0, 0.6668748815371499], [9.0, 9.5, 0.26614092212539675], [9.5, 10.0, 1.0]], ""V4"": [[0.0, 0.5, 0.24930822550404466], [0.5, 1.0, 0.7874619245635354], [1.0, 1.5, 0.2713135107828022], [2.5, 3.0, 0.11791787309174556], [3.0, 3.5, 0.17066833384193517], [3.5, 4.0, 0.19006142934722506], [5.0, 5.5, 0.07896187592791616], [7.0, 7.5, 0.29345810102643827], [7.5, 8.0, 0.7496702243301737], [8.5, 9.0, 0.6460182046413321], [9.0, 9.5, 0.2895909029816988], [9.5, 10.0, 1.0]], ""V5"": [[0.0, 0.5, 0.26261587646784773], [0.5, 1.0, 0.8198653118592786], [1.0, 1.5, 0.2359703736243024], [2.5, 3.0, 0.06749566514185047], [3.0, 3.5, 0.03495866684729367], [3.5, 4.0, 0.17619652012445783], [5.0, 5.5, 0.07567554085196128], [7.0, 7.5, 0.06455036213593081], [7.5, 8.0, 0.3886223724025099], [8.5, 9.0, 0.6339995363360285], [9.0, 9.5, 0.3217526088949047], [9.5, 10.0, 1.0]], ""V6"": [[0.0, 0.5, 0.06770712254304273], [0.5, 1.0, 0.10331999947309857], [1.0, 1.5, 0.02799802947096155], [2.5, 3.0, 0.35], [3.0, 3.5, 0.30156534712748745], [3.5, 4.0, 0.1917457303047948], [5.0, 5.5, 0.29162901516829265], [7.0, 7.5, 0.2845974743544252], [7.5, 8.0, 0.29870962367829185], [8.5, 9.0, 0.20215829060001958], [9.0, 9.5, 0.15202784868143504], [9.5, 10.0, 0.2181143273791511]], ""aVF"": [[0.0, 0.5, 0.12444241940407734], [0.5, 1.0, 0.48456705694474717], [1.0, 1.5, 0.1488204019655632], [2.5, 3.0, 0.35], [3.0, 3.5, 0.25893977708855903], [3.5, 4.0, 0.09533448448767191], [5.0, 5.5, 0.4606067208570893], [7.0, 7.5, 0.3092056077015599], [7.5, 8.0, 0.3588018226645916], [8.5, 9.0, 0.42390563069664927], [9.0, 9.5, 0.12465030776952117], [9.5, 10.0, 0.6592626077267697]]}, ""lead_scores"": {""V2"": 0.05541008714599655, ""V3"": 0.2309383968136285, ""V4"": 0.17307609592693418, ""V5"": 0.20229129221925146, ""V6"": 0.08979269639223855, ""aVF"": 0.24849143150195074}, ""top5_leads"": [""V4"", ""V3"", ""V5"", ""aVF"", ""V6""]}"
148,bradycardia,bradycardia,[],"{""mat_path"": ""C:\\Users\\nares\\Documents\\cvd-early-detection-ecg-uhull\\data\\china-12lead-ecg-challenge-database\\Training_2\\Q1465.mat"", ""target_label"": ""bradycardia"", ""method_label"": ""LIME+TimeSHAP"", ""page_seconds"": 10.0, ""perlead_spans"": {""V1"": [[0.0, 0.5, 0.12930315390792116], [0.5, 1.0, 0.10686817404674513], [1.0, 1.5, 0.1165282936140944], [2.0, 2.5, 0.11522815636780478], [2.5, 3.0, 0.26200444980861837], [3.5, 4.0, 0.10488578532164626], [6.0, 6.5, 0.35], [7.0, 7.5, 0.29174936539776447], [7.5, 8.0, 0.16855537793210218], [8.5, 9.0, 0.14390340447294853], [9.0, 9.5, 0.1041480335580037], [9.5, 10.0, 0.08088564521717773]], ""V2"": [[0.0, 0.5, 0.3152293949176957], [6.0, 6.5, 0.09587415363460183], [8.5, 9.0, 0.35], [9.0, 9.5, 0.29195277605332115], [9.5, 10.0, 0.30878411070136363]], ""V3"": [[0.0, 0.5, 0.8228664053189324], [0.5, 1.0, 0.1604258978754881], [1.0, 1.5, 0.1702032590405744], [2.0, 2.5, 0.19455575507430484], [2.5, 3.0, 0.20201196454635345], [3.5, 4.0, 0.23241778026474819], [6.0, 6.5, 0.8647463368480183], [7.0, 7.5, 0.14659029245669172], [7.5, 8.0, 0.23921445563161903], [8.5, 9.0, 0.9590532018667911], [9.0, 9.5, 0.7905151630467218], [9.5, 10.0, 0.9019894569707465]], ""V4"": [[0.0, 0.5, 0.9397215688187034], [0.5, 1.0, 0.2657795035481153], [1.0, 1.5, 0.21252826400568425], [2.0, 2.5, 0.04323512245809533], [2.5, 3.0, 0.029819839803553804], [3.5, 4.0, 0.23699864187925815], [6.0, 6.5, 0.21238507496536854], [7.0, 7.5, 0.11972903641384666], [7.5, 8.0, 0.2213214515421638], [8.5, 9.0, 0.8403276926360749], [9.0, 9.5, 0.7819890445678207], [9.5, 10.0, 0.981141023456294]], ""V5"": [[0.0, 0.5, 0.8328522170355852], [0.5, 1.0, 0.21164059373845284], [1.0, 1.5, 0.1614376397529991], [2.0, 2.5, 0.02185086206421116], [2.5, 3.0, 0.05197882050766684], [3.5, 4.0, 0.20622504055096616], [6.0, 6.5, 0.38262165340406884], [7.0, 7.5, 0.03643867382561522], [7.5, 8.0, 0.2062288704495443], [8.5, 9.0, 0.7513855730107902], [9.0, 9.5, 0.8827665793718719], [9.5, 10.0, 1.0]], ""aVF"": [[0.0, 0.5, 0.5621882031304659], [0.5, 1.0, 0.15044789770746544], [1.0, 1.5, 0.1078956525186958], [2.0, 2.5, 0.08782331249263611], [2.5, 3.0, 0.22541130169533757], [3.5, 4.0, 0.146564367162289], [6.0, 6.5, 0.6682408280818043], [7.0, 7.5, 0.172561369898574], [8.5, 9.0, 0.6641548918957274], [9.0, 9.5, 0.5844011543648383], [9.5, 10.0, 0.5520337888434046]]}, ""lead_scores"": {""V1"": 0.07308205296672746, ""V2"": 0.0562267945035078, ""V3"": 0.24277462624781762, ""V4"": 0.1675904541734735, ""V5"": 0.2251636384329747, ""aVF"": 0.23516243367549888}, ""top5_leads"": [""V3"", ""V4"", ""V5"", ""aVF"", ""V1""]}"
2715,complete right bundle branch block,complete right bundle branch block,[],"{""mat_path"": ""C:\\Users\\nares\\Documents\\cvd-early-detection-ecg-uhull\\data\\ptbxl-electrocardiography-database\\WFDB\\HR05764.mat"", ""target_label"": ""complete right bundle branch block"", ""method_label"": ""LIME+TimeSHAP"", ""page_seconds"": 10.0, ""perlead_spans"": {""I"": [[0.0, 0.5, 0.19503973702738844], [0.5, 1.0, 0.16576389617938414], [1.0, 1.5, 0.10692030994952297], [2.5, 3.0, 0.25021904841911213], [3.0, 3.5, 0.20123086895227238], [3.5, 4.0, 0.21100270595035472], [5.0, 5.5, 0.18729051001129682], [5.5, 6.0, 0.1897606460597074], [6.0, 6.5, 0.3111596815727851], [6.5, 7.0, 0.30592861329443144], [7.0, 7.5, 0.35], [9.5, 10.0, 0.16228079704490722]], ""III"": [[0.0, 0.5, 0.1085081056109293], [0.5, 1.0, 0.11416280530762238], [1.0, 1.5, 0.07433006351235402], [2.5, 3.0, 0.22248504069825453], [3.0, 3.5, 0.16103374629644568], [3.5, 4.0, 0.14486729578525592], [5.0, 5.5, 0.23760789038854438], [5.5, 6.0, 0.23505022262047154], [6.0, 6.5, 0.3324872172085054], [6.5, 7.0, 0.32511897654567584], [7.0, 7.5, 0.35], [9.5, 10.0, 0.11947671875303274]], ""V2"": [[5.0, 5.5, 0.35], [5.5, 6.0, 0.2960610529653917], [6.0, 6.5, 0.30150235606705555], [6.5, 7.0, 0.24490599200094224], [7.0, 7.5, 0.19733421113632788]], ""V4"": [[0.0, 0.5, 0.08006099714097234], [0.5, 1.0, 0.039636144979449374], [2.5, 3.0, 0.290990773786806], [3.0, 3.5, 0.23367201671603405], [3.5, 4.0, 0.14834400426464903], [5.0, 5.5, 0.8119191863182619], [5.5, 6.0, 0.7351930691652768], [6.0, 6.5, 0.9351065328729763], [6.5, 7.0, 0.8134124276638777], [7.0, 7.5, 0.844550011328056], [9.5, 10.0, 0.04731063596144191]], ""V5"": [[0.0, 0.5, 0.1417778152786805], [0.5, 1.0, 0.1009921461308309], [1.0, 1.5, 0.05548405194786108], [2.5, 3.0, 0.16600065731419014], [3.0, 3.5, 0.15667250305778016], [3.5, 4.0, 0.20364458952710562], [5.0, 5.5, 0.8558572922885823], [5.5, 6.0, 0.7113471308173474], [6.0, 6.5, 0.8352432312022459], [6.5, 7.0, 0.9444618482596785], [7.0, 7.5, 1.0], [9.5, 10.0, 0.09080771600464306]], ""V6"": [[0.0, 0.5, 0.17983124285494945], [0.5, 1.0, 0.18112909696466772], [1.0, 1.5, 0.1271079683269674], [3.5, 4.0, 0.17678045992175395], [5.0, 5.5, 0.6338327307051627], [5.5, 6.0, 0.5391713340857598], [6.0, 6.5, 0.8421340479559364], [6.5, 7.0, 0.8727832850011591], [7.0, 7.5, 0.889171554812636], [9.5, 10.0, 0.1634954679161059]], ""aVF"": [[5.0, 5.5, 0.35], [5.5, 6.0, 0.2737014961779252], [6.0, 6.5, 0.28876058040599883], [6.5, 7.0, 0.25201291436895673], [7.0, 7.5, 0.19069092013198377]]}, ""lead_scores"": {""I"": 0.10545519384323332, ""III"": 0.10077547990438927, ""V2"": 0.08188067625561239, ""V4"": 0.20787792036656585, ""V5"": 0.20809419950865093, ""V6"": 0.19049372378484603, ""aVF"": 0.10542280633670222}, ""top5_leads"": [""V5"", ""V4"", ""V6"", ""I"", ""III""]}"
3489,complete right bundle branch block,complete right bundle branch block,[],"{""mat_path"": ""C:\\Users\\nares\\Documents\\cvd-early-detection-ecg-uhull\\data\\ptbxl-electrocardiography-database\\WFDB\\HR13695.mat"", ""target_label"": ""complete right bundle branch block"", ""method_label"": ""LIME+TimeSHAP"", ""page_seconds"": 10.0, ""perlead_spans"": {""I"": [[0.0, 0.5, 0.30614570258647295], [0.5, 1.0, 0.2878570889661653], [1.0, 1.5, 0.3057699844891968], [1.5, 2.0, 0.12449719717924825], [2.5, 3.0, 0.34284254330140046], [3.0, 3.5, 0.2440449489946393], [4.5, 5.0, 0.13900195379289598], [5.0, 5.5, 0.35], [5.5, 6.0, 0.312790337641672], [6.0, 6.5, 0.17145315306311415], [8.5, 9.0, 0.29058389894363884], [9.5, 10.0, 0.22855976852355378]], ""III"": [[0.0, 0.5, 0.1927217732468657], [0.5, 1.0, 0.1638833111164443], [1.0, 1.5, 0.18769809334745474], [1.5, 2.0, 0.09753805837868014], [2.5, 3.0, 0.19999429360727494], [3.0, 3.5, 0.18703659199878958], [4.5, 5.0, 0.15276924717354215], [5.0, 5.5, 0.35], [5.5, 6.0, 0.2893360889232069], [6.0, 6.5, 0.16527076344360908], [8.5, 9.0, 0.12232609849690354], [9.5, 10.0, 0.14158924993869704]], ""V1"": [[0.0, 0.5, 0.3009456833854371], [0.5, 1.0, 0.27307939558858385], [1.0, 1.5, 0.35], [1.5, 2.0, 0.1451454452427239], [2.5, 3.0, 0.2564113627938732], [3.0, 3.5, 0.20628246145268556], [4.5, 5.0, 0.15175040724708877], [5.0, 5.5, 0.279893221749995], [5.5, 6.0, 0.251357785797851], [6.0, 6.5, 0.26273977251990477], [8.5, 9.0, 0.2348398077346396], [9.5, 10.0, 0.2183046450990281]], ""V2"": [[1.0, 1.5, 0.0803993488954387], [2.5, 3.0, 0.35], [5.0, 5.5, 0.2712289891649709], [5.5, 6.0, 0.24795808152321588], [6.0, 6.5, 0.18773448109664842]], ""V4"": [[0.0, 0.5, 0.14150547913222988], [0.5, 1.0, 0.11153991860894438], [1.0, 1.5, 0.07521218885562352], [1.5, 2.0, 0.05968190719780767], [2.5, 3.0, 0.421840644404654], [3.0, 3.5, 0.16626910703000003], [4.5, 5.0, 0.07529090239129763], [5.0, 5.5, 1.0], [5.5, 6.0, 0.8272491573190642], [6.0, 6.5, 0.37930458557839236], [8.5, 9.0, 0.1301061598633593], [9.5, 10.0, 0.10673711318004404]], ""V5"": [[1.0, 1.5, 0.15777797756441525], [2.5, 3.0, 0.2869663815638301], [5.0, 5.5, 0.35], [5.5, 6.0, 0.24494362599352987], [6.0, 6.5, 0.1913249847754]], ""V6"": [[1.0, 1.5, 0.35], [2.5, 3.0, 0.09347264560556587], [5.0, 5.5, 0.14583890891308463], [5.5, 6.0, 0.14049097185526663], [6.0, 6.5, 0.1428209942227249]], ""aVF"": [[0.0, 0.5, 0.35], [0.5, 1.0, 0.3009158709459936], [1.0, 1.5, 0.28500171198164953], [1.5, 2.0, 0.1123401167843105], [2.5, 3.0, 0.23167817048541267], [3.0, 3.5, 0.1067452506845651], [4.5, 5.0, 0.14823871949914388], [5.0, 5.5, 0.6909330208526645], [5.5, 6.0, 0.6475964501702584], [6.0, 6.5, 0.491499388405785], [8.5, 9.0, 0.2493267572162535], [9.5, 10.0, 0.30756127443172904]]}, ""lead_scores"": {""I"": 0.09872355752210712, ""III"": 0.1075415734264765, ""V1"": 0.09568160426348192, ""V2"": 0.10784708431079565, ""V4"": 0.2009467890882723, ""V5"": 0.09600961801000182, ""V6"": 0.07941777529671039, ""aVF"": 0.2138319980821543}, ""top5_leads"": [""aVF"", ""V4"", ""I"", ""V1"", ""III""]}"
3415,incomplete right bundle branch block,incomplete right bundle branch block,[],"{""mat_path"": ""C:\\Users\\nares\\Documents\\cvd-early-detection-ecg-uhull\\data\\ptbxl-electrocardiography-database\\WFDB\\HR12877.mat"", ""target_label"": ""incomplete right bundle branch block"", ""method_label"": ""LIME+TimeSHAP"", ""page_seconds"": 10.0, ""perlead_spans"": {""I"": [[1.0, 1.5, 0.1930556292706002], [2.5, 3.0, 0.9932142114237679], [3.0, 3.5, 0.5762107326702975], [3.5, 4.0, 0.041840334512817476], [4.0, 4.5, 0.0951317088414765], [4.5, 5.0, 0.09840110942655514], [5.0, 5.5, 0.944663595934378], [5.5, 6.0, 0.6061530908773003], [6.0, 6.5, 0.06046429036317475], [7.5, 8.0, 0.06390335683098652], [8.0, 8.5, 0.050944766445060984], [9.0, 9.5, 0.07420545761622087]], ""II"": [[1.0, 1.5, 0.23886692521263173], [2.5, 3.0, 0.35], [3.0, 3.5, 0.23807444685093165], [5.0, 5.5, 0.3261045430201921], [5.5, 6.0, 0.24708803923946104]], ""III"": [[1.0, 1.5, 0.60284747355351], [2.5, 3.0, 0.9670962192039482], [3.0, 3.5, 0.8311298877873471], [3.5, 4.0, 0.19042299636788765], [4.0, 4.5, 0.14540973579686944], [4.5, 5.0, 0.09241317841170671], [5.0, 5.5, 0.903106031695381], [5.5, 6.0, 0.7574850692303668], [6.0, 6.5, 0.18903373856846103], [7.5, 8.0, 0.17228738663475687], [8.0, 8.5, 0.20464135053259255], [9.0, 9.5, 0.17284432317234352]], ""V1"": [[1.0, 1.5, 0.04722857591271005], [2.5, 3.0, 0.2444619001384729], [3.0, 3.5, 0.14018218867371957], [3.5, 4.0, 0.08697933929200523], [4.0, 4.5, 0.0488466291118885], [5.0, 5.5, 0.35], [5.5, 6.0, 0.22374788765957604], [6.0, 6.5, 0.07451484013636217], [7.5, 8.0, 0.049097709740474206], [8.0, 8.5, 0.042482921929681984], [9.0, 9.5, 0.06971465838848945]], ""V3"": [[1.0, 1.5, 0.7959222250952913], [2.5, 3.0, 0.6583703991141547], [3.0, 3.5, 1.0], [3.5, 4.0, 0.24525975967633898], [4.0, 4.5, 0.025331718259476266], [4.5, 5.0, 0.09083019868932525], [5.0, 5.5, 0.5483728918844007], [5.5, 6.0, 0.8842021008037262], [6.0, 6.5, 0.07865532257948728], [7.5, 8.0, 0.14603653117222237], [8.0, 8.5, 0.2293823618550954], [9.0, 9.5, 0.09830768434250585]], ""V6"": [[1.0, 1.5, 0.12597538175785966], [2.5, 3.0, 0.299253984234638], [3.0, 3.5, 0.249324682907822], [5.0, 5.5, 0.35], [5.5, 6.0, 0.28158859718970985]], ""aVR"": [[2.5, 3.0, 0.31445037678527155], [3.0, 3.5, 0.1604926003442059], [3.5, 4.0, 0.09574037343419546], [4.0, 4.5, 0.024553084048871198], [4.5, 5.0, 0.043479511473628364], [5.0, 5.5, 0.35], [5.5, 6.0, 0.20513557478733213], [6.0, 6.5, 0.06466034928579333], [7.5, 8.0, 0.08852798279271114], [8.0, 8.5, 0.06466987733571214], [9.0, 9.5, 0.033012656962816515]]}, ""lead_scores"": {""I"": 0.2277790446368963, ""II"": 0.10024335842603259, ""III"": 0.22491777234808175, ""V1"": 0.07960165338061093, ""V3"": 0.21274278437480482, ""V6"": 0.08104045887937306, ""aVR"": 0.07367492795420055}, ""top5_leads"": [""III"", ""V3"", ""I"", ""aVR"", ""II""]}"
3813,incomplete right bundle branch block,incomplete right bundle branch block,[],"{""mat_path"": ""C:\\Users\\nares\\Documents\\cvd-early-detection-ecg-uhull\\data\\ptbxl-electrocardiography-database\\WFDB\\HR16812.mat"", ""target_label"": ""incomplete right bundle branch block"", ""method_label"": ""LIME+TimeSHAP"", ""page_seconds"": 10.0, ""perlead_spans"": {""I"": [[0.0, 0.5, 0.10196182840766393], [0.5, 1.0, 0.06564026373184725], [2.0, 2.5, 0.07924760970143183], [2.5, 3.0, 0.8367886744582357], [3.0, 3.5, 0.6492060591429455], [3.5, 4.0, 0.08874540922285477], [5.0, 5.5, 1.0], [5.5, 6.0, 0.7871252986419154], [6.0, 6.5, 0.21470446782690777], [6.5, 7.0, 0.07434355600641329], [7.0, 7.5, 0.08920319244049894]], ""II"": [[0.0, 0.5, 0.1906788747656382], [0.5, 1.0, 0.18102376171431492], [2.0, 2.5, 0.25437289840212224], [2.5, 3.0, 0.9157033994793408], [3.0, 3.5, 0.8170357361022688], [3.5, 4.0, 0.15866732834123726], [5.0, 5.5, 1.0], [5.5, 6.0, 0.8838254479926174], [6.0, 6.5, 0.41845148644280594], [6.5, 7.0, 0.1555406894805069], [7.0, 7.5, 0.13792593525217878]], ""III"": [[0.0, 0.5, 0.21744976044337058], [0.5, 1.0, 0.16027839986392514], [2.0, 2.5, 0.12359103245134732], [2.5, 3.0, 0.7958302582620328], [3.0, 3.5, 0.8807887374831317], [3.5, 4.0, 0.21118577241549935], [5.0, 5.5, 1.0], [5.5, 6.0, 0.8875537897858484], [6.0, 6.5, 0.5133460913316124], [6.5, 7.0, 0.13857123152330117], [7.0, 7.5, 0.18309368897030567]], ""V1"": [[0.0, 0.5, 0.11951752781264377], [0.5, 1.0, 0.07547906820340658], [2.0, 2.5, 0.05676966262988199], [2.5, 3.0, 0.24252896336935595], [3.0, 3.5, 0.16182120222693921], [3.5, 4.0, 0.14083754921810654], [4.5, 5.0, 0.06305903994276664], [5.0, 5.5, 0.35], [5.5, 6.0, 0.2167879428154301], [6.0, 6.5, 0.08869004326334759], [6.5, 7.0, 0.06693755189329764], [7.0, 7.5, 0.12422141858301816]], ""V3"": [[0.0, 0.5, 0.20138050961639625], [0.5, 1.0, 0.20387836338926876], [2.0, 2.5, 0.1878200023552681], [2.5, 3.0, 0.8168037176573286], [3.0, 3.5, 0.8272946160832283], [3.5, 4.0, 0.15640427899974943], [4.5, 5.0, 0.12400995378041692], [5.0, 5.5, 1.0], [5.5, 6.0, 0.7202669171838111], [6.0, 6.5, 0.5886661896197816], [6.5, 7.0, 0.13249691582455614], [7.0, 7.5, 0.09539832742400356]], ""V6"": [[2.5, 3.0, 0.29460924429839586], [3.0, 3.5, 0.2401613334175921], [5.0, 5.5, 0.35], [5.5, 6.0, 0.3345785748364067], [6.0, 6.5, 0.08863021993393075]]}, ""lead_scores"": {""I"": 0.19270814498966343, ""II"": 0.16560939628893, ""III"": 0.2439541789658512, ""V1"": 0.09967643234521723, ""V3"": 0.21767008301732776, ""V6"": 0.08038176439301038}, ""top5_leads"": [""II"", ""III"", ""V3"", ""I"", ""V1""]}"
2251,left anterior fascicular block,left anterior fascicular block,[],"{""mat_path"": ""C:\\Users\\nares\\Documents\\cvd-early-detection-ecg-uhull\\data\\ptbxl-electrocardiography-database\\WFDB\\HR01463.mat"", ""target_label"": ""left anterior fascicular block"", ""method_label"": ""LIME+TimeSHAP"", ""page_seconds"": 10.0, ""perlead_spans"": {""I"": [[1.0, 1.5, 0.21433583813934498], [1.5, 2.0, 0.21057683252688922], [2.0, 2.5, 0.2597324081863816], [4.5, 5.0, 0.21613842177876486], [5.0, 5.5, 0.35], [5.5, 6.0, 0.2635565130992971], [6.0, 6.5, 0.17891445738303816], [7.0, 7.5, 0.19474662454169336], [8.0, 8.5, 0.14306715807895634], [8.5, 9.0, 0.29504953498441716], [9.0, 9.5, 0.2773918215209442], [9.5, 10.0, 0.1675713904698559]], ""II"": [[1.0, 1.5, 0.8092850104268758], [1.5, 2.0, 0.2767302683879496], [2.0, 2.5, 0.32454386298471694], [4.5, 5.0, 0.8649975581125384], [5.0, 5.5, 0.8953433905707104], [5.5, 6.0, 0.7605240316567121], [6.0, 6.5, 0.19167422290674285], [7.0, 7.5, 0.16764841854892115], [8.0, 8.5, 0.18056744321760992], [8.5, 9.0, 0.5959890803756647], [9.0, 9.5, 0.35], [9.5, 10.0, 0.2923479426312729]], ""III"": [[1.0, 1.5, 0.9898052616945024], [1.5, 2.0, 0.3044039051787858], [2.0, 2.5, 0.29622031341450344], [4.5, 5.0, 0.9535372485107181], [5.0, 5.5, 0.8241809164085221], [5.5, 6.0, 0.7882897294276816], [6.0, 6.5, 0.13721563665240558], [7.0, 7.5, 0.1522717742844032], [8.0, 8.5, 0.17118336919217314], [8.5, 9.0, 0.8614471017734493], [9.0, 9.5, 0.30000453387629933], [9.5, 10.0, 0.25653287609877806]], ""V1"": [[1.0, 1.5, 0.27639044456573286], [1.5, 2.0, 0.19045773583704043], [2.0, 2.5, 0.13922994834190763], [4.5, 5.0, 0.18139397614614355], [5.0, 5.5, 0.11864409099466547], [5.5, 6.0, 0.2161781181862518], [6.0, 6.5, 0.2335609098460983], [7.0, 7.5, 0.35], [8.0, 8.5, 0.171161994701419], [8.5, 9.0, 0.2346573082113481], [9.0, 9.5, 0.11798157400481218], [9.5, 10.0, 0.10210702462348585]], ""V5"": [[1.0, 1.5, 0.9545968331378591], [1.5, 2.0, 0.17452530121070817], [2.0, 2.5, 0.2638536263813413], [4.5, 5.0, 0.7184199337829713], [5.0, 5.5, 1.0], [5.5, 6.0, 0.7379524536850032], [6.0, 6.5, 0.19597882751124573], [7.0, 7.5, 0.15783510535996614], [8.0, 8.5, 0.14593632427365325], [8.5, 9.0, 0.6843734401610647], [9.0, 9.5, 0.1371582328310211]], ""V6"": [[1.0, 1.5, 0.34521127326832585], [4.5, 5.0, 0.3321233701583529], [5.0, 5.5, 0.2952589117243022], [5.5, 6.0, 0.35], [8.5, 9.0, 0.23824601355556838]], ""aVL"": [[1.0, 1.5, 0.35], [4.5, 5.0, 0.29483772931846836], [5.0, 5.5, 0.25952111007069223], [5.5, 6.0, 0.24012314350155323], [8.5, 9.0, 0.27691716353822]]}, ""lead_scores"": {""I"": 0.09884838524064297, ""II"": 0.20436523786421212, ""III"": 0.1962957116453473, ""V1"": 0.07353844865199308, ""V5"": 0.22455133531729066, ""V6"": 0.08292301688372249, ""aVL"": 0.11947786439679135}, ""top5_leads"": [""III"", ""II"", ""V5"", ""I"", ""V1""]}"
3109,left anterior fascicular block,left anterior fascicular block,[],"{""mat_path"": ""C:\\Users\\nares\\Documents\\cvd-early-detection-ecg-uhull\\data\\ptbxl-electrocardiography-database\\WFDB\\HR09703.mat"", ""target_label"": ""left anterior fascicular block"", ""method_label"": ""LIME+TimeSHAP"", ""page_seconds"": 10.0, ""perlead_spans"": {""I"": [[0.5, 1.0, 0.17429506679126922], [1.0, 1.5, 0.25818814895737036], [1.5, 2.0, 0.2720682772854825], [2.0, 2.5, 0.3308631378957218], [4.0, 4.5, 0.2567631732945253], [4.5, 5.0, 0.3304375117903688], [6.0, 6.5, 0.1788177586620673], [6.5, 7.0, 0.17141695611090849], [8.0, 8.5, 0.21023533518800755], [8.5, 9.0, 0.275481415704584], [9.0, 9.5, 0.2426991667871968], [9.5, 10.0, 0.35]], ""II"": [[0.5, 1.0, 0.20431994177089247], [1.0, 1.5, 0.8110674314810854], [1.5, 2.0, 0.9791530314357322], [2.0, 2.5, 0.6224667808889134], [4.0, 4.5, 0.2629600307691633], [4.5, 5.0, 0.8831221867728142], [6.0, 6.5, 0.2225862561116456], [6.5, 7.0, 0.3434560739511857], [8.0, 8.5, 0.3312933239243394], [8.5, 9.0, 0.7266708179018803], [9.0, 9.5, 0.35], [9.5, 10.0, 0.2134841776590452]], ""III"": [[0.5, 1.0, 0.2741387837116694], [1.0, 1.5, 0.8709699894259101], [1.5, 2.0, 0.8364966626297713], [2.0, 2.5, 0.5263076997720001], [4.0, 4.5, 0.30583468969833233], [4.5, 5.0, 0.6761654984152434], [6.0, 6.5, 0.2495810087605128], [6.5, 7.0, 0.19600246179850023], [8.0, 8.5, 0.23226440329316203], [8.5, 9.0, 0.6937795767733258], [9.0, 9.5, 0.2827366400034072], [9.5, 10.0, 0.19529189975962064]], ""V5"": [[0.5, 1.0, 0.05369310795868239], [1.0, 1.5, 0.9840480574513736], [1.5, 2.0, 0.8420978903197509], [2.0, 2.5, 0.7534217245468168], [4.0, 4.5, 0.19832411641104403], [4.5, 5.0, 0.9267221550508328], [6.0, 6.5, 0.26259722139846425], [6.5, 7.0, 0.1842504312757704], [8.0, 8.5, 0.2374057027210174], [8.5, 9.0, 0.9491717786947171], [9.0, 9.5, 0.2281792966861954], [9.5, 10.0, 0.27705397255646974]], ""aVF"": [[1.0, 1.5, 0.2882961585037452], [1.5, 2.0, 0.25219490057579175], [2.0, 2.5, 0.2183125924721029], [4.5, 5.0, 0.29263151548566385], [8.5, 9.0, 0.35]], ""aVL"": [[1.0, 1.5, 0.31618475607714114], [1.5, 2.0, 0.3196881235600384], [2.0, 2.5, 0.2589934915524136], [4.5, 5.0, 0.35], [8.5, 9.0, 0.22422734526304144]], ""aVR"": [[0.5, 1.0, 0.135877170067548], [1.0, 1.5, 0.35], [1.5, 2.0, 0.33570349128450777], [2.0, 2.5, 0.27226559748279994], [4.0, 4.5, 0.11121592025344197], [4.5, 5.0, 0.3323680250624212], [6.0, 6.5, 0.2716029148175108], [6.5, 7.0, 0.23712576363287702], [8.0, 8.5, 0.3227259443413874], [8.5, 9.0, 0.347239929438561], [9.0, 9.5, 0.2777322671824735], [9.5, 10.0, 0.303708335290112]]}, ""lead_scores"": {""I"": 0.09863571443789446, ""II"": 0.20341231111563896, ""III"": 0.1769867961203471, ""V5"": 0.25456372544570854, ""aVF"": 0.07903733601802063, ""aVL"": 0.10411835811433827, ""aVR"": 0.08324575874805208}, ""top5_leads"": [""II"", ""V5"", ""III"", ""aVR"", ""I""]}"
2390,left axis deviation,left axis deviation,[],"{""mat_path"": ""C:\\Users\\nares\\Documents\\cvd-early-detection-ecg-uhull\\data\\ptbxl-electrocardiography-database\\WFDB\\HR02715.mat"", ""target_label"": ""left axis deviation"", ""method_label"": ""LIME+TimeSHAP"", ""page_seconds"": 10.0, ""perlead_spans"": {""I"": [[1.0, 1.5, 0.29363415510108976], [1.5, 2.0, 0.34705685027724126], [2.0, 2.5, 0.3334804713178016], [2.5, 3.0, 0.2932224899485496], [3.0, 3.5, 0.27652606240568106], [4.5, 5.0, 0.3478562931501611], [5.0, 5.5, 0.35], [5.5, 6.0, 0.26386957780829295], [6.0, 6.5, 0.12320631612107516], [6.5, 7.0, 0.1229551177102668], [8.0, 8.5, 0.20216429590362778], [8.5, 9.0, 0.19933005968525244]], ""II"": [[1.0, 1.5, 0.5808515730681988], [1.5, 2.0, 0.15906715559105195], [2.0, 2.5, 0.2776649187495988], [2.5, 3.0, 0.16582252575487036], [3.0, 3.5, 0.1325691933031716], [4.5, 5.0, 0.7190995600096838], [5.0, 5.5, 0.33482286458782234], [5.5, 6.0, 0.24904205046277955], [6.0, 6.5, 0.8294407697109478], [6.5, 7.0, 0.24627109984595974], [8.0, 8.5, 0.72846757036488], [8.5, 9.0, 1.0]], ""V1"": [[1.0, 1.5, 0.35], [1.5, 2.0, 0.25443528214065103], [2.0, 2.5, 0.1266351174515603], [2.5, 3.0, 0.10598466111166563], [3.0, 3.5, 0.09386545877000663], [4.5, 5.0, 0.23483309482926668], [5.0, 5.5, 0.0651036434420713], [5.5, 6.0, 0.13532675272291103], [6.0, 6.5, 0.32706771338934265], [6.5, 7.0, 0.26109103363094194], [8.0, 8.5, 0.2892849865285574], [8.5, 9.0, 0.2766626188582258]], ""V3"": [[1.0, 1.5, 0.8356787532083327], [1.5, 2.0, 0.03646730360469989], [2.0, 2.5, 0.035372451640998843], [2.5, 3.0, 0.17963812337696608], [3.0, 3.5, 0.17902619156685037], [4.5, 5.0, 0.6575946816100495], [5.5, 6.0, 0.031587959579431626], [6.0, 6.5, 0.7079514297618855], [6.5, 7.0, 0.21661879722396785], [8.0, 8.5, 0.9463624948110059], [8.5, 9.0, 0.9898481856388417]], ""V6"": [[1.0, 1.5, 0.1932506380604591], [4.5, 5.0, 0.30622216333378127], [6.0, 6.5, 0.3022498600349103], [8.0, 8.5, 0.31985376435793594], [8.5, 9.0, 0.35]], ""aVF"": [[1.0, 1.5, 0.08384213253749566], [1.5, 2.0, 0.06891667429973304], [2.0, 2.5, 0.21032710797751442], [2.5, 3.0, 0.34290988563148433], [3.0, 3.5, 0.27787564070542753], [4.5, 5.0, 0.2682787574988975], [5.0, 5.5, 0.35], [5.5, 6.0, 0.23063126422937347], [6.0, 6.5, 0.023911479855432866], [6.5, 7.0, 0.14815894127559398], [8.5, 9.0, 0.025198815804507883]], ""aVL"": [[1.0, 1.5, 0.31618417341018046], [4.5, 5.0, 0.3321718354114805], [6.0, 6.5, 0.2971500536464835], [8.0, 8.5, 0.2947906182826477], [8.5, 9.0, 0.35]], ""aVR"": [[1.0, 1.5, 0.2640363415324805], [4.5, 5.0, 0.21663688103866288], [6.0, 6.5, 0.3083193467972441], [8.0, 8.5, 0.3078483062044058], [8.5, 9.0, 0.35]]}, ""lead_scores"": {""I"": 0.10750095404536604, ""II"": 0.20809100330230168, ""V1"": 0.0916177965767616, ""V3"": 0.22829413813997562, ""V6"": 0.1036335173303091, ""aVF"": 0.08515319150783156, ""aVL"": 0.09408564515285767, ""aVR"": 0.08162375394459676}, ""top5_leads"": [""II"", ""V3"", ""I"", ""V1"", ""aVF""]}"
3477,left axis deviation,left axis deviation,[],"{""mat_path"": ""C:\\Users\\nares\\Documents\\cvd-early-detection-ecg-uhull\\data\\ptbxl-electrocardiography-database\\WFDB\\HR13552.mat"", ""target_label"": ""left axis deviation"", ""method_label"": ""LIME+TimeSHAP"", ""page_seconds"": 10.0, ""perlead_spans"": {""II"": [[0.5, 1.0, 0.06795322096394056], [1.0, 1.5, 0.8020542689358373], [1.5, 2.0, 0.25986497918573637], [2.0, 2.5, 0.24362144671624933], [4.5, 5.0, 0.951455238401589], [5.0, 5.5, 0.30956909389023024], [5.5, 6.0, 0.3281012547347232], [6.0, 6.5, 0.2738911650049941], [6.5, 7.0, 0.35], [7.5, 8.0, 0.3324802619608563], [8.0, 8.5, 0.8112508691430961], [8.5, 9.0, 0.6968417367006746], [9.5, 10.0, 0.02661232647676627]], ""III"": [[1.0, 1.5, 0.3430601753292124], [4.5, 5.0, 0.25867921500103025], [7.5, 8.0, 0.35], [8.0, 8.5, 0.2721791362300571], [8.5, 9.0, 0.28168188576233466]], ""V2"": [[0.5, 1.0, 0.18422375688666265], [1.0, 1.5, 0.9609701216519548], [1.5, 2.0, 0.1541102390981285], [2.0, 2.5, 0.30886242179601203], [4.5, 5.0, 0.7816321868429235], [5.0, 5.5, 0.3077335046760674], [5.5, 6.0, 0.27605856418919644], [6.0, 6.5, 0.1871948325091068], [6.5, 7.0, 0.10044954608375138], [7.5, 8.0, 0.24487097809079048], [8.0, 8.5, 0.7833715779765058], [8.5, 9.0, 1.0], [9.5, 10.0, 0.0859611614171619]], ""V5"": [[0.5, 1.0, 0.045634650753959075], [1.0, 1.5, 0.6765799655054131], [1.5, 2.0, 0.2386775894168444], [2.0, 2.5, 0.1436284916957448], [4.5, 5.0, 0.8549061422175065], [5.0, 5.5, 0.2948477264898295], [5.5, 6.0, 0.35], [6.0, 6.5, 0.2721879379583912], [6.5, 7.0, 0.17946128516766707], [7.5, 8.0, 0.19441186963592094], [8.0, 8.5, 0.48035553911363205], [8.5, 9.0, 0.24164553635165573]], ""aVF"": [[0.5, 1.0, 0.143946133082368], [1.0, 1.5, 0.2576423598232834], [1.5, 2.0, 0.1889017426239745], [2.0, 2.5, 0.23293907299962685], [4.5, 5.0, 0.3363107947284192], [5.0, 5.5, 0.2748006851682539], [5.5, 6.0, 0.35], [6.0, 6.5, 0.23192319681234638], [6.5, 7.0, 0.2788547329050829], [8.0, 8.5, 0.3143723587097587], [8.5, 9.0, 0.20431852152351487], [9.5, 10.0, 0.0334658570418559]], ""aVL"": [[0.5, 1.0, 0.13351000683735256], [1.0, 1.5, 0.23011932309071098], [1.5, 2.0, 0.21906319447790815], [2.0, 2.5, 0.2499637880223394], [4.5, 5.0, 0.23113217945736003], [5.0, 5.5, 0.09543988754793639], [5.5, 6.0, 0.13156327747851185], [6.0, 6.5, 0.24138336821572035], [6.5, 7.0, 0.3408789308611611], [8.0, 8.5, 0.35], [8.5, 9.0, 0.2740453839712269], [9.5, 10.0, 0.10213344633114564]], ""aVR"": [[1.0, 1.5, 0.07429904536703855], [4.5, 5.0, 0.07939822184155879], [7.5, 8.0, 0.35], [8.0, 8.5, 0.23824776796810268], [8.5, 9.0, 0.18694375567302157]]}, ""lead_scores"": {""II"": 0.2984661198463847, ""III"": 0.08998385630772447, ""V2"": 0.18323941836316937, ""V5"": 0.17269508722262264, ""aVF"": 0.12540269708154556, ""aVL"": 0.05641270660749241, ""aVR"": 0.07380011457106084}, ""top5_leads"": [""II"", ""V2"", ""V5"", ""aVF"", ""aVL""]}"
663,left bundle branch block,left bundle branch block,[],"{""mat_path"": ""C:\\Users\\nares\\Documents\\cvd-early-detection-ecg-uhull\\data\\china-physiological-signal-challenge-in-2018\\Training_WFDB\\A3016.mat"", ""target_label"": ""left bundle branch block"", ""method_label"": ""LIME+TimeSHAP"", ""page_seconds"": 10.0, ""perlead_spans"": {""III"": [[0.0, 0.5, 0.09919985826974338], [0.5, 1.0, 0.09812276569383473], [1.0, 1.5, 0.10246466590270853], [1.5, 2.0, 0.1105172813221541], [3.5, 4.0, 0.10251605164935872], [5.0, 5.5, 0.2552810895552244], [5.5, 6.0, 0.31564086731473884], [6.0, 6.5, 0.30703467739309365], [6.5, 7.0, 0.35], [7.0, 7.5, 0.3166712307737634], [8.0, 8.5, 0.20256552233181938], [9.5, 10.0, 0.12073971253878586]], ""V1"": [[0.0, 0.5, 0.09326581265747326], [0.5, 1.0, 0.14575768765250668], [1.0, 1.5, 0.1878503655991693], [1.5, 2.0, 0.18774220318035909], [3.5, 4.0, 0.05405699853171507], [5.0, 5.5, 0.2542206906110923], [5.5, 6.0, 0.28943077807116263], [6.0, 6.5, 0.30798344268067585], [6.5, 7.0, 0.35], [7.0, 7.5, 0.31871068338495756], [8.0, 8.5, 0.24829317576442722], [9.5, 10.0, 0.08202544734099214]], ""V2"": [[0.0, 0.5, 0.32303824997604946], [0.5, 1.0, 0.26038252212005053], [5.5, 6.0, 0.28290882426747943], [6.0, 6.5, 0.2985447713124836], [6.5, 7.0, 0.35]], ""V3"": [[0.0, 0.5, 0.16185265139817018], [0.5, 1.0, 0.0669941755809306], [5.5, 6.0, 0.24315479366591586], [6.0, 6.5, 0.2672569044705258], [6.5, 7.0, 0.35]], ""V4"": [[0.0, 0.5, 0.31820504986179304], [0.5, 1.0, 0.27067160018650827], [1.0, 1.5, 0.10730438862210241], [1.5, 2.0, 0.07546397132546928], [3.5, 4.0, 0.34159041833841247], [5.0, 5.5, 0.15350759672958667], [5.5, 6.0, 0.24493261771027908], [6.0, 6.5, 0.256039314074603], [6.5, 7.0, 0.22657438163325108], [7.0, 7.5, 0.2736432497980064], [8.0, 8.5, 0.15190820495014862], [9.5, 10.0, 0.35]], ""V6"": [[0.0, 0.5, 0.3391444574548795], [0.5, 1.0, 0.451207266420336], [1.0, 1.5, 0.19440997408455296], [1.5, 2.0, 0.17985661698385494], [3.5, 4.0, 0.053080729797146654], [5.0, 5.5, 0.25398207696227126], [5.5, 6.0, 0.8634062502166991], [6.0, 6.5, 0.8585580856709293], [6.5, 7.0, 1.0], [7.0, 7.5, 0.34473588278669975], [8.0, 8.5, 0.24943721625928264], [9.5, 10.0, 0.12807382604132547]], ""aVF"": [[0.0, 0.5, 0.25060401747045175], [0.5, 1.0, 0.09864740441582073], [1.0, 1.5, 0.051693449275974995], [1.5, 2.0, 0.08462837132243961], [5.0, 5.5, 0.26547714488602764], [5.5, 6.0, 0.4801617321009469], [6.0, 6.5, 0.5673773882860925], [6.5, 7.0, 0.7509005680215325], [7.0, 7.5, 0.3143059923493357], [8.0, 8.5, 0.212427447777246], [9.5, 10.0, 0.034791143583572756]], ""aVL"": [[0.5, 1.0, 0.09008171469801735], [5.5, 6.0, 0.23808706766605797], [6.0, 6.5, 0.27292147899303293], [6.5, 7.0, 0.35]]}, ""lead_scores"": {""III"": 0.08691341875669145, ""V1"": 0.08758246193740936, ""V2"": 0.13545600559269708, ""V3"": 0.11985217631459986, ""V4"": 0.08428607293606698, ""V6"": 0.2064219228850447, ""aVF"": 0.210851034790785, ""aVL"": 0.06863690678670556}, ""top5_leads"": [""V6"", ""aVF"", ""V4"", ""V1"", ""III""]}"
757,left bundle branch block,left bundle branch block,[],"{""mat_path"": ""C:\\Users\\nares\\Documents\\cvd-early-detection-ecg-uhull\\data\\china-physiological-signal-challenge-in-2018\\Training_WFDB\\A3902.mat"", ""target_label"": ""left bundle branch block"", ""method_label"": ""LIME+TimeSHAP"", ""page_seconds"": 10.0, ""perlead_spans"": {""I"": [[0.0, 0.5, 0.27199700257273357], [0.5, 1.0, 0.271740567639518], [1.0, 1.5, 0.29722836763128313], [2.5, 3.0, 0.10718259657048541], [3.5, 4.0, 0.13817521529100757], [5.0, 5.5, 0.34060172458600946], [5.5, 6.0, 0.35], [6.0, 6.5, 0.3106651010077979], [7.0, 7.5, 0.17960106911670362], [8.0, 8.5, 0.12260902988107691], [8.5, 9.0, 0.3364522784697481], [9.0, 9.5, 0.3146181000289106]], ""III"": [[0.0, 0.5, 0.1805337776615914], [0.5, 1.0, 0.19581201813347907], [1.0, 1.5, 0.21395114438706173], [2.5, 3.0, 0.09227238874798152], [3.5, 4.0, 0.05519289121590936], [5.0, 5.5, 0.31873424002912043], [5.5, 6.0, 0.35], [6.0, 6.5, 0.3126567113906861], [7.0, 7.5, 0.20658690129508592], [8.0, 8.5, 0.06284475953310655], [8.5, 9.0, 0.14884480575021], [9.0, 9.5, 0.1968795042742838]], ""V1"": [[0.0, 0.5, 0.14800940454522113], [0.5, 1.0, 0.18110088430017707], [1.0, 1.5, 0.20852112230711145], [2.5, 3.0, 0.18807643077086933], [3.5, 4.0, 0.06692051366723534], [5.0, 5.5, 0.34756726158890644], [5.5, 6.0, 0.35], [6.0, 6.5, 0.3014350311820656], [7.0, 7.5, 0.2119399566931605], [8.0, 8.5, 0.18032121378971933], [8.5, 9.0, 0.26472160330402467], [9.0, 9.5, 0.23187926863363784]], ""V2"": [[0.5, 1.0, 0.3424571223998988], [1.0, 1.5, 0.29814238844726715], [8.5, 9.0, 0.33426558674406454], [9.0, 9.5, 0.35], [9.5, 10.0, 0.2936543619324667]], ""V3"": [[0.5, 1.0, 0.35], [1.0, 1.5, 0.27631323676210895], [8.5, 9.0, 0.1438008014002667], [9.0, 9.5, 0.3260870147766039], [9.5, 10.0, 0.2618298071894324]], ""V4"": [[0.0, 0.5, 0.30672805317605206], [0.5, 1.0, 0.9247341187685546], [1.0, 1.5, 0.9313321755701169], [2.5, 3.0, 0.05594401223298849], [3.5, 4.0, 0.15947828176442133], [5.0, 5.5, 0.13829686217603643], [5.5, 6.0, 0.14749591661595593], [6.0, 6.5, 0.13428835213531182], [7.0, 7.5, 0.0634397431696547], [8.0, 8.5, 0.11770363088829595], [8.5, 9.0, 0.9173971097541924], [9.0, 9.5, 1.0], [9.5, 10.0, 0.32378783325206445]], ""V5"": [[0.5, 1.0, 0.30870377089539636], [1.0, 1.5, 0.3071675718129123], [8.5, 9.0, 0.3348301998273818], [9.0, 9.5, 0.35], [9.5, 10.0, 0.3333674923918289]], ""V6"": [[0.0, 0.5, 0.1510991155015267], [0.5, 1.0, 0.16016181075089236], [1.0, 1.5, 0.16956306705718907], [2.5, 3.0, 0.16859311898689144], [3.5, 4.0, 0.09062843858113948], [5.0, 5.5, 0.31646619938645987], [5.5, 6.0, 0.35], [6.0, 6.5, 0.33503421345990764], [7.0, 7.5, 0.24719411779018807], [8.0, 8.5, 0.11092425075021856], [8.5, 9.0, 0.19785393889956945], [9.0, 9.5, 0.18844069684279804]], ""aVF"": [[0.5, 1.0, 0.31948883455372706], [1.0, 1.5, 0.3072168870285703], [8.5, 9.0, 0.29166511703119713], [9.0, 9.5, 0.35], [9.5, 10.0, 0.2897139444101542]]}, ""lead_scores"": {""I"": 0.0862212701437848, ""III"": 0.08947876096445678, ""V1"": 0.0884609362042163, ""V2"": 0.11616942853005806, ""V3"": 0.05740349582481414, ""V4"": 0.22460242020894533, ""V5"": 0.09041397770955177, ""V6"": 0.11254445062516807, ""aVF"": 0.13470525978900474}, ""top5_leads"": [""V4"", ""I"", ""V1"", ""V6"", ""III""]}"
1177,low qrs voltages,low qrs voltages,[],"{""mat_path"": ""C:\\Users\\nares\\Documents\\cvd-early-detection-ecg-uhull\\data\\georgia-12lead-ecg-challenge-database\\Georgia\\E01519.mat"", ""target_label"": ""low qrs voltages"", ""method_label"": ""LIME+TimeSHAP"", ""page_seconds"": 10.0, ""perlead_spans"": {""II"": [[0.5, 1.0, 0.19085571932187534], [1.5, 2.0, 0.31088594595530994], [2.0, 2.5, 0.17151467996093572], [3.0, 3.5, 0.15315005803340384], [3.5, 4.0, 0.11204969976375206], [4.5, 5.0, 0.14574274636587461], [5.0, 5.5, 0.26185827614805446], [5.5, 6.0, 0.3022727494191246], [8.0, 8.5, 0.35], [8.5, 9.0, 0.28903363555455464], [9.5, 10.0, 0.29411951633055655]], ""III"": [[1.0, 1.5, 0.35], [1.5, 2.0, 0.25059066429297994], [2.0, 2.5, 0.16011468952745384], [4.0, 4.5, 0.2554834557656116], [4.5, 5.0, 0.21343749181006433]], ""V2"": [[0.0, 0.5, 0.35], [0.5, 1.0, 0.17503358162073984], [1.5, 2.0, 0.16737381508444577], [2.0, 2.5, 0.10307770924335109], [3.0, 3.5, 0.3164235198743008], [3.5, 4.0, 0.2414971128746362], [4.5, 5.0, 0.04415150920529138], [5.0, 5.5, 0.21936558156071279], [5.5, 6.0, 0.20535369221418862], [8.0, 8.5, 0.17549499364846788], [8.5, 9.0, 0.2389458316563809], [9.5, 10.0, 0.2236484954204631]], ""V3"": [[0.0, 0.5, 0.35], [0.5, 1.0, 0.29879487573903185], [1.0, 1.5, 0.35], [1.5, 2.0, 0.22732721484656246], [2.0, 2.5, 0.32010578950072277], [3.0, 3.5, 0.17531415292651317], [3.5, 4.0, 0.18411479299906766], [4.0, 4.5, 0.08414190660057833], [4.5, 5.0, 0.8347903407831561], [5.5, 6.0, 0.03946146425273094], [8.0, 8.5, 0.14169664808531313], [8.5, 9.0, 0.21898459517246194], [9.5, 10.0, 0.26822826330687416]], ""V6"": [[0.0, 0.5, 0.35], [1.0, 1.5, 0.35], [1.5, 2.0, 0.3148501801531035], [2.0, 2.5, 0.557537468495474], [3.0, 3.5, 0.14395106235791463], [3.5, 4.0, 0.15314718749669015], [4.0, 4.5, 0.11144308854199107], [4.5, 5.0, 0.8351681240996274], [5.0, 5.5, 0.14829863504034707], [5.5, 6.0, 0.13817023414014037], [8.0, 8.5, 0.12011485477913196], [8.5, 9.0, 0.032807700909286835]], ""aVF"": [[0.0, 0.5, 0.19711396718239546], [0.5, 1.0, 0.35], [1.5, 2.0, 0.10257145122818416], [2.0, 2.5, 0.03050388156239172], [3.0, 3.5, 0.219060367648693], [3.5, 4.0, 0.25495583242171044], [5.0, 5.5, 0.28024686382438335], [5.5, 6.0, 0.2950846644256499], [8.0, 8.5, 0.3144869687515715], [8.5, 9.0, 0.2794403246589441], [9.5, 10.0, 0.20101234436904858]], ""aVL"": [[1.0, 1.5, 0.35], [1.5, 2.0, 0.27428896371032785], [2.0, 2.5, 0.2082869936808338], [4.0, 4.5, 0.2514113565748566], [4.5, 5.0, 0.29960827317947897]], ""aVR"": [[1.0, 1.5, 0.35], [1.5, 2.0, 0.18705365708115032], [2.0, 2.5, 0.15260906712215655], [4.0, 4.5, 0.233030022656784], [4.5, 5.0, 0.2897057356549583]]}, ""lead_scores"": {""II"": 0.08950045370508182, ""III"": 0.12011397170755395, ""V2"": 0.08258983663533609, ""V3"": 0.2460301007778602, ""V6"": 0.15742275923138588, ""aVF"": 0.13214535157050464, ""aVL"": 0.0688320433672185, ""aVR"": 0.10336548300505898}, ""top5_leads"": [""V3"", ""V6"", ""II"", ""aVF"", ""V2""]}"
1615,low qrs voltages,low qrs voltages,[],"{""mat_path"": ""C:\\Users\\nares\\Documents\\cvd-early-detection-ecg-uhull\\data\\georgia-12lead-ecg-challenge-database\\Georgia\\E05834.mat"", ""target_label"": ""low qrs voltages"", ""method_label"": ""LIME+TimeSHAP"", ""page_seconds"": 10.0, ""perlead_spans"": {""II"": [[0.0, 0.5, 0.23644484173544253], [0.5, 1.0, 0.35], [1.5, 2.0, 0.11401416739080644], [3.0, 3.5, 0.2159210133997949], [3.5, 4.0, 0.22599837534426603], [4.5, 5.0, 0.14939372914280252], [5.0, 5.5, 0.2773617820906043], [5.5, 6.0, 0.24844454542966116], [6.0, 6.5, 0.22095464704429568], [8.0, 8.5, 0.18790584110556077], [8.5, 9.0, 0.14326611089228403], [9.5, 10.0, 0.2198665622637267]], ""III"": [[0.5, 1.0, 0.31422001434049174], [1.0, 1.5, 0.09631995256797989], [4.0, 4.5, 0.137322896832207], [7.0, 7.5, 0.3026235277220865], [7.5, 8.0, 0.35]], ""V3"": [[0.0, 0.5, 0.17528009170786177], [0.5, 1.0, 0.19608810956938647], [1.0, 1.5, 0.21491803430223125], [1.5, 2.0, 0.1369949482868389], [3.0, 3.5, 0.09413173515753678], [3.5, 4.0, 0.13106685568313786], [4.0, 4.5, 0.297225027712883], [4.5, 5.0, 0.1631771012135362], [5.0, 5.5, 0.16641594909277874], [5.5, 6.0, 0.19315191887818214], [6.0, 6.5, 0.15936660643584785], [7.0, 7.5, 0.26715111562303007], [7.5, 8.0, 0.35], [8.0, 8.5, 0.2439598039457933], [8.5, 9.0, 0.2827047747074722], [9.5, 10.0, 0.35]], ""V6"": [[0.0, 0.5, 0.20157169480643652], [0.5, 1.0, 0.08672953823790563], [1.0, 1.5, 0.2967226251172574], [1.5, 2.0, 0.18252556761988997], [3.0, 3.5, 0.06671698157843377], [3.5, 4.0, 0.19909751871037865], [4.0, 4.5, 0.30691029220586624], [4.5, 5.0, 0.23828844310066902], [5.0, 5.5, 0.17891756459179536], [5.5, 6.0, 0.04640259743886803], [6.0, 6.5, 0.052998749300968824], [7.0, 7.5, 0.21095467858159053], [7.5, 8.0, 0.35], [8.0, 8.5, 0.3224161146154852], [8.5, 9.0, 0.35], [9.5, 10.0, 0.2171372052815543]], ""aVF"": [[0.0, 0.5, 0.34648167657497286], [0.5, 1.0, 0.35], [1.5, 2.0, 0.11443559348162329], [3.0, 3.5, 0.26577555306998596], [3.5, 4.0, 0.1619780183580122], [4.5, 5.0, 0.19754826397197972], [5.0, 5.5, 0.28587509033996716], [5.5, 6.0, 0.20505799492860355], [6.0, 6.5, 0.27234449448218], [8.0, 8.5, 0.16050725440168098], [8.5, 9.0, 0.23154001777669067], [9.5, 10.0, 0.30041853305066535]], ""aVL"": [[0.0, 0.5, 0.19682498452589905], [0.5, 1.0, 0.5262249559356871], [1.0, 1.5, 0.13549884534213713], [1.5, 2.0, 0.10680913137507175], [3.0, 3.5, 0.0844221386754459], [3.5, 4.0, 0.10788547134355723], [4.0, 4.5, 0.1115730667536609], [4.5, 5.0, 0.1162706722409013], [5.0, 5.5, 0.13366118359095758], [5.5, 6.0, 0.1316561318239609], [6.0, 6.5, 0.2046106804859148], [7.0, 7.5, 0.20426577919708067], [7.5, 8.0, 0.35], [8.0, 8.5, 0.2187758289929558], [8.5, 9.0, 0.23298263001637243], [9.5, 10.0, 0.35]], ""aVR"": [[0.5, 1.0, 0.07415808719572375], [1.0, 1.5, 0.21541725915513638], [4.0, 4.5, 0.20958405270269903], [7.0, 7.5, 0.16528689073379754], [7.5, 8.0, 0.35]]}, ""lead_scores"": {""II"": 0.10612379975620086, ""III"": 0.09382234194484063, ""V3"": 0.29174424785496256, ""V6"": 0.17280510674067023, ""aVF"": 0.11419686280234763, ""aVL"": 0.13060819217572822, ""aVR"": 0.09069944872524993}, ""top5_leads"": [""V3"", ""V6"", ""aVL"", ""aVF"", ""II""]}"
2189,nonspecific intraventricular conduction disorder,nonspecific intraventricular conduction disorder,[],"{""mat_path"": ""C:\\Users\\nares\\Documents\\cvd-early-detection-ecg-uhull\\data\\ptbxl-electrocardiography-database\\WFDB\\HR00842.mat"", ""target_label"": ""nonspecific intraventricular conduction disorder"", ""method_label"": ""LIME+TimeSHAP"", ""page_seconds"": 10.0, ""perlead_spans"": {""I"": [[0.0, 0.5, 0.1080507453541021], [0.5, 1.0, 0.08873883249967228], [1.0, 1.5, 0.0752120429165716], [1.5, 2.0, 0.11845656494628956], [2.5, 3.0, 0.11740236135413289], [3.0, 3.5, 0.1310496123277188], [3.5, 4.0, 0.06612401416035937], [4.5, 5.0, 0.11661426242925087], [5.0, 5.5, 0.19140144996595193], [5.5, 6.0, 0.14927177924362825], [6.0, 6.5, 0.35], [8.5, 9.0, 0.09312803298697026]], ""III"": [[0.0, 0.5, 0.05713174093243218], [0.5, 1.0, 0.09876212769971111], [1.0, 1.5, 0.08536184252249235], [1.5, 2.0, 0.10637219945293756], [2.5, 3.0, 0.13869423293301056], [3.0, 3.5, 0.4995498187710863], [3.5, 4.0, 0.10120015106367228], [4.5, 5.0, 0.5262822965276388], [5.0, 5.5, 0.7306710137717229], [5.5, 6.0, 1.0], [6.0, 6.5, 0.40907018934324285], [8.5, 9.0, 0.16696971646705874]], ""V1"": [[0.0, 0.5, 0.062331628956938105], [0.5, 1.0, 0.0711997047842794], [1.0, 1.5, 0.06024957026164168], [1.5, 2.0, 0.09849009857534355], [2.5, 3.0, 0.13215726199835773], [3.0, 3.5, 0.1467766871454721], [3.5, 4.0, 0.047504933565547136], [4.5, 5.0, 0.06835889022394241], [5.0, 5.5, 0.24132130457076784], [5.5, 6.0, 0.17239142426257698], [6.0, 6.5, 0.35], [8.5, 9.0, 0.020127185566467337]], ""V3"": [[3.0, 3.5, 0.056011348139489575], [4.5, 5.0, 0.1394666336240321], [5.0, 5.5, 0.24765893889213583], [5.5, 6.0, 0.26302541131395085], [6.0, 6.5, 0.35]], ""V6"": [[0.0, 0.5, 0.1734002442045321], [0.5, 1.0, 0.18060498701312735], [1.0, 1.5, 0.1294555170909405], [1.5, 2.0, 0.10967245121649784], [2.5, 3.0, 0.07948078341300145], [3.0, 3.5, 0.25748387807656253], [3.5, 4.0, 0.21660638092395215], [4.5, 5.0, 0.4106394530084159], [5.0, 5.5, 0.6151713763704201], [5.5, 6.0, 0.5888770222152588], [6.0, 6.5, 1.0], [8.5, 9.0, 0.04124131929202297]], ""aVF"": [[0.0, 0.5, 0.07337173517571337], [0.5, 1.0, 0.06918930623456106], [1.0, 1.5, 0.04191201422489149], [1.5, 2.0, 0.047585259341917575], [2.5, 3.0, 0.04333989771307834], [3.0, 3.5, 0.0591146052847229], [3.5, 4.0, 0.12616765605607644], [4.5, 5.0, 0.04514104317261346], [5.0, 5.5, 0.21699709292271413], [5.5, 6.0, 0.21496676192103295], [6.0, 6.5, 0.35], [8.5, 9.0, 0.025043586498084625]], ""aVL"": [[3.0, 3.5, 0.1428925356398834], [4.5, 5.0, 0.11192934978336269], [5.0, 5.5, 0.19537067106312955], [5.5, 6.0, 0.16420756492193297], [6.0, 6.5, 0.35]], ""aVR"": [[3.0, 3.5, 0.11808409622786437], [4.5, 5.0, 0.12483498928302848], [5.0, 5.5, 0.19428867214022308], [5.5, 6.0, 0.10410300151812799], [6.0, 6.5, 0.35]]}, ""lead_scores"": {""I"": 0.10614326376041555, ""III"": 0.16995645764643363, ""V1"": 0.09348943241356165, ""V3"": 0.11459339869887997, ""V6"": 0.2401669175003311, ""aVF"": 0.08734432615110768, ""aVL"": 0.10306001990171132, ""aVR"": 0.0852461839275591}, ""top5_leads"": [""III"", ""V6"", ""I"", ""V1"", ""aVF""]}"
3753,nonspecific intraventricular conduction disorder,nonspecific intraventricular conduction disorder,[],"{""mat_path"": ""C:\\Users\\nares\\Documents\\cvd-early-detection-ecg-uhull\\data\\ptbxl-electrocardiography-database\\WFDB\\HR16160.mat"", ""target_label"": ""nonspecific intraventricular conduction disorder"", ""method_label"": ""LIME+TimeSHAP"", ""page_seconds"": 10.0, ""perlead_spans"": {""I"": [[0.0, 0.5, 0.15380444851755998], [1.0, 1.5, 0.2398244482918196], [1.5, 2.0, 0.10235181587511158], [2.0, 2.5, 0.07513741173068288], [2.5, 3.0, 0.18500943464140723], [4.0, 4.5, 0.07899809232149509], [4.5, 5.0, 0.17390838511368645], [5.0, 5.5, 0.35], [5.5, 6.0, 0.3398633437770389], [6.0, 6.5, 0.31588243095440566], [7.0, 7.5, 0.2307009157077058]], ""III"": [[0.0, 0.5, 0.08552600949506728], [0.5, 1.0, 0.13281770093352283], [1.0, 1.5, 0.1565463614587351], [1.5, 2.0, 0.05792585872624436], [2.0, 2.5, 0.09918378732306546], [2.5, 3.0, 0.09328998483479206], [4.0, 4.5, 0.1218461609168908], [4.5, 5.0, 0.1897168212954216], [5.0, 5.5, 0.35], [5.5, 6.0, 0.28262853634545293], [6.0, 6.5, 0.24427599898736174], [7.0, 7.5, 0.15979831966864605]], ""V1"": [[0.0, 0.5, 0.09310638649608712], [0.5, 1.0, 0.06186860429680652], [1.0, 1.5, 0.16556023330160363], [1.5, 2.0, 0.12183212150556484], [2.0, 2.5, 0.1081287777080953], [2.5, 3.0, 0.10553843334466817], [4.0, 4.5, 0.08085680655192984], [4.5, 5.0, 0.1713003169833166], [5.0, 5.5, 0.35], [5.5, 6.0, 0.33063217227702035], [6.0, 6.5, 0.28761283264716364], [7.0, 7.5, 0.21138361040938383]], ""V2"": [[1.0, 1.5, 0.35], [2.0, 2.5, 0.22789579841141946], [4.5, 5.0, 0.3393980156635395], [5.0, 5.5, 0.08407398902024159], [5.5, 6.0, 0.12309351191358195]], ""V3"": [[1.0, 1.5, 0.09899856910484053], [2.0, 2.5, 0.2794695606871515], [4.5, 5.0, 0.1685067703466845], [5.0, 5.5, 0.3143658865007154], [5.5, 6.0, 0.35]], ""V6"": [[0.0, 0.5, 0.21503248597242908], [0.5, 1.0, 0.21571758158072374], [1.0, 1.5, 0.7802650538509146], [1.5, 2.0, 0.23828373430061384], [2.0, 2.5, 0.8409602754146177], [2.5, 3.0, 0.10028641503818553], [4.0, 4.5, 0.17430321816718314], [4.5, 5.0, 0.9908645627030233], [5.0, 5.5, 0.9318975598919902], [5.5, 6.0, 0.9217799958283693], [6.0, 6.5, 0.26804219995478024], [7.0, 7.5, 0.22273675974914886]], ""aVL"": [[1.0, 1.5, 0.29857269246599727], [2.0, 2.5, 0.3221323489513645], [4.5, 5.0, 0.35], [5.0, 5.5, 0.3273310914093549], [5.5, 6.0, 0.2916863198963474]], ""aVR"": [[0.0, 0.5, 0.22521048148392525], [0.5, 1.0, 0.15166295467192906], [1.0, 1.5, 0.6932086096471353], [1.5, 2.0, 0.22480481793381651], [2.0, 2.5, 0.9739108149531516], [2.5, 3.0, 0.1535346123427219], [4.0, 4.5, 0.17135436572731236], [4.5, 5.0, 0.9941753701688014], [5.0, 5.5, 0.5718725624480379], [5.5, 6.0, 0.6698215349380748], [6.0, 6.5, 0.24929385250632116], [7.0, 7.5, 0.18093985554788633]]}, ""lead_scores"": {""I"": 0.09088605202902356, ""III"": 0.08972873623494979, ""V1"": 0.09828455806671915, ""V2"": 0.07978578108757507, ""V3"": 0.09479216713662711, ""V6"": 0.2588130560628452, ""aVL"": 0.11510980435086057, ""aVR"": 0.17259984503139952}, ""top5_leads"": [""V6"", ""aVR"", ""I"", ""V1"", ""III""]}"
3472,pacing rhythm,pacing rhythm,[],"{""mat_path"": ""C:\\Users\\nares\\Documents\\cvd-early-detection-ecg-uhull\\data\\ptbxl-electrocardiography-database\\WFDB\\HR13507.mat"", ""target_label"": ""pacing rhythm"", ""method_label"": ""LIME+TimeSHAP"", ""page_seconds"": 10.0, ""perlead_spans"": {""I"": [[0.0, 0.5, 0.08571036677904598], [1.0, 1.5, 0.24811739393436824], [2.0, 2.5, 0.22727656905569138], [2.5, 3.0, 0.04805002164171835], [3.5, 4.0, 0.06490358900125562], [4.0, 4.5, 0.1165295609695173], [5.5, 6.0, 0.07285541092170301], [6.0, 6.5, 0.2187186750833681], [7.0, 7.5, 0.35], [7.5, 8.0, 0.3180810532695115], [8.5, 9.0, 0.279678754541169], [9.0, 9.5, 0.10820036017113814]], ""III"": [[0.0, 0.5, 0.9628055487255089], [1.0, 1.5, 1.0], [2.0, 2.5, 0.15875223172072478], [2.5, 3.0, 0.08821011765815967], [3.5, 4.0, 0.22229318219335273], [4.0, 4.5, 0.24207833049259722], [5.5, 6.0, 0.058533622255023565], [6.0, 6.5, 0.1249784991537892], [7.0, 7.5, 0.22987699065399336], [7.5, 8.0, 0.30092006393058507], [8.0, 8.5, 0.12873465817899962], [8.5, 9.0, 0.5314529565544598], [9.0, 9.5, 0.12113753925544667]], ""V1"": [[0.0, 0.5, 0.628010610668129], [1.0, 1.5, 1.0], [2.0, 2.5, 0.10303319412386953], [3.5, 4.0, 0.11639261195855266], [4.0, 4.5, 0.12415886676650884], [5.5, 6.0, 0.031634195682976936], [6.0, 6.5, 0.11657825914026784], [7.0, 7.5, 0.4478011264304028], [7.5, 8.0, 0.24465260843884198], [8.0, 8.5, 0.12619054169734145], [8.5, 9.0, 0.5337459507527982], [9.0, 9.5, 0.11458315020756374]], ""V3"": [[0.0, 0.5, 0.33911140245089455], [1.0, 1.5, 1.0], [2.0, 2.5, 0.02875566038318047], [2.5, 3.0, 0.047411109019727726], [3.5, 4.0, 0.11029895415534667], [4.0, 4.5, 0.10952450407708991], [7.0, 7.5, 0.06629510212228065], [8.0, 8.5, 0.06777488166600242], [8.5, 9.0, 0.4905983304710098], [9.0, 9.5, 0.04222054535735834]], ""V4"": [[0.0, 0.5, 0.07759428908391865], [1.0, 1.5, 0.09763460760400505], [2.0, 2.5, 0.2075646973189887], [2.5, 3.0, 0.1273642646578635], [4.0, 4.5, 0.09899024781132375], [5.5, 6.0, 0.11923971296513551], [6.0, 6.5, 0.12903360286042342], [7.0, 7.5, 0.35], [7.5, 8.0, 0.276885123714964], [8.5, 9.0, 0.12926428037092183], [9.0, 9.5, 0.07223478401068621]], ""V5"": [[1.0, 1.5, 0.06374417519286633], [7.0, 7.5, 0.1929851583643418], [8.0, 8.5, 0.35], [8.5, 9.0, 0.17046493290074943]], ""aVF"": [[0.0, 0.5, 0.35], [1.0, 1.5, 0.05376996455886297], [7.0, 7.5, 0.23686282973845832], [8.0, 8.5, 0.22909928789729977], [8.5, 9.0, 0.17812949164137387]]}, ""lead_scores"": {""I"": 0.08041300065405807, ""III"": 0.1707566298247806, ""V1"": 0.22924333307135958, ""V3"": 0.32193701537307495, ""V4"": 0.06436680169533225, ""V5"": 0.054301603605850346, ""aVF"": 0.0789816157755442}, ""top5_leads"": [""III"", ""V1"", ""V3"", ""I"", ""V4""]}"
4227,pacing rhythm,pacing rhythm,[],"{""mat_path"": ""C:\\Users\\nares\\Documents\\cvd-early-detection-ecg-uhull\\data\\ptbxl-electrocardiography-database\\WFDB\\HR21003.mat"", ""target_label"": ""pacing rhythm"", ""method_label"": ""LIME+TimeSHAP"", ""page_seconds"": 10.0, ""perlead_spans"": {""III"": [[0.0, 0.5, 0.2975254979408829], [0.5, 1.0, 0.35], [1.0, 1.5, 0.35], [2.0, 2.5, 0.13256048540239232], [2.5, 3.0, 0.020200151067431633], [3.5, 4.0, 0.1667597124831948], [4.0, 4.5, 0.23674390989496985], [6.0, 6.5, 0.2597813877912656], [6.5, 7.0, 0.4519951283937301], [7.0, 7.5, 0.7327271138741998], [7.5, 8.0, 0.2812794333165303], [8.0, 8.5, 0.15286094045430498], [8.5, 9.0, 0.6757784556177204], [9.0, 9.5, 0.24836189839281037]], ""V1"": [[0.0, 0.5, 0.2298704694172213], [0.5, 1.0, 0.35], [1.0, 1.5, 0.35], [2.0, 2.5, 0.13492664911467672], [3.5, 4.0, 0.12036196915743244], [4.0, 4.5, 0.2557410831821361], [6.0, 6.5, 0.1926937279033973], [6.5, 7.0, 0.5665461807841525], [7.0, 7.5, 0.5943236886462494], [7.5, 8.0, 0.22392583105206101], [8.0, 8.5, 0.24454805061054738], [8.5, 9.0, 0.5207237051143263], [9.0, 9.5, 0.1666347971956466]], ""V3"": [[0.0, 0.5, 0.15256535224773776], [0.5, 1.0, 0.35], [1.0, 1.5, 0.35], [2.5, 3.0, 0.05151842551701073], [3.5, 4.0, 0.12403933213202487], [4.0, 4.5, 0.12844491805245306], [6.0, 6.5, 0.14479903622093532], [6.5, 7.0, 0.5300306341267167], [7.0, 7.5, 0.7264315076023019], [7.5, 8.0, 0.09480972952815693], [8.0, 8.5, 0.22840811517211018], [8.5, 9.0, 0.6504895973217361], [9.0, 9.5, 0.07919881851190244]], ""V6"": [[0.0, 0.5, 0.12294207052312933], [1.0, 1.5, 0.1349349192501795], [2.0, 2.5, 0.07328935543484523], [2.5, 3.0, 0.061712315772154525], [3.5, 4.0, 0.1507817242317008], [4.0, 4.5, 0.11490709871059997], [6.0, 6.5, 0.2884875660934976], [6.5, 7.0, 0.35], [7.0, 7.5, 0.24841100181575193], [7.5, 8.0, 0.3488502986830997], [8.5, 9.0, 0.08712531566156348], [9.0, 9.5, 0.10931506309558947]], ""aVF"": [[0.5, 1.0, 0.35], [6.5, 7.0, 0.09145074894776187], [7.0, 7.5, 0.27338055969392105], [8.0, 8.5, 0.12246828740666221], [8.5, 9.0, 0.3041880383929632]], ""aVR"": [[0.0, 0.5, 0.14976610029436754], [0.5, 1.0, 0.1514601056419517], [1.0, 1.5, 0.029603677763171295], [3.5, 4.0, 0.19611896528595787], [4.0, 4.5, 0.1279129786699085], [6.0, 6.5, 0.24992399424155043], [6.5, 7.0, 0.8885186974174797], [7.0, 7.5, 0.8923784699257346], [7.5, 8.0, 0.35], [8.0, 8.5, 0.24094125091076424], [8.5, 9.0, 0.48171487020460974], [9.0, 9.5, 0.15288735168189108]]}, ""lead_scores"": {""III"": 0.21000560828693376, ""V1"": 0.18664857424513026, ""V3"": 0.35132563327521044, ""V6"": 0.07441569898718417, ""aVF"": 0.05560134163514723, ""aVR"": 0.12200314357039413}, ""top5_leads"": [""III"", ""V1"", ""aVR"", ""V3"", ""V6""]}"
504,premature atrial contraction,premature atrial contraction,[],"{""mat_path"": ""C:\\Users\\nares\\Documents\\cvd-early-detection-ecg-uhull\\data\\china-physiological-signal-challenge-in-2018\\Training_WFDB\\A1380.mat"", ""target_label"": ""premature atrial contraction"", ""method_label"": ""LIME+TimeSHAP"", ""page_seconds"": 10.0, ""perlead_spans"": {""III"": [[0.0, 0.5, 0.12290325864691713], [1.0, 1.5, 0.11068381332973701], [3.5, 4.0, 0.09704370248736262], [4.0, 4.5, 0.07291659462480433], [6.0, 6.5, 0.1712466045641113], [6.5, 7.0, 0.4564881968366102], [7.0, 7.5, 0.722873084436398], [7.5, 8.0, 0.9406096400216404], [8.0, 8.5, 0.7581150184004943], [8.5, 9.0, 0.9603288119773817], [9.0, 9.5, 0.22819818938628236], [9.5, 10.0, 0.20562244539556168]], ""V1"": [[0.0, 0.5, 0.05753707262392545], [1.0, 1.5, 0.03529534670645625], [3.5, 4.0, 0.024674075741806106], [4.0, 4.5, 0.0482918867281414], [6.0, 6.5, 0.19235013764882403], [6.5, 7.0, 0.8965031975008674], [7.0, 7.5, 1.0], [7.5, 8.0, 0.9509212947512408], [8.0, 8.5, 0.9150318762493392], [8.5, 9.0, 0.8923208740086882], [9.0, 9.5, 0.2785893740861593], [9.5, 10.0, 0.2441665113773909]], ""V2"": [[6.5, 7.0, 0.19432273330089397], [7.0, 7.5, 0.2861407676675158], [7.5, 8.0, 0.32520164868191315], [8.0, 8.5, 0.35], [8.5, 9.0, 0.2845100546062277]], ""V3"": [[0.0, 0.5, 0.21794306954805445], [1.0, 1.5, 0.1755455184064084], [3.5, 4.0, 0.20247919102603806], [4.0, 4.5, 0.16372492822410517], [6.0, 6.5, 0.10175835090214101], [6.5, 7.0, 0.4377656001019175], [7.0, 7.5, 0.6082232764428047], [7.5, 8.0, 0.7854303717369737], [8.0, 8.5, 0.910471763692131], [8.5, 9.0, 0.9935590449873425], [9.0, 9.5, 0.337432922193643], [9.5, 10.0, 0.35]], ""V4"": [[0.0, 0.5, 0.09792841779809114], [1.0, 1.5, 0.07019113456109691], [3.5, 4.0, 0.06762555451001478], [6.0, 6.5, 0.08279407850517542], [6.5, 7.0, 0.23073671192364562], [7.0, 7.5, 0.35], [7.5, 8.0, 0.3280536900120984], [8.0, 8.5, 0.2828794730474526], [8.5, 9.0, 0.2571826858448716], [9.0, 9.5, 0.17378189272751712], [9.5, 10.0, 0.12331462562172334]], ""V6"": [[0.0, 0.5, 0.19077327695503926], [1.0, 1.5, 0.16593108644146842], [3.5, 4.0, 0.15184181621622808], [4.0, 4.5, 0.11639331894006352], [6.0, 6.5, 0.0695353308950561], [6.5, 7.0, 0.23387350782323332], [7.0, 7.5, 0.31094533391085855], [7.5, 8.0, 0.35], [8.0, 8.5, 0.29936393484768], [8.5, 9.0, 0.32998399125252487], [9.0, 9.5, 0.22501195128462745], [9.5, 10.0, 0.23146760882569922]], ""aVR"": [[6.5, 7.0, 0.0836020919649818], [7.0, 7.5, 0.1884257131407441], [7.5, 8.0, 0.2728498897966199], [8.0, 8.5, 0.28311195163016484], [8.5, 9.0, 0.35]]}, ""lead_scores"": {""III"": 0.1964647915935982, ""V1"": 0.20739982871624169, ""V2"": 0.1365082356301529, ""V3"": 0.26154087987218966, ""V4"": 0.05911918492351431, ""V6"": 0.08554644158133885, ""aVR"": 0.053420637682964366}, ""top5_leads"": [""V1"", ""V3"", ""III"", ""V6"", ""V4""]}"
755,premature atrial contraction,premature atrial contraction,[],"{""mat_path"": ""C:\\Users\\nares\\Documents\\cvd-early-detection-ecg-uhull\\data\\china-physiological-signal-challenge-in-2018\\Training_WFDB\\A3889.mat"", ""target_label"": ""premature atrial contraction"", ""method_label"": ""LIME+TimeSHAP"", ""page_seconds"": 10.0, ""perlead_spans"": {""II"": [[0.0, 0.5, 0.0673027300609829], [0.5, 1.0, 0.11743244780066249], [1.5, 2.0, 0.10885218101757692], [2.0, 2.5, 0.11961249548657019], [4.5, 5.0, 0.11890468125039438], [6.0, 6.5, 0.35], [6.5, 7.0, 0.25426421253621984], [7.0, 7.5, 0.2257336849059125], [7.5, 8.0, 0.20998309793093117], [8.0, 8.5, 0.26483620777461137], [8.5, 9.0, 0.13925769888351472], [9.5, 10.0, 0.1204213922214785]], ""III"": [[0.0, 0.5, 0.14298586136087377], [0.5, 1.0, 0.1958981986915054], [1.5, 2.0, 0.14983589299631875], [2.0, 2.5, 0.17502013996369242], [4.5, 5.0, 0.5578893007043965], [6.0, 6.5, 0.2147855115337933], [6.5, 7.0, 0.22849399150592783], [7.0, 7.5, 0.28848951877977397], [7.5, 8.0, 0.8416587597463776], [8.0, 8.5, 1.0], [8.5, 9.0, 0.6522458470726064], [9.5, 10.0, 0.61159157319129]], ""V1"": [[0.0, 0.5, 0.026345519367936793], [0.5, 1.0, 0.059236311986759924], [1.5, 2.0, 0.12278012631642495], [2.0, 2.5, 0.18021018936144223], [4.5, 5.0, 0.6541613732635708], [6.0, 6.5, 0.08844658082067472], [6.5, 7.0, 0.17521694334249427], [7.0, 7.5, 0.3018349132712426], [7.5, 8.0, 0.9882314383674703], [8.0, 8.5, 0.7869267065856265], [8.5, 9.0, 0.7638619197766345], [9.5, 10.0, 0.9233335478758101]], ""V2"": [[4.5, 5.0, 0.2321018154945136], [7.5, 8.0, 0.35], [8.0, 8.5, 0.19455355245649097], [8.5, 9.0, 0.2664268625087859], [9.5, 10.0, 0.2585425037339552]], ""V3"": [[0.0, 0.5, 0.13016597187761667], [0.5, 1.0, 0.17245137378845093], [1.5, 2.0, 0.27349524990604807], [2.0, 2.5, 0.2745210642025718], [4.5, 5.0, 0.8147509659533876], [6.0, 6.5, 0.0724736827235632], [6.5, 7.0, 0.07593196809225347], [7.0, 7.5, 0.10787206850878579], [7.5, 8.0, 0.1972381510279959], [8.0, 8.5, 0.2143553680239152], [8.5, 9.0, 0.5449092213947503], [9.5, 10.0, 1.0]], ""V5"": [[4.5, 5.0, 0.1238870329217953], [7.5, 8.0, 0.35], [8.0, 8.5, 0.3438726922288332], [8.5, 9.0, 0.3021797080053752], [9.5, 10.0, 0.21968039794563804]], ""aVF"": [[0.0, 0.5, 0.19412116996184905], [0.5, 1.0, 0.2111638071584622], [1.5, 2.0, 0.31875963827266496], [2.0, 2.5, 0.3279760551286371], [4.5, 5.0, 0.30378159136115124], [6.0, 6.5, 0.35], [6.5, 7.0, 0.2860231323978566], [7.0, 7.5, 0.22043705911763747], [7.5, 8.0, 0.24671969935762963], [8.0, 8.5, 0.2623703900959751], [8.5, 9.0, 0.26891310337706376], [9.5, 10.0, 0.31352658608958406]]}, ""lead_scores"": {""II"": 0.08208187962730665, ""III"": 0.2147739510358718, ""V1"": 0.19567695492269832, ""V2"": 0.1069989955377859, ""V3"": 0.17356832058208455, ""V5"": 0.12303772311171605, ""aVF"": 0.10386217518253676}, ""top5_leads"": [""V1"", ""III"", ""V3"", ""aVF"", ""II""]}"
250,premature ventricular contractions,premature ventricular contractions,[],"{""mat_path"": ""C:\\Users\\nares\\Documents\\cvd-early-detection-ecg-uhull\\data\\china-12lead-ecg-challenge-database\\Training_2\\Q2427.mat"", ""target_label"": ""premature ventricular contractions"", ""method_label"": ""LIME+TimeSHAP"", ""page_seconds"": 10.0, ""perlead_spans"": {""V3"": [[0.0, 0.5, 0.21718221439519322], [0.5, 1.0, 0.7350632137846551], [1.5, 2.0, 0.05107779675705767], [2.5, 3.0, 0.09395226129789042], [3.0, 3.5, 0.11191390219202031], [5.0, 5.5, 0.13398861889604066], [5.5, 6.0, 0.14099154779760545], [6.0, 6.5, 0.35], [6.5, 7.0, 0.8253020845588648], [7.0, 7.5, 0.30961037719577145], [8.0, 8.5, 0.8431625063346859], [9.0, 9.5, 0.2111707179209034]], ""V4"": [[0.0, 0.5, 0.25283502153315746], [0.5, 1.0, 0.2616500913098543], [1.5, 2.0, 0.19750149545870763], [2.5, 3.0, 0.09562878117840076], [3.0, 3.5, 0.10264203005313531], [5.0, 5.5, 0.28122837867662037], [5.5, 6.0, 0.25747382895551413], [6.0, 6.5, 0.35], [6.5, 7.0, 0.29538578335870924], [7.0, 7.5, 0.288921844080538], [8.0, 8.5, 0.29986449086043065], [9.0, 9.5, 0.2829441770912687]], ""V5"": [[0.0, 0.5, 0.3047745150421019], [0.5, 1.0, 0.9196949844004033], [1.5, 2.0, 0.42220907337462915], [2.5, 3.0, 0.07926909314311124], [3.0, 3.5, 0.07301273772802994], [5.0, 5.5, 0.030094470827304542], [5.5, 6.0, 0.10271114861127703], [6.0, 6.5, 0.35], [6.5, 7.0, 0.7704270299445886], [7.0, 7.5, 0.3178238620524869], [8.0, 8.5, 0.8249726012234861], [9.0, 9.5, 0.2727028742383816]], ""V6"": [[0.0, 0.5, 0.06623001989538731], [0.5, 1.0, 0.10321761665568481], [1.5, 2.0, 1.0], [2.5, 3.0, 0.20676639210730957], [3.0, 3.5, 0.053349933039040065], [5.0, 5.5, 0.1214874274506142], [5.5, 6.0, 0.08338337050853975], [6.0, 6.5, 0.08052991110582308], [6.5, 7.0, 0.856060904244937], [7.0, 7.5, 0.11542852646116633], [8.0, 8.5, 0.20596743847598045], [9.0, 9.5, 0.30064064854042755]], ""aVF"": [[0.5, 1.0, 0.35], [1.5, 2.0, 0.0689985412648386], [3.0, 3.5, 0.029464711861823815], [6.5, 7.0, 0.34796583460406827], [8.0, 8.5, 0.29984073351402546]], ""aVR"": [[0.0, 0.5, 0.05750554554231847], [0.5, 1.0, 0.922916608913697], [1.5, 2.0, 0.05629546710337988], [2.5, 3.0, 0.04726791446181729], [3.0, 3.5, 0.8181405672962709], [5.0, 5.5, 0.02380196657988399], [5.5, 6.0, 0.24676919236181608], [6.0, 6.5, 0.1205966448567912], [6.5, 7.0, 0.17722871670020604], [7.0, 7.5, 0.12802500094882815], [8.0, 8.5, 1.0], [9.0, 9.5, 0.05087845691534186]]}, ""lead_scores"": {""V3"": 0.16690101518668898, ""V4"": 0.08992923441520959, ""V5"": 0.1408544598728076, ""V6"": 0.21809230502712246, ""aVF"": 0.07180049430006089, ""aVR"": 0.3124224911981105}, ""top5_leads"": [""V5"", ""V3"", ""aVR"", ""V6"", ""V4""]}"
339,premature ventricular contractions,premature ventricular contractions,[],"{""mat_path"": ""C:\\Users\\nares\\Documents\\cvd-early-detection-ecg-uhull\\data\\china-12lead-ecg-challenge-database\\Training_2\\Q3281.mat"", ""target_label"": ""premature ventricular contractions"", ""method_label"": ""LIME+TimeSHAP"", ""page_seconds"": 10.0, ""perlead_spans"": {""V3"": [[0.0, 0.5, 0.21485133095726297], [0.5, 1.0, 0.19732542067344488], [1.5, 2.0, 0.030779502062767066], [2.5, 3.0, 0.04942208342875306], [3.5, 4.0, 0.2450446577945707], [5.0, 5.5, 0.23395257506726325], [6.0, 6.5, 0.032063949435911204], [7.5, 8.0, 0.16767720303103378], [8.0, 8.5, 0.7702837439083373], [8.5, 9.0, 0.8395726688244505], [9.0, 9.5, 1.0], [9.5, 10.0, 0.8919769339709039]], ""V4"": [[0.0, 0.5, 0.19193499755813984], [0.5, 1.0, 0.2074929223240559], [1.5, 2.0, 0.0831608942600172], [2.5, 3.0, 0.09566851190313871], [3.0, 3.5, 0.11833320731516853], [3.5, 4.0, 0.21560974302210564], [5.0, 5.5, 0.023692171994342818], [6.0, 6.5, 0.042934225800174024], [7.5, 8.0, 0.28394456538727164], [8.0, 8.5, 1.0], [8.5, 9.0, 0.7498916414192224], [9.0, 9.5, 0.5572778413337808], [9.5, 10.0, 0.737308703713749]], ""V5"": [[0.0, 0.5, 0.3240194665731571], [0.5, 1.0, 0.2728459282264502], [1.5, 2.0, 0.061637439295209324], [2.5, 3.0, 0.037622268796158154], [3.0, 3.5, 0.08244517223870848], [3.5, 4.0, 0.32876929708039815], [5.0, 5.5, 0.1373703457470332], [6.0, 6.5, 0.05137973410940311], [7.5, 8.0, 0.2590441975790617], [8.0, 8.5, 0.8215865369579004], [8.5, 9.0, 0.8396434290587287], [9.0, 9.5, 0.8849167870361974], [9.5, 10.0, 1.0]], ""V6"": [[0.0, 0.5, 0.1349322635755231], [0.5, 1.0, 0.1798880207597963], [1.5, 2.0, 0.22817659357674674], [2.5, 3.0, 0.33500580060053275], [3.0, 3.5, 0.25873463958621595], [3.5, 4.0, 0.11134441712789088], [5.0, 5.5, 0.25012763086060674], [6.0, 6.5, 0.10604339772823539], [8.0, 8.5, 0.35], [8.5, 9.0, 0.2673335298242641], [9.0, 9.5, 0.25379854031946836], [9.5, 10.0, 0.27843038455746005]], ""aVF"": [[0.0, 0.5, 0.0681975538907371], [1.5, 2.0, 0.1928485999662152], [2.5, 3.0, 0.35], [3.0, 3.5, 0.19022612487715906], [3.5, 4.0, 0.03846230409209895], [5.0, 5.5, 0.3187137288829109], [6.0, 6.5, 0.28750674910586255], [7.5, 8.0, 0.2493025946283273], [8.0, 8.5, 0.09371814998833451], [8.5, 9.0, 0.28520628356936173], [9.0, 9.5, 0.7090549599365081], [9.5, 10.0, 0.5359694551996521]], ""aVR"": [[7.5, 8.0, 0.3311493430364812], [8.0, 8.5, 0.17333289689973172], [8.5, 9.0, 0.2250151698679062], [9.0, 9.5, 0.35], [9.5, 10.0, 0.23571257501282653]]}, ""lead_scores"": {""V3"": 0.20461540870869427, ""V4"": 0.19111277080788594, ""V5"": 0.17961360245903818, ""V6"": 0.10707242074150927, ""aVF"": 0.23119243824085908, ""aVR"": 0.08639335904201323}, ""top5_leads"": [""V5"", ""V3"", ""V4"", ""aVF"", ""V6""]}"
2221,prolonged pr interval,prolonged pr interval,[],"{""mat_path"": ""C:\\Users\\nares\\Documents\\cvd-early-detection-ecg-uhull\\data\\ptbxl-electrocardiography-database\\WFDB\\HR01138.mat"", ""target_label"": ""prolonged pr interval"", ""method_label"": ""LIME+TimeSHAP"", ""page_seconds"": 10.0, ""perlead_spans"": {""I"": [[0.0, 0.5, 0.20946909010800727], [0.5, 1.0, 0.3279793196603966], [1.5, 2.0, 0.19407183811837114], [3.0, 3.5, 0.1782411298167037], [4.5, 5.0, 0.34842742034861707], [5.0, 5.5, 0.17239786229508572], [5.5, 6.0, 0.14217630606735426], [6.0, 6.5, 0.20267914471913914], [6.5, 7.0, 0.29283211779089746], [8.0, 8.5, 0.2733443275751265], [8.5, 9.0, 0.35], [9.5, 10.0, 0.3452754258265931]], ""II"": [[1.0, 1.5, 0.34351871949673607], [2.0, 2.5, 0.35], [4.5, 5.0, 0.3492224468584471], [6.0, 6.5, 0.2995029222150805], [9.0, 9.5, 0.23380801517209993]], ""III"": [[0.0, 0.5, 0.023797374122793265], [0.5, 1.0, 0.040513025564173424], [1.0, 1.5, 0.35], [1.5, 2.0, 0.23602568959151457], [2.0, 2.5, 0.29822759681894084], [3.0, 3.5, 0.0587674121577478], [4.5, 5.0, 0.871105566042476], [5.0, 5.5, 0.1423344273288571], [5.5, 6.0, 0.21152147496789359], [6.0, 6.5, 0.9197146809910802], [6.5, 7.0, 0.2571671157615341], [8.0, 8.5, 0.18033110055011187], [8.5, 9.0, 0.22130386178926817], [9.0, 9.5, 0.2370192335109146], [9.5, 10.0, 0.2169305938866361]], ""V1"": [[0.0, 0.5, 0.07144007292980478], [0.5, 1.0, 0.17989225080628912], [1.5, 2.0, 0.20728073494158877], [4.5, 5.0, 0.35], [5.0, 5.5, 0.15407960676933266], [5.5, 6.0, 0.1402994441897359], [6.0, 6.5, 0.19957067086159908], [6.5, 7.0, 0.2172138811664456], [8.0, 8.5, 0.21344450244888918], [8.5, 9.0, 0.2318391805199623], [9.5, 10.0, 0.3197869519662748]], ""V3"": [[1.0, 1.5, 0.35], [2.0, 2.5, 0.21272717358817156], [4.5, 5.0, 0.20581774382536688], [6.0, 6.5, 0.024781143283650938], [9.0, 9.5, 0.15135117128515735]], ""V4"": [[0.0, 0.5, 0.023534543855879674], [0.5, 1.0, 0.12045895269771165], [1.0, 1.5, 0.11693603627601584], [1.5, 2.0, 0.21215929981154108], [2.0, 2.5, 0.2869538251965719], [3.0, 3.5, 0.04983619361809], [4.5, 5.0, 0.7563313529640924], [5.0, 5.5, 0.2132016754472848], [5.5, 6.0, 0.22272066522014491], [6.0, 6.5, 1.0], [6.5, 7.0, 0.2442540424886854], [8.0, 8.5, 0.19287175351578004], [8.5, 9.0, 0.2074686768950912], [9.0, 9.5, 0.24078922422026489], [9.5, 10.0, 0.21563302347450405]], ""V5"": [[0.0, 0.5, 0.0872206677905969], [0.5, 1.0, 0.07052703695428447], [1.5, 2.0, 0.1886335445780522], [4.5, 5.0, 0.16912272505687356], [5.0, 5.5, 0.03458134233493121], [5.5, 6.0, 0.2101722118405373], [6.0, 6.5, 0.35], [6.5, 7.0, 0.3114812181778789], [8.0, 8.5, 0.1306752552540353], [8.5, 9.0, 0.26725752559311017], [9.5, 10.0, 0.07671280027895136]], ""aVL"": [[1.0, 1.5, 0.35], [2.0, 2.5, 0.21746803455844896], [4.5, 5.0, 0.24830440820622696], [6.0, 6.5, 0.17700345874786488], [9.0, 9.5, 0.23978821900002995]]}, ""lead_scores"": {""I"": 0.10345601645874081, ""II"": 0.11084360871983927, ""III"": 0.23842575855708012, ""V1"": 0.0904274478308777, ""V3"": 0.09315182891580927, ""V4"": 0.17103222101099902, ""V5"": 0.09698287821171439, ""aVL"": 0.09568024029493943}, ""top5_leads"": [""III"", ""V4"", ""I"", ""V1"", ""V5""]}"
2417,prolonged pr interval,prolonged pr interval,[],"{""mat_path"": ""C:\\Users\\nares\\Documents\\cvd-early-detection-ecg-uhull\\data\\ptbxl-electrocardiography-database\\WFDB\\HR02976.mat"", ""target_label"": ""prolonged pr interval"", ""method_label"": ""LIME+TimeSHAP"", ""page_seconds"": 10.0, ""perlead_spans"": {""I"": [[0.0, 0.5, 0.30773077680440525], [0.5, 1.0, 0.19688528673335193], [1.5, 2.0, 0.21887709192392532], [3.0, 3.5, 0.19777090986237078], [4.5, 5.0, 0.2936175017171416], [5.0, 5.5, 0.2766451711398304], [5.5, 6.0, 0.23818470583546852], [6.0, 6.5, 0.2555045905701379], [6.5, 7.0, 0.33896845792475516], [8.0, 8.5, 0.2798922508269238], [8.5, 9.0, 0.19031648444257945], [9.5, 10.0, 0.35]], ""II"": [[4.0, 4.5, 0.2761154814854135], [7.0, 7.5, 0.32992900169211825], [7.5, 8.0, 0.35], [9.0, 9.5, 0.18777649999720616], [9.5, 10.0, 0.293611965357673]], ""III"": [[0.0, 0.5, 0.1125098601069385], [0.5, 1.0, 0.31535433508109006], [1.5, 2.0, 0.24845091383898257], [3.0, 3.5, 0.0210060462175747], [4.0, 4.5, 0.19733765845993181], [4.5, 5.0, 0.07573291420735903], [5.0, 5.5, 0.13138259458896695], [5.5, 6.0, 0.15993221742457026], [6.0, 6.5, 0.35], [6.5, 7.0, 0.25658728898516847], [7.0, 7.5, 0.35], [7.5, 8.0, 0.24547567838074996], [8.0, 8.5, 0.3103618774577651], [8.5, 9.0, 0.32101375739073745], [9.0, 9.5, 0.2134327334319734], [9.5, 10.0, 0.581311491013493]], ""V1"": [[0.0, 0.5, 0.24902037273827016], [0.5, 1.0, 0.21401560226967176], [1.5, 2.0, 0.14023982277934555], [3.0, 3.5, 0.06065738993051927], [4.5, 5.0, 0.11651146556538404], [5.0, 5.5, 0.1128215545098297], [5.5, 6.0, 0.18739070747719908], [6.0, 6.5, 0.3124796519228515], [6.5, 7.0, 0.35], [8.0, 8.5, 0.29687363004817136], [8.5, 9.0, 0.25991697687529264], [9.5, 10.0, 0.24371889715463688]], ""V3"": [[4.0, 4.5, 0.05204193729873752], [7.0, 7.5, 0.35], [7.5, 8.0, 0.06880617605347271], [9.0, 9.5, 0.2243823872703364], [9.5, 10.0, 0.19021126017372808]], ""V4"": [[0.0, 0.5, 0.12897366194612916], [0.5, 1.0, 0.2041844643974134], [1.5, 2.0, 0.22804223795528197], [3.0, 3.5, 0.0717405271809302], [4.5, 5.0, 0.05382932115162557], [5.0, 5.5, 0.11368976738953143], [5.5, 6.0, 0.1476212128103644], [6.0, 6.5, 0.2915667047121805], [6.5, 7.0, 0.2098710450605905], [8.0, 8.5, 0.2605391658684179], [8.5, 9.0, 0.35], [9.5, 10.0, 0.20879508756937273]], ""V5"": [[4.0, 4.5, 0.35], [7.0, 7.5, 0.033148455734114984], [7.5, 8.0, 0.20228527593393064], [9.0, 9.5, 0.06344767620357088], [9.5, 10.0, 0.12296170480788876]], ""aVF"": [[0.0, 0.5, 0.053101120346169546], [0.5, 1.0, 0.09984807484071395], [1.5, 2.0, 0.02397183325605322], [3.0, 3.5, 0.04211743849824161], [4.5, 5.0, 0.05963266616726591], [5.0, 5.5, 0.03777382454284816], [5.5, 6.0, 0.1335884299935738], [6.0, 6.5, 0.30444016767346266], [6.5, 7.0, 0.35], [8.0, 8.5, 0.24928526669122847], [8.5, 9.0, 0.22929075284209943], [9.5, 10.0, 0.059795996238165165]], ""aVL"": [[4.0, 4.5, 0.10823624093029048], [7.0, 7.5, 0.25033492649612776], [7.5, 8.0, 0.22059677430945646], [9.0, 9.5, 0.35], [9.5, 10.0, 0.3499644278148138]]}, ""lead_scores"": {""I"": 0.12461398421557564, ""II"": 0.09542105154096599, ""III"": 0.1996856531066467, ""V1"": 0.11139488226738223, ""V3"": 0.09731831144381853, ""V4"": 0.09639156035954523, ""V5"": 0.09233807206854451, ""aVF"": 0.06729662500534042, ""aVL"": 0.11553985999218079}, ""top5_leads"": [""III"", ""I"", ""V1"", ""V4"", ""aVF""]}"
1143,prolonged qt interval,prolonged qt interval,[],"{""mat_path"": ""C:\\Users\\nares\\Documents\\cvd-early-detection-ecg-uhull\\data\\georgia-12lead-ecg-challenge-database\\Georgia\\E01189.mat"", ""target_label"": ""prolonged qt interval"", ""method_label"": ""LIME+TimeSHAP"", ""page_seconds"": 10.0, ""perlead_spans"": {""II"": [[0.0, 0.5, 0.10046920652219818], [0.5, 1.0, 0.11064932010112297], [1.5, 2.0, 0.2081064296480093], [2.0, 2.5, 0.47984725620584195], [2.5, 3.0, 0.6406359160167745], [3.0, 3.5, 0.20479721134061696], [4.5, 5.0, 0.06699761644591642], [5.0, 5.5, 1.0], [5.5, 6.0, 0.8724395315915214], [6.0, 6.5, 0.7229795996648993], [6.5, 7.0, 0.2163697603231287], [8.0, 8.5, 0.13325439431803435]], ""V2"": [[0.5, 1.0, 0.041024987051757826], [1.5, 2.0, 0.13242104358293386], [2.0, 2.5, 0.5611024974153398], [2.5, 3.0, 0.7063269385227346], [3.0, 3.5, 0.12310422613728614], [4.5, 5.0, 0.04233276175782621], [5.0, 5.5, 1.0], [5.5, 6.0, 0.6558512155384704], [6.0, 6.5, 0.61400772371772], [6.5, 7.0, 0.2071256919996265], [8.0, 8.5, 0.062479372234708876]], ""V3"": [[0.0, 0.5, 0.35], [0.5, 1.0, 0.19553892411154333], [1.5, 2.0, 0.18937833699817438], [2.0, 2.5, 0.06395325796592573], [2.5, 3.0, 0.1088700284049484], [3.0, 3.5, 0.12702924484832223], [4.5, 5.0, 0.15937971204264825], [5.5, 6.0, 0.032133050498982206], [6.0, 6.5, 0.17905065354711894], [6.5, 7.0, 0.16328117836791115], [8.0, 8.5, 0.28755336864023706]], ""V5"": [[2.0, 2.5, 0.1320383885502432], [2.5, 3.0, 0.16179623810135915], [5.0, 5.5, 0.2676133373023658], [5.5, 6.0, 0.24442427153594792], [6.0, 6.5, 0.35]], ""aVF"": [[0.5, 1.0, 0.05178258841083476], [1.5, 2.0, 0.1657820801650052], [2.0, 2.5, 0.31858143014636536], [2.5, 3.0, 0.7672564706420328], [3.0, 3.5, 0.13429197792101571], [4.5, 5.0, 0.12622824215988412], [5.0, 5.5, 1.0], [5.5, 6.0, 0.6952212528111339], [6.0, 6.5, 0.826355539146156], [6.5, 7.0, 0.272594826386425], [8.0, 8.5, 0.046297709329925815]], ""aVL"": [[0.0, 0.5, 0.35], [0.5, 1.0, 0.24075648017074688], [1.5, 2.0, 0.06416428127301323], [2.0, 2.5, 0.3159476682772389], [2.5, 3.0, 0.7087814778551942], [3.0, 3.5, 0.042557509644191374], [4.5, 5.0, 0.05622845609164055], [5.0, 5.5, 0.7056576003010372], [5.5, 6.0, 0.6248515650686556], [6.0, 6.5, 0.6776649771001888], [8.0, 8.5, 0.20437030338394968]]}, ""lead_scores"": {""II"": 0.21934127498971745, ""V2"": 0.1977336714269281, ""V3"": 0.07480446930343143, ""V5"": 0.08178331892589186, ""aVF"": 0.25957816841234305, ""aVL"": 0.16675909694168817}, ""top5_leads"": [""II"", ""aVF"", ""V2"", ""aVL"", ""V3""]}"
1436,prolonged qt interval,prolonged qt interval,[],"{""mat_path"": ""C:\\Users\\nares\\Documents\\cvd-early-detection-ecg-uhull\\data\\georgia-12lead-ecg-challenge-database\\Georgia\\E03945.mat"", ""target_label"": ""prolonged qt interval"", ""method_label"": ""LIME+TimeSHAP"", ""page_seconds"": 10.0, ""perlead_spans"": {""I"": [[6.0, 6.5, 0.20035178583667046], [7.5, 8.0, 0.35], [8.0, 8.5, 0.33149831572677413], [9.0, 9.5, 0.2075841502799089], [9.5, 10.0, 0.2721974493102155]], ""II"": [[0.0, 0.5, 0.1944309648232359], [0.5, 1.0, 0.2222389522962733], [1.5, 2.0, 0.1990875514520439], [3.0, 3.5, 0.1465351585938339], [4.5, 5.0, 0.1788074512492641], [5.0, 5.5, 0.26738947854660744], [5.5, 6.0, 0.2561230052112229], [6.0, 6.5, 0.32262311140614186], [6.5, 7.0, 0.35], [8.0, 8.5, 0.0982718694908862], [8.5, 9.0, 0.11346894787888771], [9.5, 10.0, 0.10162551916394313]], ""V3"": [[0.0, 0.5, 0.3472155380237035], [0.5, 1.0, 0.3089145077515112], [1.5, 2.0, 0.07775242565336016], [3.0, 3.5, 0.10694978670539602], [4.5, 5.0, 0.07130248520240197], [5.0, 5.5, 0.02264860714077516], [5.5, 6.0, 0.18906169146387367], [6.0, 6.5, 0.9506538819761239], [6.5, 7.0, 0.07323887637213491], [7.5, 8.0, 0.0949689206375366], [8.0, 8.5, 0.531740736700685], [8.5, 9.0, 0.35], [9.0, 9.5, 0.1675480124613016], [9.5, 10.0, 0.6451811978826871]], ""V4"": [[6.0, 6.5, 0.33682069619960187], [7.5, 8.0, 0.15981430275206873], [8.0, 8.5, 0.0468638019365502], [9.0, 9.5, 0.35], [9.5, 10.0, 0.2703684094801648]], ""V5"": [[0.0, 0.5, 0.18955534312174374], [0.5, 1.0, 0.1693502583853354], [3.0, 3.5, 0.03412719866695611], [4.5, 5.0, 0.02371853372071203], [5.0, 5.5, 0.23473907588379003], [5.5, 6.0, 0.3068544551923586], [6.0, 6.5, 1.0], [6.5, 7.0, 0.28126441861919754], [8.0, 8.5, 0.0633331456770718], [8.5, 9.0, 0.15534534087731433], [9.0, 9.5, 0.21929857950467768], [9.5, 10.0, 0.4414382667629168]], ""aVF"": [[0.0, 0.5, 0.13883794066260982], [0.5, 1.0, 0.18417799408369007], [1.5, 2.0, 0.12675320313085875], [3.0, 3.5, 0.13400344764207262], [4.5, 5.0, 0.10696024466777537], [5.0, 5.5, 0.20403361826339525], [5.5, 6.0, 0.21159934318508053], [6.0, 6.5, 0.8333456019951543], [6.5, 7.0, 0.35], [7.5, 8.0, 0.07391562606548191], [8.0, 8.5, 0.1739681677799964], [8.5, 9.0, 0.11505825911733185], [9.0, 9.5, 0.20035932062348008], [9.5, 10.0, 0.3209693530638649]], ""aVR"": [[0.0, 0.5, 0.17111662221112406], [0.5, 1.0, 0.24900147791637875], [1.5, 2.0, 0.35], [3.0, 3.5, 0.21085841415528306], [4.5, 5.0, 0.34247245948560523], [5.0, 5.5, 0.14656415955614335], [5.5, 6.0, 0.29289057468714985], [6.0, 6.5, 0.33993088150430084], [6.5, 7.0, 0.34946568562091734], [8.0, 8.5, 0.2208133874898359], [8.5, 9.0, 0.12393221910978815], [9.5, 10.0, 0.051454095885011694]]}, ""lead_scores"": {""I"": 0.08053675006836214, ""II"": 0.10267494796108242, ""V3"": 0.25662768907265887, ""V4"": 0.09860733498229145, ""V5"": 0.14757693570999159, ""aVF"": 0.222225914286707, ""aVR"": 0.09175042791890657}, ""top5_leads"": [""V3"", ""aVF"", ""V5"", ""aVR"", ""II""]}"
1706,qwave abnormal,qwave abnormal,[],"{""mat_path"": ""C:\\Users\\nares\\Documents\\cvd-early-detection-ecg-uhull\\data\\georgia-12lead-ecg-challenge-database\\Georgia\\E06745.mat"", ""target_label"": ""qwave abnormal"", ""method_label"": ""LIME+TimeSHAP"", ""page_seconds"": 10.0, ""perlead_spans"": {""V1"": [[0.0, 0.5, 0.31257658195523774], [0.5, 1.0, 0.35], [1.5, 2.0, 0.14814353043970338], [3.0, 3.5, 0.09612905331819548], [3.5, 4.0, 0.32833958985455924], [4.5, 5.0, 0.16039261487293285], [5.0, 5.5, 0.02665551978211468], [5.5, 6.0, 0.2047619926790249], [6.0, 6.5, 0.2087649813950426], [6.5, 7.0, 0.08367602171557104], [7.0, 7.5, 0.27798973924587195], [8.0, 8.5, 0.3462975600901864]], ""V3"": [[0.0, 0.5, 0.9752733587947686], [0.5, 1.0, 0.9677352085904273], [1.5, 2.0, 0.28362659620020364], [3.0, 3.5, 0.023358912897711245], [3.5, 4.0, 0.8257544062346079], [4.5, 5.0, 0.15670544156986488], [5.0, 5.5, 0.1395142700107286], [5.5, 6.0, 0.07965002438868923], [6.0, 6.5, 0.36187589430266776], [6.5, 7.0, 0.027161639213670246], [7.0, 7.5, 0.15249932269087815], [8.0, 8.5, 0.1680054346967232]], ""V6"": [[0.0, 0.5, 0.7850563620461017], [0.5, 1.0, 0.5281344639423889], [1.5, 2.0, 0.07817429591239652], [3.0, 3.5, 0.05366726778300704], [3.5, 4.0, 1.0], [5.0, 5.5, 0.06906149440556691], [5.5, 6.0, 0.06887166093515694], [6.0, 6.5, 0.10564042734089096], [7.0, 7.5, 0.3542157663712579], [8.0, 8.5, 0.09186884661493598]], ""aVF"": [[0.0, 0.5, 0.34842743400686005], [0.5, 1.0, 0.45412072943796816], [1.5, 2.0, 0.02977990837904023], [3.0, 3.5, 0.17245505032607486], [3.5, 4.0, 0.022595695714181303], [4.5, 5.0, 0.1155718356455648], [5.0, 5.5, 0.18025837666012576], [5.5, 6.0, 0.21916027122660217], [6.0, 6.5, 1.0], [6.5, 7.0, 0.26706282693436717], [7.0, 7.5, 0.2698731748979389]], ""aVL"": [[0.0, 0.5, 0.9983817985109574], [0.5, 1.0, 0.9928825957786784], [1.5, 2.0, 0.24498219583750483], [3.0, 3.5, 0.0660517870538419], [3.5, 4.0, 0.730735841331348], [4.5, 5.0, 0.2362800993821287], [5.0, 5.5, 0.0512939552124714], [5.5, 6.0, 0.13619309601812327], [6.0, 6.5, 0.3530928500913516], [6.5, 7.0, 0.09075411130977873], [7.0, 7.5, 0.057352425608022874], [8.0, 8.5, 0.26915007814988556]], ""aVR"": [[0.0, 0.5, 0.2175885569781835], [0.5, 1.0, 0.21463815662231162], [3.5, 4.0, 0.35], [6.0, 6.5, 0.052825830841182496], [7.0, 7.5, 0.1646751641555779]]}, ""lead_scores"": {""V1"": 0.07862013293168725, ""V3"": 0.3057155037003297, ""V6"": 0.17382640617673215, ""aVF"": 0.17060540553555198, ""aVL"": 0.19906763991693122, ""aVR"": 0.07216491173876773}, ""top5_leads"": [""aVL"", ""V3"", ""V6"", ""aVF"", ""V1""]}"
1881,qwave abnormal,qwave abnormal,[],"{""mat_path"": ""C:\\Users\\nares\\Documents\\cvd-early-detection-ecg-uhull\\data\\georgia-12lead-ecg-challenge-database\\Georgia\\E08605.mat"", ""target_label"": ""qwave abnormal"", ""method_label"": ""LIME+TimeSHAP"", ""page_seconds"": 10.0, ""perlead_spans"": {""I"": [[0.0, 0.5, 0.05172716898597104], [0.5, 1.0, 0.31191161560540315], [1.0, 1.5, 0.24550413695223092], [1.5, 2.0, 0.21711935025767032], [4.5, 5.0, 0.22687904149893598], [5.0, 5.5, 0.2694241177373005], [5.5, 6.0, 0.2852272881151113], [6.0, 6.5, 0.13334915079777956], [7.5, 8.0, 0.04212235741141805], [8.0, 8.5, 0.15904696687781378], [8.5, 9.0, 0.3127483092661045], [9.0, 9.5, 0.35]], ""II"": [[0.0, 0.5, 0.09026275525153468], [0.5, 1.0, 0.30511579951566087], [1.0, 1.5, 0.23640060088425274], [1.5, 2.0, 0.10135385588292911], [4.5, 5.0, 0.11659178548755862], [5.0, 5.5, 0.22054494240192035], [5.5, 6.0, 0.25578776377277623], [6.0, 6.5, 0.35], [7.5, 8.0, 0.2411414502090494], [8.0, 8.5, 0.3214727061942601], [8.5, 9.0, 0.23125269943062188], [9.0, 9.5, 0.15262156341417715]], ""III"": [[0.5, 1.0, 0.31862727551239645], [1.0, 1.5, 0.34471253544401503], [7.5, 8.0, 0.14554413691668236], [8.5, 9.0, 0.35], [9.0, 9.5, 0.26901644681872555]], ""V1"": [[0.5, 1.0, 0.27537868496939744], [1.0, 1.5, 0.35], [7.5, 8.0, 0.2545513324482616], [8.5, 9.0, 0.33458046025734806], [9.0, 9.5, 0.3404011017319783]], ""V3"": [[0.0, 0.5, 0.27221348913149146], [0.5, 1.0, 0.5265613510641565], [1.0, 1.5, 0.6022790353496796], [1.5, 2.0, 0.17047627637290752], [4.5, 5.0, 0.20486139982650411], [5.0, 5.5, 0.12231675054088537], [5.5, 6.0, 0.18424433975925475], [6.0, 6.5, 0.14964671794116682], [7.5, 8.0, 0.28790733242713124], [8.0, 8.5, 0.1231965770579816], [8.5, 9.0, 1.0], [9.0, 9.5, 0.7846339595605886]], ""V6"": [[0.5, 1.0, 0.35], [1.0, 1.5, 0.25180448380052195], [7.5, 8.0, 0.2868970840286928], [8.5, 9.0, 0.31814432904064416], [9.0, 9.5, 0.2950315885520643]], ""aVF"": [[0.0, 0.5, 0.34568821641645076], [0.5, 1.0, 0.22445221762045095], [1.0, 1.5, 0.06985937467097472], [1.5, 2.0, 0.22460340455499905], [4.5, 5.0, 0.1320294393933064], [5.0, 5.5, 0.14118797419754994], [5.5, 6.0, 0.28306886223667704], [6.0, 6.5, 0.35], [7.5, 8.0, 0.336887331726273], [8.0, 8.5, 0.25989581884683755], [8.5, 9.0, 0.2835928534501329], [9.0, 9.5, 0.10409902282521827]], ""aVL"": [[0.0, 0.5, 0.20826893152312173], [0.5, 1.0, 0.5703111052580704], [1.0, 1.5, 0.7120883053594578], [1.5, 2.0, 0.13925825076365972], [4.5, 5.0, 0.19324718599590665], [5.0, 5.5, 0.04369953721057465], [5.5, 6.0, 0.06961329020258049], [6.0, 6.5, 0.05540471837091836], [7.5, 8.0, 0.557873693326985], [8.0, 8.5, 0.19726127392232132], [8.5, 9.0, 1.0], [9.0, 9.5, 0.6994722125837715]]}, ""lead_scores"": {""I"": 0.07337231849682062, ""II"": 0.07118964948583613, ""III"": 0.09530129569915623, ""V1"": 0.07776447326804115, ""V3"": 0.26999720204043975, ""V6"": 0.07842919419637201, ""aVF"": 0.11812973794197236, ""aVL"": 0.21581612887136176}, ""top5_leads"": [""aVL"", ""V3"", ""aVF"", ""II"", ""I""]}"
2020,right axis deviation,right axis deviation,[],"{""mat_path"": ""C:\\Users\\nares\\Documents\\cvd-early-detection-ecg-uhull\\data\\georgia-12lead-ecg-challenge-database\\Georgia\\E10018.mat"", ""target_label"": ""right axis deviation"", ""method_label"": ""LIME+TimeSHAP"", ""page_seconds"": 10.0, ""perlead_spans"": {""II"": [[0.0, 0.5, 0.35], [1.5, 2.0, 0.22940383461772157], [3.5, 4.0, 0.21855951318182457], [4.0, 4.5, 0.21193125199875074], [6.0, 6.5, 0.040119512325995484]], ""III"": [[0.0, 0.5, 0.1533720161043358], [0.5, 1.0, 0.09140806356772868], [1.5, 2.0, 1.0], [2.5, 3.0, 0.1053322452219959], [3.5, 4.0, 0.13678057194480397], [4.0, 4.5, 0.6659286218332574], [5.5, 6.0, 0.1763354736073086], [6.0, 6.5, 0.6617807892622505], [7.5, 8.0, 0.24137855853535667], [8.5, 9.0, 0.05114768710251903], [9.0, 9.5, 0.06652358821258605]], ""V3"": [[0.0, 0.5, 0.15305627642091707], [0.5, 1.0, 0.09701617711240423], [1.5, 2.0, 0.24562851551426024], [2.5, 3.0, 0.07448311442950259], [4.0, 4.5, 0.24742573213401728], [5.5, 6.0, 0.1477126578920868], [6.0, 6.5, 0.33546293652585857], [7.5, 8.0, 0.35], [8.5, 9.0, 0.07660260370211389], [9.0, 9.5, 0.04152156151368551]], ""V4"": [[0.0, 0.5, 0.3596938477904175], [0.5, 1.0, 0.05317440090389534], [1.5, 2.0, 1.0], [2.5, 3.0, 0.3061881653417537], [3.5, 4.0, 0.44100824187489823], [4.0, 4.5, 0.8355722975918803], [5.5, 6.0, 0.1299075965524564], [6.0, 6.5, 0.5250948104883055], [7.5, 8.0, 0.242004097074112], [9.0, 9.5, 0.06544552276357458]], ""V5"": [[0.0, 0.5, 0.4949285041135039], [0.5, 1.0, 0.0694741801498511], [1.5, 2.0, 1.0], [2.5, 3.0, 0.11857646212360472], [3.0, 3.5, 0.03156840184786446], [3.5, 4.0, 0.40382671503037965], [4.0, 4.5, 0.8911131934238319], [5.5, 6.0, 0.03818438732759883], [6.0, 6.5, 0.6976289836774767], [7.5, 8.0, 0.2367102674001451], [8.5, 9.0, 0.07069910265452707], [9.0, 9.5, 0.09776930842249917]], ""aVF"": [[0.0, 0.5, 0.28709146378856193], [0.5, 1.0, 0.04724130557770467], [1.5, 2.0, 0.4584503956170872], [2.5, 3.0, 0.35], [3.0, 3.5, 0.16671214862495037], [3.5, 4.0, 0.4348020931763586], [4.0, 4.5, 0.15588163625249968], [6.0, 6.5, 0.14140604233676057], [7.5, 8.0, 0.06097720812567828], [8.5, 9.0, 0.11348065244415606], [9.0, 9.5, 0.20462516036548764]]}, ""lead_scores"": {""II"": 0.0747784387521911, ""III"": 0.17294091364016553, ""V3"": 0.14606095909342356, ""V4"": 0.1720080387987976, ""V5"": 0.1689157624121348, ""aVF"": 0.26529588730328735}, ""top5_leads"": [""V5"", ""V4"", ""III"", ""aVF"", ""V3""]}"
2903,right axis deviation,right axis deviation,[],"{""mat_path"": ""C:\\Users\\nares\\Documents\\cvd-early-detection-ecg-uhull\\data\\ptbxl-electrocardiography-database\\WFDB\\HR07637.mat"", ""target_label"": ""right axis deviation"", ""method_label"": ""LIME+TimeSHAP"", ""page_seconds"": 10.0, ""perlead_spans"": {""I"": [[0.0, 0.5, 0.17619737982452927], [0.5, 1.0, 0.1763687348583493], [2.5, 3.0, 0.35], [3.5, 4.0, 0.07268605810252303], [4.0, 4.5, 0.13425815554661458]], ""II"": [[0.0, 0.5, 0.5248232981815278], [0.5, 1.0, 0.7692735644932273], [1.0, 1.5, 0.257508339509636], [1.5, 2.0, 0.1427496368637389], [2.0, 2.5, 0.1650665934674468], [2.5, 3.0, 0.63062208767414], [3.5, 4.0, 0.16836837313812175], [4.0, 4.5, 0.19467968727952312], [4.5, 5.0, 0.13323750031047416], [5.5, 6.0, 0.23202480721687932], [7.0, 7.5, 0.3178523303384348], [7.5, 8.0, 0.30066045832115923], [8.0, 8.5, 0.35]], ""III"": [[0.0, 0.5, 0.27559988393180485], [0.5, 1.0, 0.5163113245453543], [1.0, 1.5, 0.35], [1.5, 2.0, 0.15858354361868432], [2.0, 2.5, 0.17691331024802054], [2.5, 3.0, 0.7927326783020534], [3.5, 4.0, 0.5382632968197464], [4.0, 4.5, 0.1528703652344266], [4.5, 5.0, 0.2323277145495695], [5.5, 6.0, 0.13201546081205548], [7.0, 7.5, 0.040136950081938426], [7.5, 8.0, 0.17139181873333656], [8.0, 8.5, 0.2582956112162759]], ""V2"": [[0.0, 0.5, 0.5006816023046826], [0.5, 1.0, 0.694139738814079], [1.0, 1.5, 0.23772235591039528], [1.5, 2.0, 0.18690646026014884], [2.0, 2.5, 0.15600345199963758], [2.5, 3.0, 0.30697988533794035], [3.5, 4.0, 0.23690381927706866], [4.0, 4.5, 0.18376758831726833], [4.5, 5.0, 0.19880419121114107], [5.5, 6.0, 0.28204439150729366], [7.0, 7.5, 0.35], [7.5, 8.0, 0.14907687215566232], [8.0, 8.5, 0.19482932409389997]], ""V3"": [[0.0, 0.5, 0.15644891707700936], [0.5, 1.0, 0.45469805705959215], [1.0, 1.5, 0.35], [1.5, 2.0, 0.2528174853559844], [2.0, 2.5, 0.20737700646604237], [2.5, 3.0, 0.5632296072886301], [3.5, 4.0, 0.5090581805564066], [4.0, 4.5, 0.31702661667660115], [4.5, 5.0, 0.3011011356066122], [5.5, 6.0, 0.04560511843378398], [7.0, 7.5, 0.18348734959867155], [7.5, 8.0, 0.166661854575313], [8.0, 8.5, 0.29017488313660095]], ""aVF"": [[0.5, 1.0, 0.09060768456528782], [1.0, 1.5, 0.038976027295036415], [1.5, 2.0, 0.041942620902145546], [2.0, 2.5, 0.04933058279681999], [2.5, 3.0, 0.08982313146483889], [3.5, 4.0, 0.11158400344378691], [5.5, 6.0, 0.35], [7.0, 7.5, 0.3354174269833314], [7.5, 8.0, 0.1821774322598426], [8.0, 8.5, 0.23927330581257503]]}, ""lead_scores"": {""I"": 0.08171006001388068, ""II"": 0.2103190405691192, ""III"": 0.16123076272336256, ""V2"": 0.2245038897391721, ""V3"": 0.21036203264894188, ""aVF"": 0.1118742143055236}, ""top5_leads"": [""II"", ""V3"", ""III"", ""V2"", ""aVF""]}"
449,right bundle branch block,right bundle branch block,[],"{""mat_path"": ""C:\\Users\\nares\\Documents\\cvd-early-detection-ecg-uhull\\data\\china-physiological-signal-challenge-in-2018\\Training_WFDB\\A0775.mat"", ""target_label"": ""right bundle branch block"", ""method_label"": ""LIME+TimeSHAP"", ""page_seconds"": 10.0, ""perlead_spans"": {""III"": [[0.0, 0.5, 0.19844401115403715], [0.5, 1.0, 0.14585763943209337], [1.0, 1.5, 0.15344482130471854], [1.5, 2.0, 0.14189804336536307], [2.5, 3.0, 0.27241963930254504], [3.5, 4.0, 0.1806011526393961], [5.0, 5.5, 0.35], [5.5, 6.0, 0.3154341754228598], [6.0, 6.5, 0.16801209051641683], [7.0, 7.5, 0.11922066866267085], [8.0, 8.5, 0.14301667631966017], [9.0, 9.5, 0.1635414697714835]], ""V1"": [[0.0, 0.5, 0.13731224050260074], [0.5, 1.0, 0.09246872575096322], [1.0, 1.5, 0.10660743734310546], [1.5, 2.0, 0.14912448362166794], [2.5, 3.0, 0.285015310066219], [3.5, 4.0, 0.12012850400917406], [5.0, 5.5, 0.35], [5.5, 6.0, 0.30960254380338526], [6.0, 6.5, 0.21055895571593247], [7.0, 7.5, 0.07696691926780803], [8.0, 8.5, 0.08051950127160266], [9.0, 9.5, 0.10863577815953267]], ""V2"": [[0.0, 0.5, 0.2212133397224526], [2.5, 3.0, 0.12334359708077089], [5.0, 5.5, 0.23225465230915326], [5.5, 6.0, 0.35], [6.0, 6.5, 0.2744763828145533]], ""V4"": [[0.0, 0.5, 0.16441309730515286], [0.5, 1.0, 0.14190877724876433], [1.0, 1.5, 0.1191079457117053], [1.5, 2.0, 0.060800279402054194], [2.5, 3.0, 0.07815960691700857], [3.5, 4.0, 0.14220076428415723], [5.0, 5.5, 0.35], [5.5, 6.0, 0.27829032114380253], [6.0, 6.5, 0.11529448672779169], [7.0, 7.5, 0.06143404374622522], [8.0, 8.5, 0.13193363655632895], [9.0, 9.5, 0.13636696591860062]], ""V5"": [[0.0, 0.5, 0.8910153595932321], [0.5, 1.0, 0.28813952892889505], [1.0, 1.5, 0.31851554977337737], [1.5, 2.0, 0.1639959148320029], [2.5, 3.0, 0.09592763466961482], [3.5, 4.0, 0.21690085616603608], [5.0, 5.5, 0.9974967649511147], [5.5, 6.0, 0.82062498787907], [6.0, 6.5, 0.9545459404742858], [7.0, 7.5, 0.20298515193316416], [8.0, 8.5, 0.32752087452434786], [9.0, 9.5, 0.3134474633806627]], ""V6"": [[0.0, 0.5, 0.46407022583657925], [0.5, 1.0, 0.1484729517228588], [1.0, 1.5, 0.15180365203860186], [1.5, 2.0, 0.13677540749400496], [2.5, 3.0, 0.6596640046037969], [3.5, 4.0, 0.18878347285223165], [5.0, 5.5, 1.0], [5.5, 6.0, 0.8458782527501579], [6.0, 6.5, 0.5756129915612194], [7.0, 7.5, 0.12739193134669813], [8.0, 8.5, 0.14617925765698794], [9.0, 9.5, 0.13161604542785957]], ""aVF"": [[0.0, 0.5, 0.35], [2.5, 3.0, 0.2388910079048444], [5.0, 5.5, 0.3036711799962348], [5.5, 6.0, 0.3393571341939849], [6.0, 6.5, 0.3452256872248729]], ""aVR"": [[0.0, 0.5, 0.07816345236487565], [2.5, 3.0, 0.35], [5.0, 5.5, 0.22631081161465919], [5.5, 6.0, 0.22482722189549625], [6.0, 6.5, 0.1482941016505286]]}, ""lead_scores"": {""III"": 0.11181190831868781, ""V1"": 0.08544933206985489, ""V2"": 0.09121669046431509, ""V4"": 0.09840818762044024, ""V5"": 0.18556997617102422, ""V6"": 0.21501421553561273, ""aVF"": 0.10794357567475528, ""aVR"": 0.10458611414530979}, ""top5_leads"": [""V5"", ""V6"", ""III"", ""V1"", ""V4""]}"
485,right bundle branch block,right bundle branch block,[],"{""mat_path"": ""C:\\Users\\nares\\Documents\\cvd-early-detection-ecg-uhull\\data\\china-physiological-signal-challenge-in-2018\\Training_WFDB\\A1161.mat"", ""target_label"": ""right bundle branch block"", ""method_label"": ""LIME+TimeSHAP"", ""page_seconds"": 10.0, ""perlead_spans"": {""III"": [[0.0, 0.5, 0.33393604767306423], [0.5, 1.0, 0.3179084243285899], [1.0, 1.5, 0.3101500297314126], [2.5, 3.0, 0.35], [3.0, 3.5, 0.2882406684836512], [5.0, 5.5, 0.31654143647699695], [5.5, 6.0, 0.26740016028093555], [6.0, 6.5, 0.20820105093826263], [7.0, 7.5, 0.21152667591124735], [7.5, 8.0, 0.28542142086946565], [8.0, 8.5, 0.2695452466539018], [9.0, 9.5, 0.3049880840703881]], ""V1"": [[0.0, 0.5, 0.12773322374587495], [0.5, 1.0, 0.13531333352525193], [1.0, 1.5, 0.15940394590454432], [2.5, 3.0, 0.35], [3.0, 3.5, 0.2298239951365113], [5.0, 5.5, 0.2845571560726631], [5.5, 6.0, 0.22297217887898987], [6.0, 6.5, 0.13216377848561492], [7.0, 7.5, 0.12993530428887665], [7.5, 8.0, 0.1455460055051559], [8.0, 8.5, 0.11142847630008856], [9.0, 9.5, 0.1113962136205211]], ""V2"": [[1.0, 1.5, 0.35], [2.5, 3.0, 0.205658190107108], [5.0, 5.5, 0.3448988711527493], [8.0, 8.5, 0.21383236981810713], [9.5, 10.0, 0.2800346821570706]], ""V4"": [[0.0, 0.5, 0.23997450229485964], [0.5, 1.0, 0.24673887816277038], [1.0, 1.5, 0.9094870764044752], [2.5, 3.0, 0.2050006533737322], [3.0, 3.5, 0.13061796788167546], [5.0, 5.5, 0.9788629439479708], [5.5, 6.0, 0.2712309125852241], [6.0, 6.5, 0.1388668517915266], [7.0, 7.5, 0.17904909649004325], [7.5, 8.0, 0.24451160627817814], [8.0, 8.5, 0.8290765497887093], [9.0, 9.5, 0.2905257475398345], [9.5, 10.0, 0.32306908879867247]], ""V5"": [[1.0, 1.5, 0.26539700300731417], [2.5, 3.0, 0.09798525083447285], [5.0, 5.5, 0.3275652393743429], [8.0, 8.5, 0.35], [9.5, 10.0, 0.28477844921760387]], ""V6"": [[0.0, 0.5, 0.25535653890350074], [0.5, 1.0, 0.2300941604760991], [1.0, 1.5, 0.18461120734333766], [2.5, 3.0, 0.35], [3.0, 3.5, 0.3060024195588245], [5.0, 5.5, 0.24821486851031613], [5.5, 6.0, 0.210179968824708], [6.0, 6.5, 0.17404308898924806], [7.0, 7.5, 0.2087078379128962], [7.5, 8.0, 0.18954878899088168], [8.0, 8.5, 0.16356103434972874], [9.0, 9.5, 0.17889071135711615]], ""aVF"": [[1.0, 1.5, 0.23853742132966607], [2.5, 3.0, 0.04212900958317019], [5.0, 5.5, 0.35], [8.0, 8.5, 0.23053857956529034], [9.5, 10.0, 0.26229087144452523]], ""aVR"": [[0.0, 0.5, 0.16648797366820958], [0.5, 1.0, 0.14488868241557223], [1.0, 1.5, 0.3912044972717], [2.5, 3.0, 1.0], [3.0, 3.5, 0.23088588919939804], [5.0, 5.5, 0.510520858205993], [5.5, 6.0, 0.1549080867373303], [6.0, 6.5, 0.11371855632746197], [7.0, 7.5, 0.13502357120205938], [7.5, 8.0, 0.12572152927801988], [8.0, 8.5, 0.281540764190565], [9.0, 9.5, 0.13362567929792607], [9.5, 10.0, 0.1324223036250715]]}, ""lead_scores"": {""III"": 0.10726468856292201, ""V1"": 0.07988067405005043, ""V2"": 0.09330059910819277, ""V4"": 0.22484585401615978, ""V5"": 0.09593652860940118, ""V6"": 0.10878783522622681, ""aVF"": 0.10648618944625085, ""aVR"": 0.18349763098079613}, ""top5_leads"": [""V4"", ""aVR"", ""III"", ""V6"", ""V1""]}"
1423,sinus arrhythmia,sinus arrhythmia,[],"{""mat_path"": ""C:\\Users\\nares\\Documents\\cvd-early-detection-ecg-uhull\\data\\georgia-12lead-ecg-challenge-database\\Georgia\\E03820.mat"", ""target_label"": ""sinus arrhythmia"", ""method_label"": ""LIME+TimeSHAP"", ""page_seconds"": 10.0, ""perlead_spans"": {""III"": [[0.0, 0.5, 0.9302343014601684], [0.5, 1.0, 0.142935236785109], [1.0, 1.5, 0.5797589047649822], [1.5, 2.0, 0.12243181905669302], [3.5, 4.0, 0.2737957620418941], [4.0, 4.5, 0.26528201964685405], [4.5, 5.0, 0.8140622317222467], [6.0, 6.5, 0.1471086709245155], [7.0, 7.5, 0.15531332232718284], [7.5, 8.0, 0.2193084522507153], [8.0, 8.5, 0.17578349714815206], [8.5, 9.0, 0.1838642022804503], [9.0, 9.5, 0.2390818109637113], [9.5, 10.0, 0.17256131390271448]], ""V1"": [[0.0, 0.5, 0.35], [0.5, 1.0, 0.24154462005855062], [1.0, 1.5, 0.24110305307815913], [1.5, 2.0, 0.1300658340347506], [3.5, 4.0, 0.21106752877227886], [4.5, 5.0, 0.25615110370490024], [7.0, 7.5, 0.12330011874498734], [8.0, 8.5, 0.2617965351402976], [8.5, 9.0, 0.3400602793766313], [9.0, 9.5, 0.2460754356580711], [9.5, 10.0, 0.28353313098507327]], ""V3"": [[0.0, 0.5, 0.6040144213135267], [0.5, 1.0, 0.21386214653970326], [1.0, 1.5, 0.6577700790905214], [1.5, 2.0, 0.19854531322032917], [3.5, 4.0, 0.09682571435892824], [4.0, 4.5, 0.27021445706202], [4.5, 5.0, 0.6472345009376796], [6.0, 6.5, 0.08138599725766273], [7.0, 7.5, 0.146841354733118], [7.5, 8.0, 0.35], [8.0, 8.5, 0.35], [8.5, 9.0, 0.2959966573760639], [9.0, 9.5, 0.25045138947381906], [9.5, 10.0, 0.2878901685381928]], ""V6"": [[0.0, 0.5, 0.22774689007412055], [1.0, 1.5, 0.14630678065806502], [4.0, 4.5, 0.30469471743989957], [4.5, 5.0, 0.35], [7.5, 8.0, 0.22092491666339856]], ""aVL"": [[0.0, 0.5, 0.42712217979767225], [0.5, 1.0, 0.16599631699163217], [1.0, 1.5, 0.6301564599816775], [1.5, 2.0, 0.1604563584503549], [3.5, 4.0, 0.029374809162690838], [4.0, 4.5, 0.18454382800155206], [4.5, 5.0, 0.7460872734829335], [7.5, 8.0, 0.35], [8.0, 8.5, 0.2765152330648423], [8.5, 9.0, 0.29432969563239236], [9.0, 9.5, 0.35], [9.5, 10.0, 0.2588229518848476]], ""aVR"": [[0.0, 0.5, 0.8497996690797107], [0.5, 1.0, 0.31269973989471783], [1.0, 1.5, 0.5046783186336665], [1.5, 2.0, 0.20567747781614767], [3.5, 4.0, 0.34224658421724585], [4.0, 4.5, 0.3164751164312382], [4.5, 5.0, 1.0], [6.0, 6.5, 0.21971008820217264], [7.0, 7.5, 0.24726078261767698], [7.5, 8.0, 0.23954643393248912], [8.0, 8.5, 0.06675181087366273], [8.5, 9.0, 0.10850471343578616], [9.5, 10.0, 0.2001269447007898]]}, ""lead_scores"": {""III"": 0.1750044238353386, ""V1"": 0.07352243638536406, ""V3"": 0.3562356467964617, ""V6"": 0.07791437867844916, ""aVL"": 0.15738635403378026, ""aVR"": 0.1599367602706062}, ""top5_leads"": [""aVR"", ""V3"", ""III"", ""aVL"", ""V1""]}"
1634,sinus arrhythmia,sinus arrhythmia,[],"{""mat_path"": ""C:\\Users\\nares\\Documents\\cvd-early-detection-ecg-uhull\\data\\georgia-12lead-ecg-challenge-database\\Georgia\\E06020.mat"", ""target_label"": ""sinus arrhythmia"", ""method_label"": ""LIME+TimeSHAP"", ""page_seconds"": 10.0, ""perlead_spans"": {""III"": [[0.0, 0.5, 0.25930981583386126], [0.5, 1.0, 0.23663262684159778], [1.0, 1.5, 0.8041329022550763], [1.5, 2.0, 0.4271283659716618], [2.0, 2.5, 0.07963815407303382], [2.5, 3.0, 0.14066214625591605], [5.0, 5.5, 0.09362345839195323], [5.5, 6.0, 0.03939666127321157], [6.0, 6.5, 0.07494415738712541], [7.0, 7.5, 0.15331378417868957], [8.0, 8.5, 1.0], [8.5, 9.0, 0.264301783721914], [9.0, 9.5, 0.6711385803836533]], ""V1"": [[0.0, 0.5, 0.3318674399305249], [0.5, 1.0, 0.2865693895191175], [1.0, 1.5, 0.8428826132654456], [1.5, 2.0, 0.8511348148848314], [2.0, 2.5, 0.2992412868825125], [2.5, 3.0, 0.07679867241540547], [5.0, 5.5, 0.0803393242571704], [5.5, 6.0, 0.06148891945913236], [6.0, 6.5, 0.028374812898005163], [7.0, 7.5, 0.26049692404481173], [8.0, 8.5, 0.9614323401992352], [8.5, 9.0, 0.34934333646327587], [9.0, 9.5, 0.986165932847141]], ""V3"": [[0.0, 0.5, 0.22722804659741558], [0.5, 1.0, 0.18500734437718672], [1.0, 1.5, 0.7194946758154103], [1.5, 2.0, 0.5313575780565046], [2.0, 2.5, 0.10262044507003346], [2.5, 3.0, 0.03192740531262682], [5.5, 6.0, 0.04810566572336877], [6.0, 6.5, 0.14172929238691095], [7.0, 7.5, 0.35], [8.0, 8.5, 0.8428081587218903], [8.5, 9.0, 0.3294597727860904], [9.0, 9.5, 0.7086646715995459]], ""aVF"": [[0.0, 0.5, 0.038563550566457036], [0.5, 1.0, 0.09498443922279629], [1.0, 1.5, 0.40370801016666275], [1.5, 2.0, 0.04219224463422811], [2.0, 2.5, 0.06544071594339713], [2.5, 3.0, 0.15938228633007595], [5.0, 5.5, 0.35], [5.5, 6.0, 0.2283781103098686], [6.0, 6.5, 0.1547339491158328], [7.0, 7.5, 0.141280240095573], [8.0, 8.5, 0.4778967147468094], [8.5, 9.0, 0.35], [9.0, 9.5, 0.18307026275993785]], ""aVL"": [[0.0, 0.5, 0.278976577625911], [0.5, 1.0, 0.21356571350081904], [1.0, 1.5, 0.7852346789478779], [1.5, 2.0, 0.40675744325996566], [2.0, 2.5, 0.09391385013804197], [2.5, 3.0, 0.046497493350158306], [5.0, 5.5, 0.13452870878315695], [5.5, 6.0, 0.05903876687832037], [6.0, 6.5, 0.038395043374523805], [7.0, 7.5, 0.1397142201188733], [8.0, 8.5, 1.0], [8.5, 9.0, 0.30945893471431185], [9.0, 9.5, 0.8265122076806766]]}, ""lead_scores"": {""III"": 0.16706389383388986, ""V1"": 0.13816394598124238, ""V3"": 0.36021315395856146, ""aVF"": 0.17726678620880829, ""aVL"": 0.15729222001749804}, ""top5_leads"": [""V1"", ""aVL"", ""III"", ""V3"", ""aVF""]}"
1393,sinus bradycardia,sinus bradycardia,[],"{""mat_path"": ""C:\\Users\\nares\\Documents\\cvd-early-detection-ecg-uhull\\data\\georgia-12lead-ecg-challenge-database\\Georgia\\E03488.mat"", ""target_label"": ""sinus bradycardia"", ""method_label"": ""LIME+TimeSHAP"", ""page_seconds"": 10.0, ""perlead_spans"": {""I"": [[0.0, 0.5, 0.7831184015257515], [0.5, 1.0, 0.558114097586813], [1.0, 1.5, 0.15582898947751853], [3.5, 4.0, 0.6121424126168822], [6.0, 6.5, 0.5314915030565417], [6.5, 7.0, 0.07444337678672666], [7.0, 7.5, 0.05635885201699153], [7.5, 8.0, 0.1015944849406912], [8.0, 8.5, 0.13087350529821457], [8.5, 9.0, 0.35], [9.0, 9.5, 0.14101389120926372], [9.5, 10.0, 0.562596927241055]], ""V1"": [[0.0, 0.5, 0.25257783881810786], [0.5, 1.0, 0.35], [1.0, 1.5, 0.2429326087985098], [3.5, 4.0, 0.21858909217975983], [6.0, 6.5, 0.19281183652710074], [6.5, 7.0, 0.15464901937579956], [7.0, 7.5, 0.049740125274980694], [7.5, 8.0, 0.17834494086411973], [8.0, 8.5, 0.19716743177117488], [8.5, 9.0, 0.24865580062041304], [9.0, 9.5, 0.2144197489243217], [9.5, 10.0, 0.3274769571013894]], ""V2"": [[0.0, 0.5, 0.8776658323053992], [0.5, 1.0, 0.8035292989784582], [1.0, 1.5, 0.16687501968684368], [3.5, 4.0, 0.6256766084230938], [6.0, 6.5, 0.6513787575034578], [6.5, 7.0, 0.24946170848601573], [7.0, 7.5, 0.18626635497840902], [7.5, 8.0, 0.2917129171518025], [8.0, 8.5, 0.25197845329940144], [8.5, 9.0, 0.35], [9.0, 9.5, 0.14692542581046655], [9.5, 10.0, 0.5722850608189691]], ""V3"": [[0.0, 0.5, 0.6325717869367175], [0.5, 1.0, 0.6404841576612788], [1.0, 1.5, 0.1828698286904218], [3.5, 4.0, 0.38914007721560306], [6.0, 6.5, 0.44865639742790153], [6.5, 7.0, 0.1837683051063288], [7.0, 7.5, 0.1732579905768496], [7.5, 8.0, 0.19060005168500607], [8.0, 8.5, 0.19194378693792558], [8.5, 9.0, 0.0733797733724841], [9.0, 9.5, 0.13406844330754075], [9.5, 10.0, 1.0]], ""V6"": [[0.0, 0.5, 0.9108775010158482], [0.5, 1.0, 0.8132789864546455], [1.0, 1.5, 0.20252324393808996], [3.5, 4.0, 0.7113729798495405], [6.0, 6.5, 0.7118647165218669], [6.5, 7.0, 0.15366235420479557], [7.0, 7.5, 0.04744986354055867], [7.5, 8.0, 0.17363538265103484], [8.0, 8.5, 0.21170151177244598], [8.5, 9.0, 0.35], [9.0, 9.5, 0.22984565381381164], [9.5, 10.0, 0.8535699832792744]], ""aVR"": [[0.0, 0.5, 0.15339939024390242], [0.5, 1.0, 0.2617496025517186], [3.5, 4.0, 0.35], [6.0, 6.5, 0.2944413587700233], [9.5, 10.0, 0.18727940362633824]]}, ""lead_scores"": {""I"": 0.1563324125097204, ""V1"": 0.08186409676053193, ""V2"": 0.14116967894891133, ""V3"": 0.31074858976909325, ""V6"": 0.2458670296545732, ""aVR"": 0.06401819235716993}, ""top5_leads"": [""V6"", ""V2"", ""V3"", ""I"", ""V1""]}"
1769,sinus bradycardia,sinus bradycardia,[],"{""mat_path"": ""C:\\Users\\nares\\Documents\\cvd-early-detection-ecg-uhull\\data\\georgia-12lead-ecg-challenge-database\\Georgia\\E07371.mat"", ""target_label"": ""sinus bradycardia"", ""method_label"": ""LIME+TimeSHAP"", ""page_seconds"": 10.0, ""perlead_spans"": {""I"": [[0.0, 0.5, 0.35], [0.5, 1.0, 0.08261240226224241], [2.0, 2.5, 0.08221705983478855], [3.5, 4.0, 0.3053872407082277], [5.5, 6.0, 0.21784523557531074], [6.0, 6.5, 0.0744896537284206], [7.0, 7.5, 0.13615941712741328], [8.5, 9.0, 0.029439495824827674], [9.0, 9.5, 0.12311171480828108], [9.5, 10.0, 0.13310566914973138]], ""III"": [[0.0, 0.5, 0.378916007253448], [0.5, 1.0, 0.7490115056363801], [1.0, 1.5, 0.16343998980732694], [2.0, 2.5, 0.16494228855391035], [2.5, 3.0, 0.16909548119294115], [5.5, 6.0, 0.34637059855602637], [6.0, 6.5, 0.17157818145448114], [7.0, 7.5, 0.1418974474326167], [8.5, 9.0, 0.10724187138473439], [9.0, 9.5, 0.8824403966156829], [9.5, 10.0, 1.0]], ""V1"": [[0.0, 0.5, 0.35], [0.5, 1.0, 0.16832013902657392], [1.0, 1.5, 0.1417116374116752], [2.0, 2.5, 0.19797019463637563], [2.5, 3.0, 0.09025815717354026], [3.5, 4.0, 0.19704600402079353], [5.5, 6.0, 0.23212949322851842], [7.0, 7.5, 0.10372948056264618], [9.0, 9.5, 0.12432207988522898], [9.5, 10.0, 0.21780194549452989]], ""V3"": [[0.0, 0.5, 0.19667037421404332], [0.5, 1.0, 0.4992775609914557], [1.0, 1.5, 0.17726153057779542], [2.0, 2.5, 0.12370971766558536], [3.5, 4.0, 0.030285979769849408], [5.5, 6.0, 0.32084397866623043], [6.0, 6.5, 0.2059703595071237], [7.0, 7.5, 0.2549596504410151], [8.5, 9.0, 0.35], [9.0, 9.5, 0.896329171826796], [9.5, 10.0, 0.9398773784025337]], ""V6"": [[0.0, 0.5, 0.7825127861604224], [0.5, 1.0, 0.38676001426751133], [1.0, 1.5, 0.2814935751911762], [2.0, 2.5, 0.1437679557420231], [2.5, 3.0, 0.032595804631118906], [3.5, 4.0, 0.27327302918450347], [5.5, 6.0, 0.7379432464978839], [6.0, 6.5, 0.1394317416173369], [7.0, 7.5, 0.09599535413850009], [8.5, 9.0, 0.02662369652707256], [9.0, 9.5, 0.6487667215881798], [9.5, 10.0, 0.7469938507883461]], ""aVF"": [[0.0, 0.5, 0.1683963977812157], [0.5, 1.0, 0.052597958841859825], [5.5, 6.0, 0.0816249377426933], [9.0, 9.5, 0.35], [9.5, 10.0, 0.3261750598331284]], ""aVR"": [[0.0, 0.5, 0.35], [5.5, 6.0, 0.32362214893557556], [9.0, 9.5, 0.22560059538889154], [9.5, 10.0, 0.24853553175242132]]}, ""lead_scores"": {""I"": 0.07529343083805894, ""III"": 0.13571886498592872, ""V1"": 0.0835854432901338, ""V3"": 0.31476904585629806, ""V6"": 0.23265779993654825, ""aVF"": 0.07825635950942315, ""aVR"": 0.07971905558360905}, ""top5_leads"": [""V6"", ""III"", ""V3"", ""V1"", ""I""]}"
2798,sinus rhythm,sinus rhythm,[],"{""mat_path"": ""C:\\Users\\nares\\Documents\\cvd-early-detection-ecg-uhull\\data\\ptbxl-electrocardiography-database\\WFDB\\HR06516.mat"", ""target_label"": ""sinus rhythm"", ""method_label"": ""LIME+TimeSHAP"", ""page_seconds"": 10.0, ""perlead_spans"": {""I"": [[0.0, 0.5, 0.22132897906833224], [0.5, 1.0, 0.20858972072601317], [1.5, 2.0, 0.28387395011054145], [2.0, 2.5, 0.28534613661016867], [3.0, 3.5, 0.035008740093972944], [4.0, 4.5, 0.16868240781653518], [4.5, 5.0, 0.9163174468586124], [5.0, 5.5, 0.2519983688990275], [5.5, 6.0, 0.24654065238104925], [6.0, 6.5, 0.29651874701182046], [6.5, 7.0, 0.24935964213477238], [7.0, 7.5, 0.29003196087223937], [7.5, 8.0, 0.35], [8.0, 8.5, 0.20845157040490045], [8.5, 9.0, 0.3079367690616184], [9.5, 10.0, 0.35]], ""III"": [[0.0, 0.5, 0.07348682128587103], [0.5, 1.0, 0.22046211690066997], [1.5, 2.0, 0.1528963321245522], [3.0, 3.5, 0.14804487784804002], [4.5, 5.0, 0.13024502640010108], [5.0, 5.5, 0.30307670922539565], [5.5, 6.0, 0.34160596354559464], [6.0, 6.5, 0.25507996503365027], [6.5, 7.0, 0.35], [8.0, 8.5, 0.23217087965550792], [8.5, 9.0, 0.10843652969541334], [9.5, 10.0, 0.12153246492063068]], ""V1"": [[0.0, 0.5, 0.1672051773036287], [0.5, 1.0, 0.21919663939091016], [1.5, 2.0, 0.22646222070042454], [3.0, 3.5, 0.07098765990087087], [4.5, 5.0, 0.25693843311945946], [5.0, 5.5, 0.24720509265550253], [5.5, 6.0, 0.26344199630104503], [6.0, 6.5, 0.3273166874755305], [6.5, 7.0, 0.35], [8.0, 8.5, 0.2390364223508724], [8.5, 9.0, 0.25002335111056095], [9.5, 10.0, 0.2542408206675071]], ""V2"": [[2.0, 2.5, 0.35], [4.0, 4.5, 0.1474846311699272], [4.5, 5.0, 0.3368509605839405], [7.0, 7.5, 0.27865645589658267], [7.5, 8.0, 0.25582576837500687]], ""V3"": [[0.0, 0.5, 0.10323192508438984], [0.5, 1.0, 0.05963954467793103], [1.5, 2.0, 0.16583531880628954], [2.0, 2.5, 0.35], [3.0, 3.5, 0.07040272844332243], [4.0, 4.5, 0.19206371617534557], [4.5, 5.0, 0.9349757577308129], [5.0, 5.5, 0.03178532797531395], [5.5, 6.0, 0.031441553057120375], [6.0, 6.5, 0.27742044102463176], [6.5, 7.0, 0.18327578110508988], [7.0, 7.5, 0.24344012697822742], [7.5, 8.0, 0.2017020945861822], [8.0, 8.5, 0.15300977127003215], [8.5, 9.0, 0.326932436300135], [9.5, 10.0, 0.2607774679588496]], ""V5"": [[0.5, 1.0, 0.21299365993722733], [1.5, 2.0, 0.14039186335980894], [3.0, 3.5, 0.24374314825289023], [4.5, 5.0, 0.06514275094879593], [5.0, 5.5, 0.14251263422918223], [5.5, 6.0, 0.35], [6.0, 6.5, 0.10962688060170768], [6.5, 7.0, 0.11803314778190444], [8.0, 8.5, 0.13775752350296883], [8.5, 9.0, 0.2926289556972096]], ""V6"": [[2.0, 2.5, 0.3304066973377679], [4.0, 4.5, 0.1664448717266764], [4.5, 5.0, 0.35], [7.0, 7.5, 0.20351854814358508], [7.5, 8.0, 0.24008703408072374]], ""aVL"": [[2.0, 2.5, 0.2992780476725239], [4.0, 4.5, 0.30537371299694294], [4.5, 5.0, 0.35], [7.0, 7.5, 0.2783639512691316], [7.5, 8.0, 0.3009730039272687]]}, ""lead_scores"": {""I"": 0.2393580550808767, ""III"": 0.09996080708202693, ""V1"": 0.12683863499676457, ""V2"": 0.0729163745965434, ""V3"": 0.21124365706193665, ""V5"": 0.0646679100012264, ""V6"": 0.08200727940454228, ""aVL"": 0.10300728177608305}, ""top5_leads"": [""I"", ""V3"", ""V1"", ""III"", ""V5""]}"
3508,sinus rhythm,sinus rhythm,[],"{""mat_path"": ""C:\\Users\\nares\\Documents\\cvd-early-detection-ecg-uhull\\data\\ptbxl-electrocardiography-database\\WFDB\\HR13818.mat"", ""target_label"": ""sinus rhythm"", ""method_label"": ""LIME+TimeSHAP"", ""page_seconds"": 10.0, ""perlead_spans"": {""I"": [[0.0, 0.5, 0.3107940446943197], [0.5, 1.0, 0.13275685491914715], [1.5, 2.0, 0.26586198178934833], [3.0, 3.5, 0.24503753069487977], [4.5, 5.0, 0.30479124174732775], [5.0, 5.5, 0.2780464981882772], [5.5, 6.0, 0.3174027581603115], [6.0, 6.5, 0.2461187652529532], [6.5, 7.0, 0.33791585206364194], [8.0, 8.5, 0.35], [8.5, 9.0, 0.20922062317972911], [9.5, 10.0, 0.18126197101786826]], ""II"": [[4.0, 4.5, 0.35], [7.5, 8.0, 0.19851771933093185], [8.5, 9.0, 0.29016163963080094], [9.0, 9.5, 0.18110106272540216], [9.5, 10.0, 0.33288907997567524]], ""III"": [[0.0, 0.5, 0.1791854798792684], [0.5, 1.0, 0.2602018774285649], [1.5, 2.0, 0.3025384876173778], [4.0, 4.5, 0.306022471890052], [4.5, 5.0, 0.17162958059733735], [5.0, 5.5, 0.35], [5.5, 6.0, 0.3274636524762815], [6.0, 6.5, 0.2062317844672097], [6.5, 7.0, 0.11098910394894679], [7.5, 8.0, 0.23128000449912983], [8.0, 8.5, 0.1500905022027204], [8.5, 9.0, 0.8101523654497655], [9.0, 9.5, 0.20935347600354218], [9.5, 10.0, 0.9007519753825732]], ""V1"": [[0.0, 0.5, 0.35], [0.5, 1.0, 0.17843675708612078], [1.5, 2.0, 0.257046527885083], [3.0, 3.5, 0.027704359726697426], [4.5, 5.0, 0.2513504918579593], [5.0, 5.5, 0.31909033964091066], [5.5, 6.0, 0.3376246497594004], [6.0, 6.5, 0.3409760818664557], [6.5, 7.0, 0.3292741390789498], [8.0, 8.5, 0.31887880548093434], [8.5, 9.0, 0.2780405436460741], [9.5, 10.0, 0.26757329062232843]], ""V3"": [[0.0, 0.5, 0.35], [0.5, 1.0, 0.242663311300461], [4.0, 4.5, 0.17389552954352716], [4.5, 5.0, 0.2730440891432916], [5.0, 5.5, 0.10548823391677355], [5.5, 6.0, 0.15111931851215155], [6.0, 6.5, 0.240112371182813], [6.5, 7.0, 0.253999726145351], [7.5, 8.0, 0.28046135091998914], [8.0, 8.5, 0.1831255782251738], [8.5, 9.0, 0.5050618225971304], [9.0, 9.5, 0.29068270495551296], [9.5, 10.0, 0.9956652328665869]], ""V5"": [[0.0, 0.5, 0.21786698233109517], [0.5, 1.0, 0.15768546571330838], [1.5, 2.0, 0.35], [3.0, 3.5, 0.07471083037427842], [4.5, 5.0, 0.2655052455402409], [5.0, 5.5, 0.2868359319057845], [5.5, 6.0, 0.08681958008399612], [6.0, 6.5, 0.020290788835644044], [6.5, 7.0, 0.21060142723775796], [8.0, 8.5, 0.0898314900033416], [8.5, 9.0, 0.2787168714764574], [9.5, 10.0, 0.028453265088129166]], ""V6"": [[4.0, 4.5, 0.22054418693330777], [7.5, 8.0, 0.2191568387505743], [8.5, 9.0, 0.26362747595687097], [9.0, 9.5, 0.2920892671235421], [9.5, 10.0, 0.35]], ""aVL"": [[4.0, 4.5, 0.24774205757391762], [7.5, 8.0, 0.32968274324225977], [8.5, 9.0, 0.320988885134946], [9.0, 9.5, 0.34628311995118427], [9.5, 10.0, 0.35]]}, ""lead_scores"": {""I"": 0.12619273714887727, ""II"": 0.05969197766090966, ""III"": 0.20815389720572136, ""V1"": 0.12205039910827042, ""V3"": 0.21820364046238983, ""V5"": 0.0675051573488309, ""V6"": 0.08926890983132386, ""aVL"": 0.10893328123367665}, ""top5_leads"": [""III"", ""V3"", ""V1"", ""I"", ""V5""]}"
1238,sinus tachycardia,sinus tachycardia,[],"{""mat_path"": ""C:\\Users\\nares\\Documents\\cvd-early-detection-ecg-uhull\\data\\georgia-12lead-ecg-challenge-database\\Georgia\\E02091.mat"", ""target_label"": ""sinus tachycardia"", ""method_label"": ""LIME+TimeSHAP"", ""page_seconds"": 10.0, ""perlead_spans"": {""II"": [[0.0, 0.5, 0.2772796984663374], [0.5, 1.0, 0.35], [1.5, 2.0, 0.8800688461884477], [2.0, 2.5, 0.35], [3.0, 3.5, 0.3017499321888315], [3.5, 4.0, 0.19541052881409568], [4.0, 4.5, 0.2220474988668392], [4.5, 5.0, 0.4332686579266911], [5.0, 5.5, 0.2546532927973237], [5.5, 6.0, 0.18859114386139395], [6.0, 6.5, 0.21905217221776424], [6.5, 7.0, 0.2392296340457273], [7.5, 8.0, 0.1618109562875433], [8.0, 8.5, 0.30491629276341814], [8.5, 9.0, 0.2255703343090607]], ""III"": [[0.0, 0.5, 0.2727527968728229], [0.5, 1.0, 0.3313734416223816], [1.5, 2.0, 0.22583704823242662], [3.0, 3.5, 0.1333699365782962], [3.5, 4.0, 0.23574941723739776], [4.5, 5.0, 0.2009687216800184], [5.0, 5.5, 0.03311983766654379], [5.5, 6.0, 0.10706039183506819], [6.0, 6.5, 0.049419670201569954], [6.5, 7.0, 0.10605555494498918], [8.0, 8.5, 0.35], [8.5, 9.0, 0.2256505160235157]], ""V2"": [[0.0, 0.5, 0.30488891786449435], [0.5, 1.0, 0.2594992458833659], [1.5, 2.0, 0.6681813700367831], [2.0, 2.5, 0.20691130580520095], [3.0, 3.5, 0.16482007142840105], [3.5, 4.0, 0.30000729469701365], [4.0, 4.5, 0.27108040075468337], [4.5, 5.0, 0.7192461990904256], [5.0, 5.5, 0.35], [5.5, 6.0, 0.292485607383903], [6.0, 6.5, 0.29621339632347266], [6.5, 7.0, 0.34918438529357276], [7.5, 8.0, 0.14993024511676983], [8.0, 8.5, 0.29121714504242846], [8.5, 9.0, 0.2704559404275686]], ""V3"": [[0.0, 0.5, 0.35], [0.5, 1.0, 0.2040348779404809], [1.5, 2.0, 0.30431700141570034], [2.0, 2.5, 0.1158694632891009], [3.0, 3.5, 0.20272438109533417], [3.5, 4.0, 0.32248338111463976], [4.0, 4.5, 0.21482073225606638], [4.5, 5.0, 0.6746849610358217], [5.0, 5.5, 0.03854194870910033], [6.0, 6.5, 0.036231197673838686], [6.5, 7.0, 0.19844787775386033], [7.5, 8.0, 0.1074834143912432], [8.0, 8.5, 0.17629824986888293], [8.5, 9.0, 0.17600672960285207]], ""V6"": [[1.5, 2.0, 0.08094120075734415], [2.0, 2.5, 0.22460035550851426], [4.0, 4.5, 0.21779017683397506], [4.5, 5.0, 0.35], [7.5, 8.0, 0.101528595574424]], ""aVF"": [[0.0, 0.5, 0.2824091037215204], [0.5, 1.0, 0.28962630572101866], [1.5, 2.0, 0.6096040942739296], [2.0, 2.5, 0.09978483278716802], [3.0, 3.5, 0.1724022601442015], [3.5, 4.0, 0.16556145292001595], [4.0, 4.5, 0.28650841207920147], [4.5, 5.0, 0.4286547219829689], [5.0, 5.5, 0.35], [5.5, 6.0, 0.23582165873192376], [6.0, 6.5, 0.31478146266062595], [6.5, 7.0, 0.3254409294800716], [7.5, 8.0, 0.12709103883252787], [8.0, 8.5, 0.23446780015014268], [8.5, 9.0, 0.30111850532411805]]}, ""lead_scores"": {""II"": 0.20060700361696587, ""III"": 0.05635751965631762, ""V2"": 0.21208291417672964, ""V3"": 0.19697591319862645, ""V6"": 0.10620952643448245, ""aVF"": 0.22776712291687795}, ""top5_leads"": [""V2"", ""II"", ""aVF"", ""V3"", ""III""]}"
1758,sinus tachycardia,sinus tachycardia,[],"{""mat_path"": ""C:\\Users\\nares\\Documents\\cvd-early-detection-ecg-uhull\\data\\georgia-12lead-ecg-challenge-database\\Georgia\\E07282.mat"", ""target_label"": ""sinus tachycardia"", ""method_label"": ""LIME+TimeSHAP"", ""page_seconds"": 10.0, ""perlead_spans"": {""II"": [[0.0, 0.5, 0.18863207894654124], [0.5, 1.0, 0.19487224232891012], [1.5, 2.0, 0.33763673707429637], [3.0, 3.5, 0.15592256221452336], [4.5, 5.0, 0.3216361845255803], [5.0, 5.5, 0.2018195741599104], [5.5, 6.0, 0.21931033200898753], [6.0, 6.5, 0.2334770320056886], [6.5, 7.0, 0.3395519246416194], [7.5, 8.0, 0.2943094926760047], [8.0, 8.5, 0.35], [8.5, 9.0, 0.254509967237306]], ""V2"": [[0.0, 0.5, 0.21495878354269016], [0.5, 1.0, 0.2532249675625251], [1.0, 1.5, 0.16968496812428588], [1.5, 2.0, 0.9636678209331538], [2.0, 2.5, 0.35], [3.0, 3.5, 0.0863989606870521], [4.0, 4.5, 0.1879758611601792], [4.5, 5.0, 0.8908690184152672], [5.0, 5.5, 0.16694386352537222], [5.5, 6.0, 0.17532645275127137], [6.0, 6.5, 0.13423783997871722], [6.5, 7.0, 0.2671385073228647], [7.5, 8.0, 0.22845899235353953], [8.0, 8.5, 0.2013934345051865], [8.5, 9.0, 0.13556179297905416]], ""V3"": [[0.0, 0.5, 0.35], [0.5, 1.0, 0.31653370272471487], [1.0, 1.5, 0.08922985729606298], [1.5, 2.0, 0.432443904536223], [2.0, 2.5, 0.12712300209185154], [3.0, 3.5, 0.1292550344263856], [4.0, 4.5, 0.35], [4.5, 5.0, 0.7028910747598907], [5.0, 5.5, 0.046924514360543415], [5.5, 6.0, 0.06325100519959377], [6.0, 6.5, 0.09435746482688623], [6.5, 7.0, 0.20078428635560583], [7.5, 8.0, 0.2176117918577354], [8.0, 8.5, 0.22450298957419637], [8.5, 9.0, 0.24477909563384354]], ""V6"": [[1.0, 1.5, 0.16596108696609935], [1.5, 2.0, 0.268021105428988], [2.0, 2.5, 0.29299362478346275], [4.0, 4.5, 0.2157696167825356], [4.5, 5.0, 0.35]], ""aVF"": [[0.0, 0.5, 0.21165840510643508], [0.5, 1.0, 0.22539607654550278], [1.0, 1.5, 0.10629393389357379], [1.5, 2.0, 0.673287390840733], [2.0, 2.5, 0.35], [3.0, 3.5, 0.14430009586046083], [4.0, 4.5, 0.024215368523665348], [4.5, 5.0, 0.49789422268304506], [5.0, 5.5, 0.26388343291426003], [5.5, 6.0, 0.21382119377206768], [6.0, 6.5, 0.21112364022287078], [6.5, 7.0, 0.28407399942853645], [7.5, 8.0, 0.24145511778782372], [8.0, 8.5, 0.1871546727350654], [8.5, 9.0, 0.15488793159530176]], ""aVL"": [[0.0, 0.5, 0.35], [0.5, 1.0, 0.2611760039141536], [1.0, 1.5, 0.1552012860022101], [1.5, 2.0, 0.42281666709731724], [2.0, 2.5, 0.35], [3.0, 3.5, 0.17522109861683774], [4.0, 4.5, 0.1063821217985732], [4.5, 5.0, 0.6006521350581445], [5.0, 5.5, 0.10379946093141103], [5.5, 6.0, 0.08886081266330942], [6.0, 6.5, 0.09548085283815962], [6.5, 7.0, 0.0958099848090602], [7.5, 8.0, 0.06617343655959923], [8.0, 8.5, 0.029444754858229148], [8.5, 9.0, 0.08423098532169658]]}, ""lead_scores"": {""II"": 0.0955699681420814, ""V2"": 0.18199854912182034, ""V3"": 0.22159212507883533, ""V6"": 0.12160682989427574, ""aVF"": 0.2167473242838741, ""aVL"": 0.1624852034791131}, ""top5_leads"": [""V2"", ""aVF"", ""V3"", ""II"", ""aVL""]}"
3643,supraventricular premature beats,supraventricular premature beats,[],"{""mat_path"": ""C:\\Users\\nares\\Documents\\cvd-early-detection-ecg-uhull\\data\\ptbxl-electrocardiography-database\\WFDB\\HR15143.mat"", ""target_label"": ""supraventricular premature beats"", ""method_label"": ""LIME+TimeSHAP"", ""page_seconds"": 10.0, ""perlead_spans"": {""I"": [[0.0, 0.5, 0.7501244272043306], [0.5, 1.0, 0.8987686592684438], [1.5, 2.0, 0.2591524748258169], [3.0, 3.5, 0.3106948292894046], [3.5, 4.0, 0.8189035723871267], [4.5, 5.0, 0.2593560486205405], [5.0, 5.5, 0.1695208823025004], [5.5, 6.0, 0.6728890790016812], [8.0, 8.5, 0.35], [8.5, 9.0, 0.2889107158147609], [9.0, 9.5, 0.7572332929625809], [9.5, 10.0, 0.28891936025880005]], ""III"": [[0.0, 0.5, 0.18597173955243357], [0.5, 1.0, 0.22032273350127674], [1.5, 2.0, 0.17792937044991256], [3.0, 3.5, 0.16573460128699877], [3.5, 4.0, 0.21415782308014314], [4.5, 5.0, 0.22807269091384483], [5.0, 5.5, 0.2559706148920876], [5.5, 6.0, 0.35], [8.0, 8.5, 0.14948345956967105], [8.5, 9.0, 0.18086151403492476], [9.0, 9.5, 0.22039808574445688], [9.5, 10.0, 0.23579474750604915]], ""V1"": [[0.0, 0.5, 0.2559584395450962], [0.5, 1.0, 0.21962015841997293], [1.5, 2.0, 0.2634313288552299], [3.0, 3.5, 0.2173322009407725], [3.5, 4.0, 0.23340065215259886], [4.5, 5.0, 0.35], [5.0, 5.5, 0.23350519754719193], [5.5, 6.0, 0.25594315399797873], [8.0, 8.5, 0.22930318934589292], [8.5, 9.0, 0.25260176890835323], [9.0, 9.5, 0.31156506477945234], [9.5, 10.0, 0.32687682491539105]], ""V3"": [[0.0, 0.5, 0.30665054452368534], [0.5, 1.0, 0.28814620100096916], [3.5, 4.0, 0.1333906313057669], [5.5, 6.0, 0.18171090314047442], [9.0, 9.5, 0.35]], ""V4"": [[0.0, 0.5, 0.30276318727634194], [0.5, 1.0, 0.35], [3.5, 4.0, 0.3325535172962227], [5.5, 6.0, 0.15281756500994034], [9.0, 9.5, 0.334155696222664]], ""aVF"": [[0.0, 0.5, 0.23357274863928615], [0.5, 1.0, 0.1980383557015277], [1.5, 2.0, 0.12499457142823514], [3.0, 3.5, 0.17573975959250965], [3.5, 4.0, 0.3364010733138313], [4.5, 5.0, 0.19532995444974904], [5.0, 5.5, 0.12830206953900122], [5.5, 6.0, 0.34043980231492804], [8.0, 8.5, 0.29894290100093285], [8.5, 9.0, 0.35], [9.0, 9.5, 0.3262854520910286], [9.5, 10.0, 0.3238899633986673]], ""aVL"": [[0.0, 0.5, 0.35], [0.5, 1.0, 0.23632869653174066], [3.5, 4.0, 0.24102719147963447], [5.5, 6.0, 0.1467099310443656], [9.0, 9.5, 0.3124095803757327]], ""aVR"": [[0.0, 0.5, 0.9114347088181899], [0.5, 1.0, 0.8733979328653255], [1.5, 2.0, 0.08169482931892057], [3.0, 3.5, 0.18858265858641865], [3.5, 4.0, 0.7496701067498173], [4.5, 5.0, 0.043029746561481626], [5.0, 5.5, 0.20591165372108644], [5.5, 6.0, 0.5779822841696585], [8.0, 8.5, 0.174200450457644], [8.5, 9.0, 0.1826187000687017], [9.0, 9.5, 0.9120225014853721], [9.5, 10.0, 0.35]]}, ""lead_scores"": {""I"": 0.20932030637734544, ""III"": 0.0893795434509141, ""V1"": 0.10395438000546209, ""V3"": 0.09404060138484137, ""V4"": 0.10176972234127392, ""aVF"": 0.08626855170458456, ""aVL"": 0.10785472934754714, ""aVR"": 0.2074121653880314}, ""top5_leads"": [""I"", ""aVR"", ""V1"", ""aVF"", ""III""]}"
4310,supraventricular premature beats,supraventricular premature beats,[],"{""mat_path"": ""C:\\Users\\nares\\Documents\\cvd-early-detection-ecg-uhull\\data\\st-petersburg-incart-12lead-arrhythmia-database\\Training_StPetersburg\\I0070.mat"", ""target_label"": ""supraventricular premature beats"", ""method_label"": ""LIME+TimeSHAP"", ""page_seconds"": 19.455252918287936, ""perlead_spans"": {""V1"": [[0.0, 0.4980544747081712, 0.16453967373795667], [0.4980544747081712, 0.9961089494163424, 0.17775408899488482], [0.9961089494163424, 1.4941634241245136, 0.17793395667762935], [3.9844357976653697, 4.482490272373541, 0.1990361572139442], [4.482490272373541, 4.980544747081712, 0.19968984883987734], [5.478599221789883, 5.976653696498055, 0.23170855612184588], [5.976653696498055, 6.474708171206226, 0.2367104913978719], [10.957198443579767, 11.455252918287938, 0.19081252332181436], [11.95330739299611, 12.45136186770428, 0.35], [15.439688715953308, 15.937743190661479, 0.20125704579535209], [18.926070038910506, 19.424124513618676, 0.10680937589086434]], ""V2"": [[0.0, 0.4980544747081712, 0.33281864850629345], [0.4980544747081712, 0.9961089494163424, 0.3473259166784674], [0.9961089494163424, 1.4941634241245136, 0.35], [11.455252918287938, 11.95330739299611, 0.05153950078658427], [12.45136186770428, 12.949416342412452, 0.05465158451702542]], ""V3"": [[0.0, 0.4980544747081712, 0.5146506223290903], [0.4980544747081712, 0.9961089494163424, 0.5734411123766009], [0.9961089494163424, 1.4941634241245136, 0.5726696418824844], [3.9844357976653697, 4.482490272373541, 0.18696731290855298], [4.482490272373541, 4.980544747081712, 0.18554052556370787], [5.478599221789883, 5.976653696498055, 0.2020666898646058], [5.976653696498055, 6.474708171206226, 0.20304777729652465], [10.957198443579767, 11.455252918287938, 0.06126604009141726], [11.455252918287938, 11.95330739299611, 0.35], [11.95330739299611, 12.45136186770428, 0.24293921012647085], [12.45136186770428, 12.949416342412452, 0.3461662714176648], [15.439688715953308, 15.937743190661479, 0.19552817958790517], [18.926070038910506, 19.424124513618676, 0.11184059450559256]], ""V5"": [[0.0, 0.4980544747081712, 0.9184210805034401], [0.4980544747081712, 0.9961089494163424, 0.9993339610593195], [0.9961089494163424, 1.4941634241245136, 0.9992806338690515], [3.9844357976653697, 4.482490272373541, 0.1777349621777799], [4.482490272373541, 4.980544747081712, 0.1781244762410562], [5.478599221789883, 5.976653696498055, 0.20180593724636195], [5.976653696498055, 6.474708171206226, 0.20570358386709384], [10.957198443579767, 11.455252918287938, 0.07955872773854812], [11.455252918287938, 11.95330739299611, 0.24695713169765532], [11.95330739299611, 12.45136186770428, 0.256798590226635], [12.45136186770428, 12.949416342412452, 0.2382314146226557], [15.439688715953308, 15.937743190661479, 0.19434615402744781], [18.926070038910506, 19.424124513618676, 0.09947629923095405]], ""V6"": [[0.0, 0.4980544747081712, 0.39778753037030595], [0.4980544747081712, 0.9961089494163424, 0.38862688147102975], [0.9961089494163424, 1.4941634241245136, 0.38762349820688957], [3.9844357976653697, 4.482490272373541, 0.20078367355854618], [4.482490272373541, 4.980544747081712, 0.206222490859728], [5.478599221789883, 5.976653696498055, 0.2430416355797412], [5.976653696498055, 6.474708171206226, 0.24080248454766415], [10.957198443579767, 11.455252918287938, 0.031087514553942274], [11.455252918287938, 11.95330739299611, 0.35], [11.95330739299611, 12.45136186770428, 0.35], [12.45136186770428, 12.949416342412452, 0.3458801044292051], [15.439688715953308, 15.937743190661479, 0.21611529898957033], [18.926070038910506, 19.424124513618676, 0.09800713300506783]], ""aVF"": [[0.0, 0.4980544747081712, 0.4287716814267238], [0.4980544747081712, 0.9961089494163424, 0.4476767368188038], [0.9961089494163424, 1.4941634241245136, 0.44859548334239163], [3.9844357976653697, 4.482490272373541, 0.18917071069635258], [4.482490272373541, 4.980544747081712, 0.191419057074845], [5.478599221789883, 5.976653696498055, 0.22790199915571996], [5.976653696498055, 6.474708171206226, 0.23283980712201321], [10.957198443579767, 11.455252918287938, 0.09846434581103493], [11.455252918287938, 11.95330739299611, 0.35], [11.95330739299611, 12.45136186770428, 0.35], [12.45136186770428, 12.949416342412452, 0.34533349900306515], [15.439688715953308, 15.937743190661479, 0.19863879989460406], [18.926070038910506, 19.424124513618676, 0.08319699071052178]]}, ""lead_scores"": {""V1"": 0.09316627043576885, ""V2"": 0.08943016851072826, ""V3"": 0.19084368032279753, ""V5"": 0.14635256803629795, ""V6"": 0.25639696926861844, ""aVF"": 0.22381034342578898}, ""top5_leads"": [""V5"", ""V3"", ""aVF"", ""V6"", ""V1""]}"
1282,t wave abnormal,t wave abnormal,[],"{""mat_path"": ""C:\\Users\\nares\\Documents\\cvd-early-detection-ecg-uhull\\data\\georgia-12lead-ecg-challenge-database\\Georgia\\E02458.mat"", ""target_label"": ""t wave abnormal"", ""method_label"": ""LIME+TimeSHAP"", ""page_seconds"": 10.0, ""perlead_spans"": {""I"": [[0.0, 0.5, 0.2200233545019901], [0.5, 1.0, 0.2481818426137692], [1.5, 2.0, 0.29342848926741033], [3.5, 4.0, 0.14524677083146417], [4.0, 4.5, 0.22019315281025967], [4.5, 5.0, 0.35], [5.0, 5.5, 0.138487547401039], [5.5, 6.0, 0.05796358283323166], [6.0, 6.5, 0.505746463797589], [6.5, 7.0, 0.07355154384276964], [8.0, 8.5, 0.18181993114587558], [8.5, 9.0, 0.3306634398574542], [9.0, 9.5, 0.4068889142653003], [9.5, 10.0, 0.8281206295966633]], ""III"": [[3.5, 4.0, 0.35], [4.0, 4.5, 0.2879766457231006], [6.0, 6.5, 0.2415093764670396], [9.0, 9.5, 0.2413195859807211], [9.5, 10.0, 0.3281078495755273]], ""V2"": [[0.0, 0.5, 0.2326890474471563], [0.5, 1.0, 0.2338342056282094], [1.5, 2.0, 0.23774988849201234], [4.5, 5.0, 0.1909335510704446], [5.0, 5.5, 0.23659951289122097], [5.5, 6.0, 0.35], [6.0, 6.5, 0.284131216530239], [6.5, 7.0, 0.08938366617960064], [8.0, 8.5, 0.32781998197492346], [8.5, 9.0, 0.29135637044545704], [9.0, 9.5, 0.09934905008231394], [9.5, 10.0, 0.31174440114493646]], ""V3"": [[0.0, 0.5, 0.14614666852301295], [0.5, 1.0, 0.2364532400113088], [1.5, 2.0, 0.11765424485327244], [3.5, 4.0, 0.2784157329803964], [4.0, 4.5, 0.35], [4.5, 5.0, 0.09253396658778879], [5.0, 5.5, 0.09465538230530575], [6.0, 6.5, 0.16608696618915034], [6.5, 7.0, 0.07908391712016667], [8.0, 8.5, 0.32390247644755976], [8.5, 9.0, 0.35], [9.0, 9.5, 0.8680707836120632], [9.5, 10.0, 0.8685502715967016]], ""V6"": [[0.0, 0.5, 0.09427452459482599], [0.5, 1.0, 0.2129067454603454], [1.5, 2.0, 0.2862699714063237], [3.5, 4.0, 0.09335342927999284], [4.0, 4.5, 0.28009399758889997], [4.5, 5.0, 0.1699419050765267], [5.0, 5.5, 0.05269511961521761], [5.5, 6.0, 0.162659910051483], [6.0, 6.5, 1.0], [6.5, 7.0, 0.02228567022001568], [8.0, 8.5, 0.08262652843666857], [8.5, 9.0, 0.1056458128651052], [9.0, 9.5, 0.30107390546733875], [9.5, 10.0, 0.6748791055533699]], ""aVF"": [[0.0, 0.5, 0.1889212772557948], [0.5, 1.0, 0.06687263513068976], [1.5, 2.0, 0.02729760204816695], [5.0, 5.5, 0.28500580860744407], [5.5, 6.0, 0.35], [6.0, 6.5, 0.3166619302373868], [6.5, 7.0, 0.28830858569942924], [8.0, 8.5, 0.2619807407139781], [8.5, 9.0, 0.22280206264107533], [9.0, 9.5, 0.22131607834583705], [9.5, 10.0, 0.1435876915730922]], ""aVL"": [[3.5, 4.0, 0.2321348347047784], [4.0, 4.5, 0.18678534288659426], [6.0, 6.5, 0.24615637513011632], [9.0, 9.5, 0.35], [9.5, 10.0, 0.0799453296153622]]}, ""lead_scores"": {""I"": 0.191762890287079, ""III"": 0.08258717342804352, ""V2"": 0.08046188171187697, ""V3"": 0.2634774427889492, ""V6"": 0.17615138387572687, ""aVF"": 0.12781941069757635, ""aVL"": 0.07773981721074813}, ""top5_leads"": [""I"", ""V3"", ""V6"", ""V2"", ""aVF""]}"
2035,t wave abnormal,t wave abnormal,[],"{""mat_path"": ""C:\\Users\\nares\\Documents\\cvd-early-detection-ecg-uhull\\data\\georgia-12lead-ecg-challenge-database\\Georgia\\E10139.mat"", ""target_label"": ""t wave abnormal"", ""method_label"": ""LIME+TimeSHAP"", ""page_seconds"": 10.0, ""perlead_spans"": {""I"": [[0.0, 0.5, 0.955309419008568], [0.5, 1.0, 0.2311713218916998], [1.5, 2.0, 0.12282148394940678], [3.5, 4.0, 0.664598266082695], [6.0, 6.5, 0.052261610462238255], [6.5, 7.0, 0.17015557807929002], [7.0, 7.5, 1.0], [7.5, 8.0, 0.8006116894443934], [8.0, 8.5, 0.32687379633209285], [8.5, 9.0, 0.9500706181829547], [9.0, 9.5, 0.24922145881125116], [9.5, 10.0, 0.15777661651147926]], ""III"": [[0.0, 0.5, 0.2470901012225481], [0.5, 1.0, 0.20273108564519354], [1.5, 2.0, 0.060621497664955865], [3.5, 4.0, 0.20216169247227478], [6.0, 6.5, 0.05318266253248111], [6.5, 7.0, 0.08129865153505104], [7.0, 7.5, 0.22262311165393586], [7.5, 8.0, 0.35], [8.0, 8.5, 0.2938130146118242], [8.5, 9.0, 0.32921695948745144], [9.0, 9.5, 0.14541946337504694], [9.5, 10.0, 0.20419874659598267]], ""V1"": [[0.0, 0.5, 0.6948393109206968], [0.5, 1.0, 0.179107248811537], [1.5, 2.0, 0.156817275911808], [3.5, 4.0, 0.634535211984572], [6.0, 6.5, 0.09200237152521967], [6.5, 7.0, 0.16212764660763718], [7.0, 7.5, 0.8133292817436526], [7.5, 8.0, 1.0], [8.0, 8.5, 0.2708280159469173], [8.5, 9.0, 0.7662856835908607], [9.0, 9.5, 0.17531185802850957], [9.5, 10.0, 0.1827173557480563]], ""V2"": [[0.0, 0.5, 0.35], [3.5, 4.0, 0.1771243706284235], [7.0, 7.5, 0.2672753702564658], [7.5, 8.0, 0.13221548374650585], [8.5, 9.0, 0.21007541227513243]], ""V3"": [[0.0, 0.5, 0.8904726752238934], [0.5, 1.0, 0.35], [1.5, 2.0, 0.34454733930826875], [3.5, 4.0, 0.20923353840988682], [6.0, 6.5, 0.08100251939421108], [6.5, 7.0, 0.09264528969726636], [7.0, 7.5, 0.3009396692682245], [7.5, 8.0, 0.7785980198908923], [8.0, 8.5, 0.23072518310344867], [8.5, 9.0, 0.737340229460081], [9.0, 9.5, 0.31736783326768914], [9.5, 10.0, 0.3432897785325403]], ""V6"": [[0.0, 0.5, 0.35], [0.5, 1.0, 0.254312034200848], [1.5, 2.0, 0.2140507965259363], [3.5, 4.0, 0.26959055654625674], [6.0, 6.5, 0.09556253562769718], [6.5, 7.0, 0.19948196593714634], [7.0, 7.5, 0.20373573613379276], [7.5, 8.0, 0.20304508934702742], [8.0, 8.5, 0.19925247405041233], [8.5, 9.0, 0.2873891854825527], [9.0, 9.5, 0.20963466796128927], [9.5, 10.0, 0.28039539642812134]], ""aVL"": [[0.0, 0.5, 0.31306981846886617], [3.5, 4.0, 0.16500822495847406], [7.0, 7.5, 0.040404571191550054], [7.5, 8.0, 0.35], [8.5, 9.0, 0.2872184601512285]]}, ""lead_scores"": {""I"": 0.21665428554521138, ""III"": 0.07712552709951481, ""V1"": 0.19347564886727128, ""V2"": 0.07221670007132755, ""V3"": 0.24791083209297982, ""V6"": 0.10451183927408791, ""aVL"": 0.08810516704960723}, ""top5_leads"": [""I"", ""V1"", ""V3"", ""V6"", ""III""]}"
1490,t wave inversion,t wave inversion,[],"{""mat_path"": ""C:\\Users\\nares\\Documents\\cvd-early-detection-ecg-uhull\\data\\georgia-12lead-ecg-challenge-database\\Georgia\\E04535.mat"", ""target_label"": ""t wave inversion"", ""method_label"": ""LIME+TimeSHAP"", ""page_seconds"": 10.0, ""perlead_spans"": {""II"": [[2.0, 2.5, 0.04037340297118212], [3.0, 3.5, 0.5094570413706132], [3.5, 4.0, 0.20829173531283457], [4.5, 5.0, 0.04310185788035856], [5.0, 5.5, 0.8200481855396513], [5.5, 6.0, 0.8476335572598604], [6.0, 6.5, 0.324717803021211], [6.5, 7.0, 0.35], [8.0, 8.5, 0.2282465832725831], [9.0, 9.5, 0.1152143885654974], [9.5, 10.0, 0.037709168315523955]], ""V3"": [[0.0, 0.5, 0.35], [2.0, 2.5, 0.038942667463524636], [3.0, 3.5, 0.11896377227527254], [3.5, 4.0, 0.7528054945856244], [4.5, 5.0, 0.1550066971865528], [5.0, 5.5, 0.19065641369795003], [5.5, 6.0, 0.24368660047587348], [6.0, 6.5, 0.13480175215233886], [6.5, 7.0, 0.055846790187714705], [8.0, 8.5, 0.09711429623187115], [9.0, 9.5, 0.19209878313885934], [9.5, 10.0, 0.6063445054366776]], ""V5"": [[0.0, 0.5, 0.2059660812162714], [2.0, 2.5, 0.05739475627062615], [3.0, 3.5, 0.24648568517958322], [3.5, 4.0, 0.21738945343739796], [5.0, 5.5, 0.7289807725193791], [5.5, 6.0, 0.9276903995166799], [6.0, 6.5, 0.35], [6.5, 7.0, 0.3423846306176497], [8.0, 8.5, 0.13196474578103853], [9.0, 9.5, 0.022679469258876712]], ""aVF"": [[2.0, 2.5, 0.036017537396243186], [3.0, 3.5, 0.30054387521654125], [3.5, 4.0, 0.11683316606385716], [5.0, 5.5, 0.7541795002217824], [5.5, 6.0, 0.8306473461134659], [6.0, 6.5, 0.35], [6.5, 7.0, 0.3387412025548356], [8.0, 8.5, 0.09368566384873078], [9.0, 9.5, 0.043314341832257096], [9.5, 10.0, 0.2694862972075778]], ""aVL"": [[0.0, 0.5, 0.35], [2.0, 2.5, 0.022093060655609058], [3.0, 3.5, 0.13345483732740882], [3.5, 4.0, 0.6269557553660365], [4.5, 5.0, 0.12489040685464038], [5.0, 5.5, 0.4285064061034495], [5.5, 6.0, 0.7329973465961034], [6.0, 6.5, 0.27304342543483434], [6.5, 7.0, 0.1861294428014195], [8.0, 8.5, 0.08182324976988946], [9.0, 9.5, 0.2145740181318512], [9.5, 10.0, 0.7168156085314515]]}, ""lead_scores"": {""II"": 0.1393470148391917, ""V3"": 0.28134003076459935, ""V5"": 0.14655505209088238, ""aVF"": 0.2325986088162384, ""aVL"": 0.20015929348908817}, ""top5_leads"": [""aVL"", ""II"", ""V5"", ""aVF"", ""V3""]}"
1664,t wave inversion,t wave inversion,[],"{""mat_path"": ""C:\\Users\\nares\\Documents\\cvd-early-detection-ecg-uhull\\data\\georgia-12lead-ecg-challenge-database\\Georgia\\E06310.mat"", ""target_label"": ""t wave inversion"", ""method_label"": ""LIME+TimeSHAP"", ""page_seconds"": 10.0, ""perlead_spans"": {""I"": [[1.0, 1.5, 0.25647766868361765], [8.0, 8.5, 0.2729878317340436], [8.5, 9.0, 0.35], [9.0, 9.5, 0.3040266111251599], [9.5, 10.0, 0.27641346549258705]], ""III"": [[0.0, 0.5, 0.050348252924586605], [0.5, 1.0, 0.2864192683954913], [1.0, 1.5, 0.8234854277488632], [1.5, 2.0, 0.19362684384688808], [3.5, 4.0, 0.16752397020679638], [4.0, 4.5, 0.09045864146689599], [4.5, 5.0, 0.35], [7.5, 8.0, 0.12110580386577222], [8.0, 8.5, 0.18454764841052734], [8.5, 9.0, 0.6476026114889987], [9.0, 9.5, 0.7630267564952958], [9.5, 10.0, 0.7168803790998743]], ""V1"": [[0.0, 0.5, 0.12682942484571377], [0.5, 1.0, 0.1838232466296184], [1.0, 1.5, 0.20693147278202073], [1.5, 2.0, 0.13262582258443617], [3.5, 4.0, 0.20840437708545653], [4.0, 4.5, 0.13984720451508753], [4.5, 5.0, 0.09162122760243228], [8.0, 8.5, 0.12960291054265322], [8.5, 9.0, 0.26877911098059326], [9.0, 9.5, 0.35], [9.5, 10.0, 0.34677805654911537]], ""V3"": [[0.0, 0.5, 0.3186947724637338], [0.5, 1.0, 0.2954159074236221], [1.0, 1.5, 0.9987251380936164], [1.5, 2.0, 0.14234370932626547], [3.5, 4.0, 0.06965370382421847], [4.0, 4.5, 0.18787791076034738], [4.5, 5.0, 0.35], [7.5, 8.0, 0.03506293336015335], [8.0, 8.5, 0.10435217023436477], [8.5, 9.0, 0.324770697657465], [9.0, 9.5, 0.5493818122962119], [9.5, 10.0, 0.5941252671463005]], ""V6"": [[0.0, 0.5, 0.3291432960871341], [0.5, 1.0, 0.23127178834454148], [1.0, 1.5, 0.983346855073608], [1.5, 2.0, 0.19970676600364173], [3.5, 4.0, 0.35], [4.0, 4.5, 0.14635945940416412], [4.5, 5.0, 0.3450032269844094], [8.0, 8.5, 0.4349762552021831], [8.5, 9.0, 0.7384993505315309], [9.0, 9.5, 0.5934687214601885], [9.5, 10.0, 0.7252556043580292]], ""aVL"": [[0.0, 0.5, 0.20606214325255284], [0.5, 1.0, 0.35], [1.0, 1.5, 0.9196063350740362], [1.5, 2.0, 0.08368465688190667], [4.0, 4.5, 0.17583549937329923], [4.5, 5.0, 0.18945506712573104], [7.5, 8.0, 0.03924052202071546], [8.0, 8.5, 0.2823637626699948], [8.5, 9.0, 0.6243559111514284], [9.0, 9.5, 0.748641030920159], [9.5, 10.0, 0.6946787348821574]]}, ""lead_scores"": {""I"": 0.08336125290604705, ""III"": 0.16125068167476822, ""V1"": 0.07329432676721802, ""V3"": 0.322994880044085, ""V6"": 0.1867527220037218, ""aVL"": 0.1723461366041599}, ""top5_leads"": [""V6"", ""III"", ""aVL"", ""V3"", ""V1""]}"
1542,ventricular premature beats,ventricular premature beats,[],"{""mat_path"": ""C:\\Users\\nares\\Documents\\cvd-early-detection-ecg-uhull\\data\\georgia-12lead-ecg-challenge-database\\Georgia\\E05063.mat"", ""target_label"": ""ventricular premature beats"", ""method_label"": ""LIME+TimeSHAP"", ""page_seconds"": 10.0, ""perlead_spans"": {""III"": [[0.0, 0.5, 0.17919686483285643], [0.5, 1.0, 0.16748330699344977], [1.0, 1.5, 0.23043234676283483], [1.5, 2.0, 0.10254549880136207], [3.5, 4.0, 0.13675340896896912], [4.0, 4.5, 0.15335915681285348], [4.5, 5.0, 0.042697018209071444], [7.0, 7.5, 0.20458426618470205], [8.0, 8.5, 0.2723115846235007], [8.5, 9.0, 0.35], [9.0, 9.5, 0.246418218734708], [9.5, 10.0, 0.21558963884676816]], ""V2"": [[1.0, 1.5, 0.18234430445792707], [1.5, 2.0, 0.06371798656393501], [4.0, 4.5, 0.022245375761131156], [8.5, 9.0, 0.35], [9.5, 10.0, 0.16179526049876114]], ""V3"": [[0.0, 0.5, 0.18789243542408854], [0.5, 1.0, 0.1634105070722438], [1.0, 1.5, 0.6301648675127489], [1.5, 2.0, 0.2653166798212567], [3.5, 4.0, 0.1111241129037792], [4.0, 4.5, 0.32799242007292245], [4.5, 5.0, 0.06982393137781401], [7.0, 7.5, 0.18264927941553838], [8.0, 8.5, 0.27540219815261513], [8.5, 9.0, 1.0], [9.0, 9.5, 0.2710344557071816], [9.5, 10.0, 0.6047485845865467]], ""V4"": [[0.0, 0.5, 0.19347313486851495], [0.5, 1.0, 0.19443595916258963], [1.0, 1.5, 0.7189415966958705], [1.5, 2.0, 0.3314013039075756], [3.5, 4.0, 0.11215276148621889], [4.0, 4.5, 0.2973294665963283], [4.5, 5.0, 0.12194785505381382], [7.0, 7.5, 0.14777382478481743], [8.0, 8.5, 0.30803948373904644], [8.5, 9.0, 1.0], [9.0, 9.5, 0.29680183802688814], [9.5, 10.0, 0.5416953143551776]], ""V5"": [[0.0, 0.5, 0.17352810668053406], [0.5, 1.0, 0.16210177641376494], [1.0, 1.5, 0.6750875449829554], [1.5, 2.0, 0.26821826507616203], [3.5, 4.0, 0.08527768441437372], [4.0, 4.5, 0.37133661860518236], [4.5, 5.0, 0.07639490060211951], [7.0, 7.5, 0.18501325589185547], [8.0, 8.5, 0.27550984120451005], [8.5, 9.0, 1.0], [9.0, 9.5, 0.27402659023977777], [9.5, 10.0, 0.5997928461319517]], ""aVF"": [[1.0, 1.5, 0.20350940841896847], [4.0, 4.5, 0.04117916297593068], [8.5, 9.0, 0.35], [9.5, 10.0, 0.19240068901279286]], ""aVL"": [[0.0, 0.5, 0.21794357252387636], [0.5, 1.0, 0.1825636125865882], [1.0, 1.5, 0.27237459781195955], [3.5, 4.0, 0.14290930384021197], [4.0, 4.5, 0.06425416350902155], [4.5, 5.0, 0.2283782162870905], [7.0, 7.5, 0.14126687729090376], [8.0, 8.5, 0.30239051062486716], [8.5, 9.0, 0.35], [9.0, 9.5, 0.27311733608742994], [9.5, 10.0, 0.24282535487348508]]}, ""lead_scores"": {""III"": 0.08805404656962937, ""V2"": 0.066889904549164, ""V3"": 0.38298625196606495, ""V4"": 0.12571310370950847, ""V5"": 0.18885000817743958, ""aVF"": 0.10198894658061892, ""aVL"": 0.04551773844757469}, ""top5_leads"": [""V4"", ""V5"", ""V3"", ""aVL"", ""III""]}"
1803,ventricular premature beats,ventricular premature beats,[],"{""mat_path"": ""C:\\Users\\nares\\Documents\\cvd-early-detection-ecg-uhull\\data\\georgia-12lead-ecg-challenge-database\\Georgia\\E07709.mat"", ""target_label"": ""ventricular premature beats"", ""method_label"": ""LIME+TimeSHAP"", ""page_seconds"": 10.0, ""perlead_spans"": {""II"": [[0.5, 1.0, 0.0874161764323009], [1.0, 1.5, 0.27124082030972635], [1.5, 2.0, 0.34843261836630357], [2.0, 2.5, 0.35], [4.5, 5.0, 0.33276566220396586], [6.5, 7.0, 0.24591481593578254], [7.0, 7.5, 0.33451096829127436], [7.5, 8.0, 0.3415381169793279], [8.0, 8.5, 0.20906863680526958], [8.5, 9.0, 0.22441559818060033], [9.0, 9.5, 0.2069241332733336], [9.5, 10.0, 0.1470757239018987]], ""III"": [[0.5, 1.0, 0.1115936414227811], [1.0, 1.5, 0.8813303415771392], [1.5, 2.0, 0.28437196328281406], [2.0, 2.5, 0.8680103043766025], [4.5, 5.0, 0.2997229320991907], [6.5, 7.0, 0.10811423529157012], [7.0, 7.5, 0.867760843843741], [7.5, 8.0, 1.0], [8.0, 8.5, 0.8527321797738504], [8.5, 9.0, 0.28382898515918586], [9.0, 9.5, 0.2831467211033266], [9.5, 10.0, 0.2470354789750212]], ""V3"": [[0.5, 1.0, 0.1363362831097313], [1.0, 1.5, 0.8976343259333691], [1.5, 2.0, 0.3074174207418038], [2.0, 2.5, 0.8656083860289985], [4.5, 5.0, 0.32378038812174165], [6.5, 7.0, 0.16706888417755789], [7.0, 7.5, 0.7349637327891007], [7.5, 8.0, 0.9893947615937094], [8.0, 8.5, 0.9712133391409256], [8.5, 9.0, 0.317392000430459], [9.0, 9.5, 0.2984585913257506], [9.5, 10.0, 0.27535296758722855]], ""V4"": [[1.0, 1.5, 0.2699177207149395], [2.0, 2.5, 0.23324350876735797], [7.0, 7.5, 0.16609218185549413], [7.5, 8.0, 0.3194274587854367], [8.0, 8.5, 0.35]], ""V5"": [[0.5, 1.0, 0.10806027364666856], [1.0, 1.5, 0.7989526607096245], [1.5, 2.0, 0.29010384870851974], [2.0, 2.5, 0.8600475426166674], [4.5, 5.0, 0.3043792669867899], [6.5, 7.0, 0.1316718462106498], [7.0, 7.5, 0.7227924845788605], [7.5, 8.0, 1.0], [8.0, 8.5, 0.8909651725944965], [8.5, 9.0, 0.28827749249641854], [9.0, 9.5, 0.27908182435359513], [9.5, 10.0, 0.24275322025241283]], ""aVF"": [[1.0, 1.5, 0.27818415089522225], [2.0, 2.5, 0.2520376812519282], [7.0, 7.5, 0.22368012638432322], [7.5, 8.0, 0.35], [8.0, 8.5, 0.28633050989904146]], ""aVL"": [[0.5, 1.0, 0.11027693841792084], [1.0, 1.5, 0.2537863132642436], [1.5, 2.0, 0.35], [2.0, 2.5, 0.2753694445454111], [4.5, 5.0, 0.24963325260155528], [6.5, 7.0, 0.1626927001260777], [7.0, 7.5, 0.15487739718680665], [7.5, 8.0, 0.3316094176621388], [8.0, 8.5, 0.22762256895965582], [8.5, 9.0, 0.2581164190191311], [9.0, 9.5, 0.23951330773649543], [9.5, 10.0, 0.19263795361067576]]}, ""lead_scores"": {""II"": 0.04914491923131082, ""III"": 0.1448675028799164, ""V3"": 0.37218364123033, ""V4"": 0.068125095430866, ""V5"": 0.22042241108140176, ""aVF"": 0.10831412299883392, ""aVL"": 0.03694230714734116}, ""top5_leads"": [""V3"", ""III"", ""V5"", ""II"", ""aVL""]}"
